[0.000000] (-) TimerEvent: {}
[0.000587] (arduino_bridge) JobQueued: {'identifier': 'arduino_bridge', 'dependencies': OrderedDict()}
[0.000635] (cspc_lidar) JobQueued: {'identifier': 'cspc_lidar', 'dependencies': OrderedDict()}
[0.000813] (arduino_bridge) JobStarted: {'identifier': 'arduino_bridge'}
[0.005672] (cspc_lidar) JobStarted: {'identifier': 'cspc_lidar'}
[0.099857] (-) TimerEvent: {}
[0.182908] (cspc_lidar) JobProgress: {'identifier': 'cspc_lidar', 'progress': 'cmake'}
[0.183247] (cspc_lidar) Command: {'cmd': ['/usr/bin/cmake', '/home/meng/mDetectRobot/turtlebot3_ws/src/cspc_lidar', '-DCMAKE_BUILD_TYPE=Release', '-DCMAKE_INSTALL_PREFIX=/home/meng/mDetectRobot/turtlebot3_ws/install/cspc_lidar'], 'cwd': '/home/meng/mDetectRobot/turtlebot3_ws/build/cspc_lidar', 'env': OrderedDict([('LESSOPEN', '| /usr/bin/lesspipe %s'), ('LANGUAGE', 'en_AU:en'), ('USER', 'meng'), ('XDG_SESSION_TYPE', 'wayland'), ('SHLVL', '1'), ('LD_LIBRARY_PATH', '/usr/lib/x86_64-linux-gnu/gazebo-11/plugins:/opt/ros/humble/opt/rviz_ogre_vendor/lib:/opt/ros/humble/lib/x86_64-linux-gnu:/opt/ros/humble/lib'), ('HOME', '/home/meng'), ('OLDPWD', '/home/meng'), ('DESKTOP_SESSION', 'ubuntu'), ('ROS_PYTHON_VERSION', '3'), ('GNOME_SHELL_SESSION_MODE', 'ubuntu'), ('GTK_MODULES', 'gail:atk-bridge'), ('SYSTEMD_EXEC_PID', '2993'), ('DBUS_SESSION_BUS_ADDRESS', 'unix:path=/run/user/1000/bus'), ('COLORTERM', 'truecolor'), ('_colcon_cd_root', '/opt/ros/humble/'), ('IM_CONFIG_PHASE', '1'), ('WAYLAND_DISPLAY', 'wayland-0'), ('COLCON_PREFIX_PATH', '/home/meng/mDetectRobot/turtlebot3_ws/install:/home/meng/mdetect_ws/install:/home/meng/ldlidar_ros2_ws/install'), ('ROS_DISTRO', 'humble'), ('LOGNAME', 'meng'), ('_', '/usr/bin/colcon'), ('ROS_VERSION', '2'), ('XDG_SESSION_CLASS', 'user'), ('USERNAME', 'meng'), ('TERM', 'xterm-256color'), ('GNOME_DESKTOP_SESSION_ID', 'this-is-deprecated'), ('ROS_LOCALHOST_ONLY', '0'), ('PATH', '/home/meng/mDetectRobot/turtlebot3_ws/install/arduino_bridge/bin:/opt/ros/humble/bin:/home/meng/.local/bin:/usr/local/sbin:/usr/local/bin:/usr/sbin:/usr/bin:/sbin:/bin:/usr/games:/usr/local/games:/snap/bin:/snap/bin'), ('SESSION_MANAGER', 'local/meng-Flow-Z13-GZ301VV:@/tmp/.ICE-unix/1508,unix/meng-Flow-Z13-GZ301VV:/tmp/.ICE-unix/1508'), ('XDG_MENU_PREFIX', 'gnome-'), ('GNOME_TERMINAL_SCREEN', '/org/gnome/Terminal/screen/39e6668d_c80b_46d9_8590_87d994dc84dd'), ('GNOME_SETUP_DISPLAY', ':1'), ('XDG_RUNTIME_DIR', '/run/user/1000'), ('DISPLAY', ':0'), ('LANG', 'en_US.UTF-8'), ('XDG_CURRENT_DESKTOP', 'ubuntu:GNOME'), ('RMW_IMPLEMENTATION', 'rmw_cyclonedds_cpp'), ('XMODIFIERS', '@im=ibus'), ('XDG_SESSION_DESKTOP', 'ubuntu'), ('XAUTHORITY', '/run/user/1000/.mutter-Xwaylandauth.W3NWR3'), ('LS_COLORS', 'rs=0:di=01;34:ln=01;36:mh=00:pi=40;33:so=01;35:do=01;35:bd=40;33;01:cd=40;33;01:or=40;31;01:mi=00:su=37;41:sg=30;43:ca=30;41:tw=30;42:ow=34;42:st=37;44:ex=01;32:*.tar=01;31:*.tgz=01;31:*.arc=01;31:*.arj=01;31:*.taz=01;31:*.lha=01;31:*.lz4=01;31:*.lzh=01;31:*.lzma=01;31:*.tlz=01;31:*.txz=01;31:*.tzo=01;31:*.t7z=01;31:*.zip=01;31:*.z=01;31:*.dz=01;31:*.gz=01;31:*.lrz=01;31:*.lz=01;31:*.lzo=01;31:*.xz=01;31:*.zst=01;31:*.tzst=01;31:*.bz2=01;31:*.bz=01;31:*.tbz=01;31:*.tbz2=01;31:*.tz=01;31:*.deb=01;31:*.rpm=01;31:*.jar=01;31:*.war=01;31:*.ear=01;31:*.sar=01;31:*.rar=01;31:*.alz=01;31:*.ace=01;31:*.zoo=01;31:*.cpio=01;31:*.7z=01;31:*.rz=01;31:*.cab=01;31:*.wim=01;31:*.swm=01;31:*.dwm=01;31:*.esd=01;31:*.jpg=01;35:*.jpeg=01;35:*.mjpg=01;35:*.mjpeg=01;35:*.gif=01;35:*.bmp=01;35:*.pbm=01;35:*.pgm=01;35:*.ppm=01;35:*.tga=01;35:*.xbm=01;35:*.xpm=01;35:*.tif=01;35:*.tiff=01;35:*.png=01;35:*.svg=01;35:*.svgz=01;35:*.mng=01;35:*.pcx=01;35:*.mov=01;35:*.mpg=01;35:*.mpeg=01;35:*.m2v=01;35:*.mkv=01;35:*.webm=01;35:*.webp=01;35:*.ogm=01;35:*.mp4=01;35:*.m4v=01;35:*.mp4v=01;35:*.vob=01;35:*.qt=01;35:*.nuv=01;35:*.wmv=01;35:*.asf=01;35:*.rm=01;35:*.rmvb=01;35:*.flc=01;35:*.avi=01;35:*.fli=01;35:*.flv=01;35:*.gl=01;35:*.dl=01;35:*.xcf=01;35:*.xwd=01;35:*.yuv=01;35:*.cgm=01;35:*.emf=01;35:*.ogv=01;35:*.ogx=01;35:*.aac=00;36:*.au=00;36:*.flac=00;36:*.m4a=00;36:*.mid=00;36:*.midi=00;36:*.mka=00;36:*.mp3=00;36:*.mpc=00;36:*.ogg=00;36:*.ra=00;36:*.wav=00;36:*.oga=00;36:*.opus=00;36:*.spx=00;36:*.xspf=00;36:'), ('GNOME_TERMINAL_SERVICE', ':1.111'), ('SSH_AGENT_LAUNCHER', 'gnome-keyring'), ('SSH_AUTH_SOCK', '/run/user/1000/keyring/ssh'), ('ROS_DOMAIN_ID', '30'), ('AMENT_PREFIX_PATH', '/home/meng/mDetectRobot/turtlebot3_ws/install/cspc_lidar:/home/meng/mDetectRobot/turtlebot3_ws/install/arduino_bridge:/home/meng/mdetect_ws/install/mdetect_navigation:/home/meng/mdetect_ws/install/mdetect_description:/home/meng/ldlidar_ros2_ws/install/ldlidar_ros2:/opt/ros/humble'), ('SHELL', '/bin/bash'), ('QT_ACCESSIBILITY', '1'), ('GDMSESSION', 'ubuntu'), ('LESSCLOSE', '/usr/bin/lesspipe %s %s'), ('QT_IM_MODULE', 'ibus'), ('PWD', '/home/meng/mDetectRobot/turtlebot3_ws/build/cspc_lidar'), ('TURTLEBOT3_MODEL', 'burger_cam'), ('LC_ALL', 'en_US.UTF-8'), ('XDG_CONFIG_DIRS', '/etc/xdg/xdg-ubuntu:/etc/xdg'), ('GAZEBO_PLUGIN_PATH', '/home/meng/{your_ws}/build/turtlebot3_gazebo:/home/meng/{your_ws}/build/turtlebot3_gazebo:'), ('XDG_DATA_DIRS', '/usr/share/ubuntu:/usr/local/share/:/usr/share/:/var/lib/snapd/desktop'), ('PYTHONPATH', '/home/meng/mDetectRobot/turtlebot3_ws/install/arduino_bridge/lib/python3.10/site-packages:/home/meng/mdetect_ws/build/mdetect_navigation:/home/meng/mdetect_ws/install/mdetect_navigation/lib/python3.10/site-packages:/opt/ros/humble/lib/python3.10/site-packages:/opt/ros/humble/local/lib/python3.10/dist-packages'), ('COLCON', '1'), ('VTE_VERSION', '6800'), ('CMAKE_PREFIX_PATH', '/home/meng/mDetectRobot/turtlebot3_ws/install/cspc_lidar:/home/meng/mdetect_ws/install/mdetect_description:/home/meng/ldlidar_ros2_ws/install/ldlidar_ros2:/home/meng/mDetectRobot/turtlebot3_ws/install/arduino_bridge:/home/meng/mdetect_ws/install/mdetect_navigation:/opt/ros/humble')]), 'shell': False}
[0.199974] (-) TimerEvent: {}
[0.229170] (cspc_lidar) StdoutLine: {'line': b'-- The C compiler identification is GNU 11.4.0\n'}
[0.272552] (cspc_lidar) StdoutLine: {'line': b'-- The CXX compiler identification is GNU 11.4.0\n'}
[0.278394] (cspc_lidar) StdoutLine: {'line': b'-- Detecting C compiler ABI info\n'}
[0.300106] (-) TimerEvent: {}
[0.335741] (cspc_lidar) StdoutLine: {'line': b'-- Detecting C compiler ABI info - done\n'}
[0.344620] (cspc_lidar) StdoutLine: {'line': b'-- Check for working C compiler: /usr/bin/cc - skipped\n'}
[0.344879] (cspc_lidar) StdoutLine: {'line': b'-- Detecting C compile features\n'}
[0.345370] (cspc_lidar) StdoutLine: {'line': b'-- Detecting C compile features - done\n'}
[0.348707] (cspc_lidar) StdoutLine: {'line': b'-- Detecting CXX compiler ABI info\n'}
[0.400206] (-) TimerEvent: {}
[0.415608] (cspc_lidar) StdoutLine: {'line': b'-- Detecting CXX compiler ABI info - done\n'}
[0.422658] (cspc_lidar) StdoutLine: {'line': b'-- Check for working CXX compiler: /usr/bin/c++ - skipped\n'}
[0.422877] (cspc_lidar) StdoutLine: {'line': b'-- Detecting CXX compile features\n'}
[0.423193] (cspc_lidar) StdoutLine: {'line': b'-- Detecting CXX compile features - done\n'}
[0.425178] (cspc_lidar) StdoutLine: {'line': b'-- Found ament_cmake: 1.3.14 (/opt/ros/humble/share/ament_cmake/cmake)\n'}
[0.429100] (arduino_bridge) Command: {'cmd': ['/usr/bin/python3', '-W', 'ignore:setup.py install is deprecated', '-W', 'ignore:easy_install command is deprecated', 'setup.py', 'egg_info', '--egg-base', '../../build/arduino_bridge', 'build', '--build-base', '/home/meng/mDetectRobot/turtlebot3_ws/build/arduino_bridge/build', 'install', '--record', '/home/meng/mDetectRobot/turtlebot3_ws/build/arduino_bridge/install.log', '--single-version-externally-managed', 'install_data'], 'cwd': '/home/meng/mDetectRobot/turtlebot3_ws/src/arduino_bridge', 'env': {'LESSOPEN': '| /usr/bin/lesspipe %s', 'LANGUAGE': 'en_AU:en', 'USER': 'meng', 'XDG_SESSION_TYPE': 'wayland', 'SHLVL': '1', 'LD_LIBRARY_PATH': '/usr/lib/x86_64-linux-gnu/gazebo-11/plugins:/opt/ros/humble/opt/rviz_ogre_vendor/lib:/opt/ros/humble/lib/x86_64-linux-gnu:/opt/ros/humble/lib', 'HOME': '/home/meng', 'OLDPWD': '/home/meng', 'DESKTOP_SESSION': 'ubuntu', 'ROS_PYTHON_VERSION': '3', 'GNOME_SHELL_SESSION_MODE': 'ubuntu', 'GTK_MODULES': 'gail:atk-bridge', 'SYSTEMD_EXEC_PID': '2993', 'DBUS_SESSION_BUS_ADDRESS': 'unix:path=/run/user/1000/bus', 'COLORTERM': 'truecolor', '_colcon_cd_root': '/opt/ros/humble/', 'IM_CONFIG_PHASE': '1', 'WAYLAND_DISPLAY': 'wayland-0', 'COLCON_PREFIX_PATH': '/home/meng/mDetectRobot/turtlebot3_ws/install:/home/meng/mdetect_ws/install:/home/meng/ldlidar_ros2_ws/install', 'ROS_DISTRO': 'humble', 'LOGNAME': 'meng', '_': '/usr/bin/colcon', 'ROS_VERSION': '2', 'XDG_SESSION_CLASS': 'user', 'USERNAME': 'meng', 'TERM': 'xterm-256color', 'GNOME_DESKTOP_SESSION_ID': 'this-is-deprecated', 'ROS_LOCALHOST_ONLY': '0', 'PATH': '/home/meng/mDetectRobot/turtlebot3_ws/install/arduino_bridge/bin:/opt/ros/humble/bin:/home/meng/.local/bin:/usr/local/sbin:/usr/local/bin:/usr/sbin:/usr/bin:/sbin:/bin:/usr/games:/usr/local/games:/snap/bin:/snap/bin', 'SESSION_MANAGER': 'local/meng-Flow-Z13-GZ301VV:@/tmp/.ICE-unix/1508,unix/meng-Flow-Z13-GZ301VV:/tmp/.ICE-unix/1508', 'XDG_MENU_PREFIX': 'gnome-', 'GNOME_TERMINAL_SCREEN': '/org/gnome/Terminal/screen/39e6668d_c80b_46d9_8590_87d994dc84dd', 'GNOME_SETUP_DISPLAY': ':1', 'XDG_RUNTIME_DIR': '/run/user/1000', 'DISPLAY': ':0', 'LANG': 'en_US.UTF-8', 'XDG_CURRENT_DESKTOP': 'ubuntu:GNOME', 'RMW_IMPLEMENTATION': 'rmw_cyclonedds_cpp', 'XMODIFIERS': '@im=ibus', 'XDG_SESSION_DESKTOP': 'ubuntu', 'XAUTHORITY': '/run/user/1000/.mutter-Xwaylandauth.W3NWR3', 'LS_COLORS': 'rs=0:di=01;34:ln=01;36:mh=00:pi=40;33:so=01;35:do=01;35:bd=40;33;01:cd=40;33;01:or=40;31;01:mi=00:su=37;41:sg=30;43:ca=30;41:tw=30;42:ow=34;42:st=37;44:ex=01;32:*.tar=01;31:*.tgz=01;31:*.arc=01;31:*.arj=01;31:*.taz=01;31:*.lha=01;31:*.lz4=01;31:*.lzh=01;31:*.lzma=01;31:*.tlz=01;31:*.txz=01;31:*.tzo=01;31:*.t7z=01;31:*.zip=01;31:*.z=01;31:*.dz=01;31:*.gz=01;31:*.lrz=01;31:*.lz=01;31:*.lzo=01;31:*.xz=01;31:*.zst=01;31:*.tzst=01;31:*.bz2=01;31:*.bz=01;31:*.tbz=01;31:*.tbz2=01;31:*.tz=01;31:*.deb=01;31:*.rpm=01;31:*.jar=01;31:*.war=01;31:*.ear=01;31:*.sar=01;31:*.rar=01;31:*.alz=01;31:*.ace=01;31:*.zoo=01;31:*.cpio=01;31:*.7z=01;31:*.rz=01;31:*.cab=01;31:*.wim=01;31:*.swm=01;31:*.dwm=01;31:*.esd=01;31:*.jpg=01;35:*.jpeg=01;35:*.mjpg=01;35:*.mjpeg=01;35:*.gif=01;35:*.bmp=01;35:*.pbm=01;35:*.pgm=01;35:*.ppm=01;35:*.tga=01;35:*.xbm=01;35:*.xpm=01;35:*.tif=01;35:*.tiff=01;35:*.png=01;35:*.svg=01;35:*.svgz=01;35:*.mng=01;35:*.pcx=01;35:*.mov=01;35:*.mpg=01;35:*.mpeg=01;35:*.m2v=01;35:*.mkv=01;35:*.webm=01;35:*.webp=01;35:*.ogm=01;35:*.mp4=01;35:*.m4v=01;35:*.mp4v=01;35:*.vob=01;35:*.qt=01;35:*.nuv=01;35:*.wmv=01;35:*.asf=01;35:*.rm=01;35:*.rmvb=01;35:*.flc=01;35:*.avi=01;35:*.fli=01;35:*.flv=01;35:*.gl=01;35:*.dl=01;35:*.xcf=01;35:*.xwd=01;35:*.yuv=01;35:*.cgm=01;35:*.emf=01;35:*.ogv=01;35:*.ogx=01;35:*.aac=00;36:*.au=00;36:*.flac=00;36:*.m4a=00;36:*.mid=00;36:*.midi=00;36:*.mka=00;36:*.mp3=00;36:*.mpc=00;36:*.ogg=00;36:*.ra=00;36:*.wav=00;36:*.oga=00;36:*.opus=00;36:*.spx=00;36:*.xspf=00;36:', 'GNOME_TERMINAL_SERVICE': ':1.111', 'SSH_AGENT_LAUNCHER': 'gnome-keyring', 'SSH_AUTH_SOCK': '/run/user/1000/keyring/ssh', 'ROS_DOMAIN_ID': '30', 'AMENT_PREFIX_PATH': '/home/meng/mDetectRobot/turtlebot3_ws/install/cspc_lidar:/home/meng/mDetectRobot/turtlebot3_ws/install/arduino_bridge:/home/meng/mdetect_ws/install/mdetect_navigation:/home/meng/mdetect_ws/install/mdetect_description:/home/meng/ldlidar_ros2_ws/install/ldlidar_ros2:/opt/ros/humble', 'SHELL': '/bin/bash', 'QT_ACCESSIBILITY': '1', 'GDMSESSION': 'ubuntu', 'LESSCLOSE': '/usr/bin/lesspipe %s %s', 'QT_IM_MODULE': 'ibus', 'PWD': '/home/meng/mDetectRobot/turtlebot3_ws/build/arduino_bridge', 'TURTLEBOT3_MODEL': 'burger_cam', 'LC_ALL': 'en_US.UTF-8', 'XDG_CONFIG_DIRS': '/etc/xdg/xdg-ubuntu:/etc/xdg', 'GAZEBO_PLUGIN_PATH': '/home/meng/{your_ws}/build/turtlebot3_gazebo:/home/meng/{your_ws}/build/turtlebot3_gazebo:', 'XDG_DATA_DIRS': '/usr/share/ubuntu:/usr/local/share/:/usr/share/:/var/lib/snapd/desktop', 'PYTHONPATH': '/home/meng/mDetectRobot/turtlebot3_ws/build/arduino_bridge/prefix_override:/usr/lib/python3/dist-packages/colcon_core/task/python/colcon_distutils_commands:/home/meng/mDetectRobot/turtlebot3_ws/install/arduino_bridge/lib/python3.10/site-packages:/home/meng/mDetectRobot/turtlebot3_ws/install/arduino_bridge/lib/python3.10/site-packages:/home/meng/mdetect_ws/build/mdetect_navigation:/home/meng/mdetect_ws/install/mdetect_navigation/lib/python3.10/site-packages:/opt/ros/humble/lib/python3.10/site-packages:/opt/ros/humble/local/lib/python3.10/dist-packages', 'COLCON': '1', 'VTE_VERSION': '6800', 'CMAKE_PREFIX_PATH': '/home/meng/mDetectRobot/turtlebot3_ws/install/cspc_lidar:/home/meng/mdetect_ws/install/mdetect_description:/home/meng/ldlidar_ros2_ws/install/ldlidar_ros2'}, 'shell': False}
[0.500300] (-) TimerEvent: {}
[0.553905] (cspc_lidar) StdoutLine: {'line': b'-- Found Python3: /usr/bin/python3 (found version "3.10.12") found components: Interpreter \n'}
[0.584931] (arduino_bridge) StdoutLine: {'line': b'running egg_info\n'}
[0.585249] (arduino_bridge) StdoutLine: {'line': b'creating ../../build/arduino_bridge/arduino_bridge.egg-info\n'}
[0.585415] (arduino_bridge) StdoutLine: {'line': b'writing ../../build/arduino_bridge/arduino_bridge.egg-info/PKG-INFO\n'}
[0.585597] (arduino_bridge) StdoutLine: {'line': b'writing dependency_links to ../../build/arduino_bridge/arduino_bridge.egg-info/dependency_links.txt\n'}
[0.585697] (arduino_bridge) StdoutLine: {'line': b'writing entry points to ../../build/arduino_bridge/arduino_bridge.egg-info/entry_points.txt\n'}
[0.585803] (arduino_bridge) StdoutLine: {'line': b'writing requirements to ../../build/arduino_bridge/arduino_bridge.egg-info/requires.txt\n'}
[0.585880] (arduino_bridge) StdoutLine: {'line': b'writing top-level names to ../../build/arduino_bridge/arduino_bridge.egg-info/top_level.txt\n'}
[0.585983] (arduino_bridge) StdoutLine: {'line': b"writing manifest file '../../build/arduino_bridge/arduino_bridge.egg-info/SOURCES.txt'\n"}
[0.586867] (arduino_bridge) StdoutLine: {'line': b"reading manifest file '../../build/arduino_bridge/arduino_bridge.egg-info/SOURCES.txt'\n"}
[0.587416] (arduino_bridge) StdoutLine: {'line': b"writing manifest file '../../build/arduino_bridge/arduino_bridge.egg-info/SOURCES.txt'\n"}
[0.587541] (arduino_bridge) StdoutLine: {'line': b'running build\n'}
[0.587671] (arduino_bridge) StdoutLine: {'line': b'running build_py\n'}
[0.587781] (arduino_bridge) StdoutLine: {'line': b'creating /home/meng/mDetectRobot/turtlebot3_ws/build/arduino_bridge/build\n'}
[0.587880] (arduino_bridge) StdoutLine: {'line': b'creating /home/meng/mDetectRobot/turtlebot3_ws/build/arduino_bridge/build/lib\n'}
[0.587962] (arduino_bridge) StdoutLine: {'line': b'creating /home/meng/mDetectRobot/turtlebot3_ws/build/arduino_bridge/build/lib/arduino_bridge\n'}
[0.588043] (arduino_bridge) StdoutLine: {'line': b'copying arduino_bridge/__init__.py -> /home/meng/mDetectRobot/turtlebot3_ws/build/arduino_bridge/build/lib/arduino_bridge\n'}
[0.588248] (arduino_bridge) StdoutLine: {'line': b'copying arduino_bridge/arduino_bridge_node.py -> /home/meng/mDetectRobot/turtlebot3_ws/build/arduino_bridge/build/lib/arduino_bridge\n'}
[0.588326] (arduino_bridge) StdoutLine: {'line': b'running install\n'}
[0.588369] (arduino_bridge) StdoutLine: {'line': b'running install_lib\n'}
[0.588484] (arduino_bridge) StdoutLine: {'line': b'creating /home/meng/mDetectRobot/turtlebot3_ws/install/arduino_bridge/lib/python3.10/site-packages/arduino_bridge\n'}
[0.588563] (arduino_bridge) StdoutLine: {'line': b'copying /home/meng/mDetectRobot/turtlebot3_ws/build/arduino_bridge/build/lib/arduino_bridge/__init__.py -> /home/meng/mDetectRobot/turtlebot3_ws/install/arduino_bridge/lib/python3.10/site-packages/arduino_bridge\n'}
[0.588603] (arduino_bridge) StdoutLine: {'line': b'copying /home/meng/mDetectRobot/turtlebot3_ws/build/arduino_bridge/build/lib/arduino_bridge/arduino_bridge_node.py -> /home/meng/mDetectRobot/turtlebot3_ws/install/arduino_bridge/lib/python3.10/site-packages/arduino_bridge\n'}
[0.588877] (arduino_bridge) StdoutLine: {'line': b'byte-compiling /home/meng/mDetectRobot/turtlebot3_ws/install/arduino_bridge/lib/python3.10/site-packages/arduino_bridge/__init__.py to __init__.cpython-310.pyc\n'}
[0.588983] (arduino_bridge) StdoutLine: {'line': b'byte-compiling /home/meng/mDetectRobot/turtlebot3_ws/install/arduino_bridge/lib/python3.10/site-packages/arduino_bridge/arduino_bridge_node.py to arduino_bridge_node.cpython-310.pyc\n'}
[0.590508] (arduino_bridge) StdoutLine: {'line': b'running install_data\n'}
[0.590580] (arduino_bridge) StdoutLine: {'line': b'creating /home/meng/mDetectRobot/turtlebot3_ws/install/arduino_bridge/share/ament_index\n'}
[0.590640] (arduino_bridge) StdoutLine: {'line': b'creating /home/meng/mDetectRobot/turtlebot3_ws/install/arduino_bridge/share/ament_index/resource_index\n'}
[0.590677] (arduino_bridge) StdoutLine: {'line': b'creating /home/meng/mDetectRobot/turtlebot3_ws/install/arduino_bridge/share/ament_index/resource_index/packages\n'}
[0.590736] (arduino_bridge) StdoutLine: {'line': b'copying resource/arduino_bridge -> /home/meng/mDetectRobot/turtlebot3_ws/install/arduino_bridge/share/ament_index/resource_index/packages\n'}
[0.590773] (arduino_bridge) StdoutLine: {'line': b'copying package.xml -> /home/meng/mDetectRobot/turtlebot3_ws/install/arduino_bridge/share/arduino_bridge\n'}
[0.590836] (arduino_bridge) StdoutLine: {'line': b'creating /home/meng/mDetectRobot/turtlebot3_ws/install/arduino_bridge/share/arduino_bridge/launch\n'}
[0.590873] (arduino_bridge) StdoutLine: {'line': b'copying launch/robot.launch.py -> /home/meng/mDetectRobot/turtlebot3_ws/install/arduino_bridge/share/arduino_bridge/launch\n'}
[0.590909] (arduino_bridge) StdoutLine: {'line': b'copying launch/arduino_bridge.launch.py -> /home/meng/mDetectRobot/turtlebot3_ws/install/arduino_bridge/share/arduino_bridge/launch\n'}
[0.590970] (arduino_bridge) StdoutLine: {'line': b'copying launch/workstation.launch.py -> /home/meng/mDetectRobot/turtlebot3_ws/install/arduino_bridge/share/arduino_bridge/launch\n'}
[0.591005] (arduino_bridge) StdoutLine: {'line': b'creating /home/meng/mDetectRobot/turtlebot3_ws/install/arduino_bridge/share/arduino_bridge/param\n'}
[0.591038] (arduino_bridge) StdoutLine: {'line': b'copying param/slam_params.yaml -> /home/meng/mDetectRobot/turtlebot3_ws/install/arduino_bridge/share/arduino_bridge/param\n'}
[0.591104] (arduino_bridge) StdoutLine: {'line': b'copying param/arduino_bridge.yaml -> /home/meng/mDetectRobot/turtlebot3_ws/install/arduino_bridge/share/arduino_bridge/param\n'}
[0.591146] (arduino_bridge) StdoutLine: {'line': b'copying param/nav2_params.yaml -> /home/meng/mDetectRobot/turtlebot3_ws/install/arduino_bridge/share/arduino_bridge/param\n'}
[0.591181] (arduino_bridge) StdoutLine: {'line': b'creating /home/meng/mDetectRobot/turtlebot3_ws/install/arduino_bridge/lib/arduino_bridge\n'}
[0.591216] (arduino_bridge) StdoutLine: {'line': b'copying scripts/arduino_bridge_node -> /home/meng/mDetectRobot/turtlebot3_ws/install/arduino_bridge/lib/arduino_bridge\n'}
[0.591280] (arduino_bridge) StdoutLine: {'line': b'running install_egg_info\n'}
[0.592164] (arduino_bridge) StdoutLine: {'line': b'Copying ../../build/arduino_bridge/arduino_bridge.egg-info to /home/meng/mDetectRobot/turtlebot3_ws/install/arduino_bridge/lib/python3.10/site-packages/arduino_bridge-0.1.0-py3.10.egg-info\n'}
[0.592573] (arduino_bridge) StdoutLine: {'line': b'running install_scripts\n'}
[0.600353] (-) TimerEvent: {}
[0.606079] (arduino_bridge) StdoutLine: {'line': b'Installing arduino_bridge_node script to /home/meng/mDetectRobot/turtlebot3_ws/install/arduino_bridge/bin\n'}
[0.606197] (arduino_bridge) StdoutLine: {'line': b"writing list of installed files to '/home/meng/mDetectRobot/turtlebot3_ws/build/arduino_bridge/install.log'\n"}
[0.621053] (arduino_bridge) CommandEnded: {'returncode': 0}
[0.621849] (cspc_lidar) StdoutLine: {'line': b'-- Found rclcpp: 16.0.19 (/opt/ros/humble/share/rclcpp/cmake)\n'}
[0.630387] (arduino_bridge) JobEnded: {'identifier': 'arduino_bridge', 'rc': 0}
[0.652421] (cspc_lidar) StdoutLine: {'line': b'-- Found rosidl_generator_c: 3.1.8 (/opt/ros/humble/share/rosidl_generator_c/cmake)\n'}
[0.656350] (cspc_lidar) StdoutLine: {'line': b'-- Found rosidl_adapter: 3.1.8 (/opt/ros/humble/share/rosidl_adapter/cmake)\n'}
[0.662585] (cspc_lidar) StdoutLine: {'line': b'-- Found rosidl_generator_cpp: 3.1.8 (/opt/ros/humble/share/rosidl_generator_cpp/cmake)\n'}
[0.671139] (cspc_lidar) StdoutLine: {'line': b'-- Using all available rosidl_typesupport_c: rosidl_typesupport_fastrtps_c;rosidl_typesupport_introspection_c\n'}
[0.682329] (cspc_lidar) StdoutLine: {'line': b'-- Using all available rosidl_typesupport_cpp: rosidl_typesupport_fastrtps_cpp;rosidl_typesupport_introspection_cpp\n'}
[0.700426] (-) TimerEvent: {}
[0.713478] (cspc_lidar) StdoutLine: {'line': b'-- Found rmw_implementation_cmake: 6.1.2 (/opt/ros/humble/share/rmw_implementation_cmake/cmake)\n'}
[0.718608] (cspc_lidar) StdoutLine: {'line': b'-- Found rmw_cyclonedds_cpp: 1.3.4 (/opt/ros/humble/share/rmw_cyclonedds_cpp/cmake)\n'}
[0.736957] (cspc_lidar) StdoutLine: {'line': b"-- Using RMW implementation 'rmw_cyclonedds_cpp' as default\n"}
[0.743180] (cspc_lidar) StdoutLine: {'line': b'-- Looking for pthread.h\n'}
[0.800609] (-) TimerEvent: {}
[0.812825] (cspc_lidar) StdoutLine: {'line': b'-- Looking for pthread.h - found\n'}
[0.813192] (cspc_lidar) StdoutLine: {'line': b'-- Performing Test CMAKE_HAVE_LIBC_PTHREAD\n'}
[0.898843] (cspc_lidar) StdoutLine: {'line': b'-- Performing Test CMAKE_HAVE_LIBC_PTHREAD - Success\n'}
[0.900190] (cspc_lidar) StdoutLine: {'line': b'-- Found Threads: TRUE  \n'}
[0.900670] (-) TimerEvent: {}
[0.942928] (cspc_lidar) StdoutLine: {'line': b'-- Found sensor_msgs: 4.9.1 (/opt/ros/humble/share/sensor_msgs/cmake)\n'}
[0.963513] (cspc_lidar) StdoutLine: {'line': b'-- Found visualization_msgs: 4.9.1 (/opt/ros/humble/share/visualization_msgs/cmake)\n'}
[0.978448] (cspc_lidar) StdoutLine: {'line': b'-- Found ament_lint_auto: 0.12.15 (/opt/ros/humble/share/ament_lint_auto/cmake)\n'}
[1.000900] (-) TimerEvent: {}
[1.067537] (cspc_lidar) StdoutLine: {'line': b"-- Checking for module 'eigen3'\n"}
[1.079210] (cspc_lidar) StdoutLine: {'line': b'--   Found eigen3, version 3.4.0\n'}
[1.101099] (-) TimerEvent: {}
[1.120375] (cspc_lidar) StdoutLine: {'line': b'-- Found Eigen: /usr/include/eigen3 (Required is at least version "3.1") \n'}
[1.120735] (cspc_lidar) StdoutLine: {'line': b'-- Eigen found (include: /usr/include/eigen3, version: 3.4.0)\n'}
[1.156218] (cspc_lidar) StdoutLine: {'line': b"-- Checking for module 'flann'\n"}
[1.169042] (cspc_lidar) StdoutLine: {'line': b'--   Found flann, version 1.9.1\n'}
[1.201228] (-) TimerEvent: {}
[1.225234] (cspc_lidar) StdoutLine: {'line': b'-- Found FLANN: /usr/lib/x86_64-linux-gnu/libflann_cpp.so  \n'}
[1.225456] (cspc_lidar) StdoutLine: {'line': b'-- FLANN found (include: /usr/include, lib: /usr/lib/x86_64-linux-gnu/libflann_cpp.so)\n'}
[1.301403] (-) TimerEvent: {}
[1.401811] (-) TimerEvent: {}
[1.502231] (-) TimerEvent: {}
[1.602638] (-) TimerEvent: {}
[1.702940] (-) TimerEvent: {}
[1.803352] (-) TimerEvent: {}
[1.903771] (-) TimerEvent: {}
[2.004117] (-) TimerEvent: {}
[2.104492] (-) TimerEvent: {}
[2.204912] (-) TimerEvent: {}
[2.231733] (cspc_lidar) StdoutLine: {'line': b"-- Checking for module 'libusb-1.0'\n"}
[2.249852] (cspc_lidar) StdoutLine: {'line': b'--   Found libusb-1.0, version 1.0.25\n'}
[2.296716] (cspc_lidar) StdoutLine: {'line': b'-- Found libusb: /usr/lib/x86_64-linux-gnu/libusb-1.0.so  \n'}
[2.298652] (cspc_lidar) StdoutLine: {'line': b'-- OpenNI found (version: 1.5.4.0, include: /usr/include/ni, lib: /usr/lib/libOpenNI.so;libusb::libusb)\n'}
[2.305005] (-) TimerEvent: {}
[2.374615] (cspc_lidar) StdoutLine: {'line': b'-- OpenNI2 found (version: 2.2.0.33, include: /usr/include/openni2, lib: /usr/lib/x86_64-linux-gnu/libOpenNI2.so;libusb::libusb)\n'}
[2.405166] (-) TimerEvent: {}
[2.505605] (-) TimerEvent: {}
[2.516301] (cspc_lidar) StdoutLine: {'line': b'-- Eigen found (include: /usr/include/eigen3, version: 3.4.0)\n'}
[2.521525] (cspc_lidar) StdoutLine: {'line': b'-- OpenNI found (version: 1.5.4.0, include: /usr/include/ni, lib: /usr/lib/libOpenNI.so;libusb::libusb)\n'}
[2.526822] (cspc_lidar) StdoutLine: {'line': b'-- OpenNI2 found (version: 2.2.0.33, include: /usr/include/openni2, lib: /usr/lib/x86_64-linux-gnu/libOpenNI2.so;libusb::libusb)\n'}
[2.605765] (-) TimerEvent: {}
[2.638031] (cspc_lidar) StdoutLine: {'line': b'-- Found Qhull version 8.0.2\n'}
[2.705977] (-) TimerEvent: {}
[2.750552] (cspc_lidar) StdoutLine: {'line': b'-- OpenNI found (version: 1.5.4.0, include: /usr/include/ni, lib: /usr/lib/libOpenNI.so;libusb::libusb)\n'}
[2.806217] (-) TimerEvent: {}
[2.869387] (cspc_lidar) StdoutLine: {'line': b'-- Found PCL_COMMON: /usr/lib/x86_64-linux-gnu/libpcl_common.so  \n'}
[2.870013] (cspc_lidar) StdoutLine: {'line': b'-- Found PCL_KDTREE: /usr/lib/x86_64-linux-gnu/libpcl_kdtree.so  \n'}
[2.870579] (cspc_lidar) StdoutLine: {'line': b'-- Found PCL_OCTREE: /usr/lib/x86_64-linux-gnu/libpcl_octree.so  \n'}
[2.871232] (cspc_lidar) StdoutLine: {'line': b'-- Found PCL_SEARCH: /usr/lib/x86_64-linux-gnu/libpcl_search.so  \n'}
[2.871872] (cspc_lidar) StdoutLine: {'line': b'-- Found PCL_SAMPLE_CONSENSUS: /usr/lib/x86_64-linux-gnu/libpcl_sample_consensus.so  \n'}
[2.872501] (cspc_lidar) StdoutLine: {'line': b'-- Found PCL_FILTERS: /usr/lib/x86_64-linux-gnu/libpcl_filters.so  \n'}
[2.872727] (cspc_lidar) StdoutLine: {'line': b'-- Found PCL_2D: /usr/include/pcl-1.12  \n'}
[2.872926] (cspc_lidar) StdoutLine: {'line': b'-- Found PCL_GEOMETRY: /usr/include/pcl-1.12  \n'}
[2.873567] (cspc_lidar) StdoutLine: {'line': b'-- Found PCL_IO: /usr/lib/x86_64-linux-gnu/libpcl_io.so  \n'}
[2.874230] (cspc_lidar) StdoutLine: {'line': b'-- Found PCL_FEATURES: /usr/lib/x86_64-linux-gnu/libpcl_features.so  \n'}
[2.874950] (cspc_lidar) StdoutLine: {'line': b'-- Found PCL_ML: /usr/lib/x86_64-linux-gnu/libpcl_ml.so  \n'}
[2.875466] (cspc_lidar) StdoutLine: {'line': b'-- Found PCL_SEGMENTATION: /usr/lib/x86_64-linux-gnu/libpcl_segmentation.so  \n'}
[2.876123] (cspc_lidar) StdoutLine: {'line': b'-- Found PCL_VISUALIZATION: /usr/lib/x86_64-linux-gnu/libpcl_visualization.so  \n'}
[2.876801] (cspc_lidar) StdoutLine: {'line': b'-- Found PCL_SURFACE: /usr/lib/x86_64-linux-gnu/libpcl_surface.so  \n'}
[2.877393] (cspc_lidar) StdoutLine: {'line': b'-- Found PCL_REGISTRATION: /usr/lib/x86_64-linux-gnu/libpcl_registration.so  \n'}
[2.878018] (cspc_lidar) StdoutLine: {'line': b'-- Found PCL_KEYPOINTS: /usr/lib/x86_64-linux-gnu/libpcl_keypoints.so  \n'}
[2.878647] (cspc_lidar) StdoutLine: {'line': b'-- Found PCL_TRACKING: /usr/lib/x86_64-linux-gnu/libpcl_tracking.so  \n'}
[2.879245] (cspc_lidar) StdoutLine: {'line': b'-- Found PCL_RECOGNITION: /usr/lib/x86_64-linux-gnu/libpcl_recognition.so  \n'}
[2.879999] (cspc_lidar) StdoutLine: {'line': b'-- Found PCL_STEREO: /usr/lib/x86_64-linux-gnu/libpcl_stereo.so  \n'}
[2.880575] (cspc_lidar) StdoutLine: {'line': b'-- Found PCL_APPS: /usr/lib/x86_64-linux-gnu/libpcl_apps.so  \n'}
[2.881135] (cspc_lidar) StdoutLine: {'line': b'-- Found PCL_IN_HAND_SCANNER: /usr/include/pcl-1.12  \n'}
[2.881333] (cspc_lidar) StdoutLine: {'line': b'-- Found PCL_MODELER: /usr/include/pcl-1.12  \n'}
[2.881567] (cspc_lidar) StdoutLine: {'line': b'-- Found PCL_POINT_CLOUD_EDITOR: /usr/include/pcl-1.12  \n'}
[2.882200] (cspc_lidar) StdoutLine: {'line': b'-- Found PCL_OUTOFCORE: /usr/lib/x86_64-linux-gnu/libpcl_outofcore.so  \n'}
[2.882879] (cspc_lidar) StdoutLine: {'line': b'-- Found PCL_PEOPLE: /usr/lib/x86_64-linux-gnu/libpcl_people.so  \n'}
[2.906098] (cspc_lidar) StdoutLine: {'line': b'-- Found eigen3_cmake_module: 0.1.1 (/opt/ros/humble/share/eigen3_cmake_module/cmake)\n'}
[2.906318] (-) TimerEvent: {}
[2.906941] (cspc_lidar) StdoutLine: {'line': b'-- Found Eigen3: TRUE (found version "3.4.0") \n'}
[2.907075] (cspc_lidar) StdoutLine: {'line': b'-- Ensuring Eigen3 include directory is part of orocos-kdl CMake target\n'}
[2.971184] (cspc_lidar) StdoutLine: {'line': b"-- Added test 'copyright' to check source files copyright and LICENSE\n"}
[2.972198] (cspc_lidar) StdoutLine: {'line': b"-- Added test 'cppcheck' to perform static code analysis on C / C++ code\n"}
[2.972339] (cspc_lidar) StdoutLine: {'line': b'-- Configured cppcheck include dirs: /home/meng/mDetectRobot/turtlebot3_ws/src/cspc_lidar/include/cspc_lidar;/home/meng/mDetectRobot/turtlebot3_ws/src/cspc_lidar/sdk\n'}
[2.972441] (cspc_lidar) StdoutLine: {'line': b'-- Configured cppcheck exclude dirs and/or files: \n'}
[2.973243] (cspc_lidar) StdoutLine: {'line': b"-- Added test 'cpplint' to check C / C++ code against the Google style\n"}
[2.973379] (cspc_lidar) StdoutLine: {'line': b'-- Configured cpplint exclude dirs and/or files: \n'}
[2.973494] (cspc_lidar) StdoutLine: {'line': b"-- Added test 'flake8' to check Python code syntax and style conventions\n"}
[2.973939] (cspc_lidar) StdoutLine: {'line': b"-- Added test 'lint_cmake' to check CMake code style\n"}
[2.974175] (cspc_lidar) StdoutLine: {'line': b"-- Added test 'pep257' to check Python code against some of the docstring style conventions in PEP 257\n"}
[2.975029] (cspc_lidar) StdoutLine: {'line': b"-- Added test 'uncrustify' to check C / C++ code style\n"}
[2.975157] (cspc_lidar) StdoutLine: {'line': b'-- Configured uncrustify additional arguments: \n'}
[2.975265] (cspc_lidar) StdoutLine: {'line': b"-- Added test 'xmllint' to check XML markup files\n"}
[2.976092] (cspc_lidar) StdoutLine: {'line': b'-- Configuring done\n'}
[2.984218] (cspc_lidar) StdoutLine: {'line': b'-- Generating done\n'}
[2.987325] (cspc_lidar) StdoutLine: {'line': b'-- Build files have been written to: /home/meng/mDetectRobot/turtlebot3_ws/build/cspc_lidar\n'}
[2.998263] (cspc_lidar) CommandEnded: {'returncode': 0}
[3.000184] (cspc_lidar) JobProgress: {'identifier': 'cspc_lidar', 'progress': 'build'}
[3.000248] (cspc_lidar) Command: {'cmd': ['/usr/bin/cmake', '--build', '/home/meng/mDetectRobot/turtlebot3_ws/build/cspc_lidar', '--', '-j20', '-l20'], 'cwd': '/home/meng/mDetectRobot/turtlebot3_ws/build/cspc_lidar', 'env': OrderedDict([('LESSOPEN', '| /usr/bin/lesspipe %s'), ('LANGUAGE', 'en_AU:en'), ('USER', 'meng'), ('XDG_SESSION_TYPE', 'wayland'), ('SHLVL', '1'), ('LD_LIBRARY_PATH', '/usr/lib/x86_64-linux-gnu/gazebo-11/plugins:/opt/ros/humble/opt/rviz_ogre_vendor/lib:/opt/ros/humble/lib/x86_64-linux-gnu:/opt/ros/humble/lib'), ('HOME', '/home/meng'), ('OLDPWD', '/home/meng'), ('DESKTOP_SESSION', 'ubuntu'), ('ROS_PYTHON_VERSION', '3'), ('GNOME_SHELL_SESSION_MODE', 'ubuntu'), ('GTK_MODULES', 'gail:atk-bridge'), ('SYSTEMD_EXEC_PID', '2993'), ('DBUS_SESSION_BUS_ADDRESS', 'unix:path=/run/user/1000/bus'), ('COLORTERM', 'truecolor'), ('_colcon_cd_root', '/opt/ros/humble/'), ('IM_CONFIG_PHASE', '1'), ('WAYLAND_DISPLAY', 'wayland-0'), ('COLCON_PREFIX_PATH', '/home/meng/mDetectRobot/turtlebot3_ws/install:/home/meng/mdetect_ws/install:/home/meng/ldlidar_ros2_ws/install'), ('ROS_DISTRO', 'humble'), ('LOGNAME', 'meng'), ('_', '/usr/bin/colcon'), ('ROS_VERSION', '2'), ('XDG_SESSION_CLASS', 'user'), ('USERNAME', 'meng'), ('TERM', 'xterm-256color'), ('GNOME_DESKTOP_SESSION_ID', 'this-is-deprecated'), ('ROS_LOCALHOST_ONLY', '0'), ('PATH', '/home/meng/mDetectRobot/turtlebot3_ws/install/arduino_bridge/bin:/opt/ros/humble/bin:/home/meng/.local/bin:/usr/local/sbin:/usr/local/bin:/usr/sbin:/usr/bin:/sbin:/bin:/usr/games:/usr/local/games:/snap/bin:/snap/bin'), ('SESSION_MANAGER', 'local/meng-Flow-Z13-GZ301VV:@/tmp/.ICE-unix/1508,unix/meng-Flow-Z13-GZ301VV:/tmp/.ICE-unix/1508'), ('XDG_MENU_PREFIX', 'gnome-'), ('GNOME_TERMINAL_SCREEN', '/org/gnome/Terminal/screen/39e6668d_c80b_46d9_8590_87d994dc84dd'), ('GNOME_SETUP_DISPLAY', ':1'), ('XDG_RUNTIME_DIR', '/run/user/1000'), ('DISPLAY', ':0'), ('LANG', 'en_US.UTF-8'), ('XDG_CURRENT_DESKTOP', 'ubuntu:GNOME'), ('RMW_IMPLEMENTATION', 'rmw_cyclonedds_cpp'), ('XMODIFIERS', '@im=ibus'), ('XDG_SESSION_DESKTOP', 'ubuntu'), ('XAUTHORITY', '/run/user/1000/.mutter-Xwaylandauth.W3NWR3'), ('LS_COLORS', 'rs=0:di=01;34:ln=01;36:mh=00:pi=40;33:so=01;35:do=01;35:bd=40;33;01:cd=40;33;01:or=40;31;01:mi=00:su=37;41:sg=30;43:ca=30;41:tw=30;42:ow=34;42:st=37;44:ex=01;32:*.tar=01;31:*.tgz=01;31:*.arc=01;31:*.arj=01;31:*.taz=01;31:*.lha=01;31:*.lz4=01;31:*.lzh=01;31:*.lzma=01;31:*.tlz=01;31:*.txz=01;31:*.tzo=01;31:*.t7z=01;31:*.zip=01;31:*.z=01;31:*.dz=01;31:*.gz=01;31:*.lrz=01;31:*.lz=01;31:*.lzo=01;31:*.xz=01;31:*.zst=01;31:*.tzst=01;31:*.bz2=01;31:*.bz=01;31:*.tbz=01;31:*.tbz2=01;31:*.tz=01;31:*.deb=01;31:*.rpm=01;31:*.jar=01;31:*.war=01;31:*.ear=01;31:*.sar=01;31:*.rar=01;31:*.alz=01;31:*.ace=01;31:*.zoo=01;31:*.cpio=01;31:*.7z=01;31:*.rz=01;31:*.cab=01;31:*.wim=01;31:*.swm=01;31:*.dwm=01;31:*.esd=01;31:*.jpg=01;35:*.jpeg=01;35:*.mjpg=01;35:*.mjpeg=01;35:*.gif=01;35:*.bmp=01;35:*.pbm=01;35:*.pgm=01;35:*.ppm=01;35:*.tga=01;35:*.xbm=01;35:*.xpm=01;35:*.tif=01;35:*.tiff=01;35:*.png=01;35:*.svg=01;35:*.svgz=01;35:*.mng=01;35:*.pcx=01;35:*.mov=01;35:*.mpg=01;35:*.mpeg=01;35:*.m2v=01;35:*.mkv=01;35:*.webm=01;35:*.webp=01;35:*.ogm=01;35:*.mp4=01;35:*.m4v=01;35:*.mp4v=01;35:*.vob=01;35:*.qt=01;35:*.nuv=01;35:*.wmv=01;35:*.asf=01;35:*.rm=01;35:*.rmvb=01;35:*.flc=01;35:*.avi=01;35:*.fli=01;35:*.flv=01;35:*.gl=01;35:*.dl=01;35:*.xcf=01;35:*.xwd=01;35:*.yuv=01;35:*.cgm=01;35:*.emf=01;35:*.ogv=01;35:*.ogx=01;35:*.aac=00;36:*.au=00;36:*.flac=00;36:*.m4a=00;36:*.mid=00;36:*.midi=00;36:*.mka=00;36:*.mp3=00;36:*.mpc=00;36:*.ogg=00;36:*.ra=00;36:*.wav=00;36:*.oga=00;36:*.opus=00;36:*.spx=00;36:*.xspf=00;36:'), ('GNOME_TERMINAL_SERVICE', ':1.111'), ('SSH_AGENT_LAUNCHER', 'gnome-keyring'), ('SSH_AUTH_SOCK', '/run/user/1000/keyring/ssh'), ('ROS_DOMAIN_ID', '30'), ('AMENT_PREFIX_PATH', '/home/meng/mDetectRobot/turtlebot3_ws/install/cspc_lidar:/home/meng/mDetectRobot/turtlebot3_ws/install/arduino_bridge:/home/meng/mdetect_ws/install/mdetect_navigation:/home/meng/mdetect_ws/install/mdetect_description:/home/meng/ldlidar_ros2_ws/install/ldlidar_ros2:/opt/ros/humble'), ('SHELL', '/bin/bash'), ('QT_ACCESSIBILITY', '1'), ('GDMSESSION', 'ubuntu'), ('LESSCLOSE', '/usr/bin/lesspipe %s %s'), ('QT_IM_MODULE', 'ibus'), ('PWD', '/home/meng/mDetectRobot/turtlebot3_ws/build/cspc_lidar'), ('TURTLEBOT3_MODEL', 'burger_cam'), ('LC_ALL', 'en_US.UTF-8'), ('XDG_CONFIG_DIRS', '/etc/xdg/xdg-ubuntu:/etc/xdg'), ('GAZEBO_PLUGIN_PATH', '/home/meng/{your_ws}/build/turtlebot3_gazebo:/home/meng/{your_ws}/build/turtlebot3_gazebo:'), ('XDG_DATA_DIRS', '/usr/share/ubuntu:/usr/local/share/:/usr/share/:/var/lib/snapd/desktop'), ('PYTHONPATH', '/home/meng/mDetectRobot/turtlebot3_ws/install/arduino_bridge/lib/python3.10/site-packages:/home/meng/mdetect_ws/build/mdetect_navigation:/home/meng/mdetect_ws/install/mdetect_navigation/lib/python3.10/site-packages:/opt/ros/humble/lib/python3.10/site-packages:/opt/ros/humble/local/lib/python3.10/dist-packages'), ('COLCON', '1'), ('VTE_VERSION', '6800'), ('CMAKE_PREFIX_PATH', '/home/meng/mDetectRobot/turtlebot3_ws/install/cspc_lidar:/home/meng/mdetect_ws/install/mdetect_description:/home/meng/ldlidar_ros2_ws/install/ldlidar_ros2:/home/meng/mDetectRobot/turtlebot3_ws/install/arduino_bridge:/home/meng/mdetect_ws/install/mdetect_navigation:/opt/ros/humble')]), 'shell': False}
[3.006507] (-) TimerEvent: {}
[3.052448] (cspc_lidar) StdoutLine: {'line': b'[ 11%] \x1b[32mBuilding CXX object CMakeFiles/cspc_lidar.dir/sdk/node_lidar.cpp.o\x1b[0m\n'}
[3.053164] (cspc_lidar) StdoutLine: {'line': b'[ 22%] \x1b[32mBuilding CXX object CMakeFiles/cspc_lidar.dir/sdk/timer.cpp.o\x1b[0m\n'}
[3.053479] (cspc_lidar) StdoutLine: {'line': b'[ 33%] \x1b[32mBuilding CXX object CMakeFiles/cspc_lidar.dir/sdk/lidar_data_processing.cpp.o\x1b[0m\n'}
[3.054027] (cspc_lidar) StdoutLine: {'line': b'[ 44%] \x1b[32mBuilding CXX object CMakeFiles/cspc_lidar.dir/sdk/point_cloud_optimize.cpp.o\x1b[0m\n'}
[3.054188] (cspc_lidar) StdoutLine: {'line': b'[ 55%] \x1b[32mBuilding CXX object CMakeFiles/cspc_lidar.dir/src/node_lidar_ros.cpp.o\x1b[0m\n'}
[3.054768] (cspc_lidar) StdoutLine: {'line': b'[ 66%] \x1b[32mBuilding CXX object CMakeFiles/cspc_lidar.dir/sdk/mtime.cpp.o\x1b[0m\n'}
[3.055291] (cspc_lidar) StdoutLine: {'line': b'[ 77%] \x1b[32mBuilding CXX object CMakeFiles/cspc_lidar.dir/sdk/serial_port.cpp.o\x1b[0m\n'}
[3.056194] (cspc_lidar) StdoutLine: {'line': b'[ 88%] \x1b[32mBuilding CXX object CMakeFiles/cspc_lidar.dir/sdk/calibration.cpp.o\x1b[0m\n'}
[3.106639] (-) TimerEvent: {}
[3.207005] (-) TimerEvent: {}
[3.307338] (-) TimerEvent: {}
[3.321605] (cspc_lidar) StderrLine: {'line': b'In file included from \x1b[01m\x1b[K/home/meng/mDetectRobot/turtlebot3_ws/src/cspc_lidar/sdk/serial_port.cpp:12\x1b[m\x1b[K:\n'}
[3.321842] (cspc_lidar) StderrLine: {'line': b'\x1b[01m\x1b[K/home/meng/mDetectRobot/turtlebot3_ws/src/cspc_lidar/sdk/serial_port.h:\x1b[m\x1b[K In constructor \xe2\x80\x98\x1b[01m\x1b[KSerial_Port::Serial_Port(const string&, uint32_t, Timeout, bytesize_t, parity_t, stopbits_t, flowcontrol_t)\x1b[m\x1b[K\xe2\x80\x99:\n'}
[3.321928] (cspc_lidar) StderrLine: {'line': b'\x1b[01m\x1b[K/home/meng/mDetectRobot/turtlebot3_ws/src/cspc_lidar/sdk/serial_port.h:102:14:\x1b[m\x1b[K \x1b[01;35m\x1b[Kwarning: \x1b[m\x1b[K\xe2\x80\x98\x1b[01m\x1b[KSerial_Port::bytesize_\x1b[m\x1b[K\xe2\x80\x99 will be initialized after [\x1b[01;35m\x1b[K\x1b]8;;https://gcc.gnu.org/onlinedocs/gcc/Warning-Options.html#index-Wreorder\x07-Wreorder\x1b]8;;\x07\x1b[m\x1b[K]\n'}
[3.322009] (cspc_lidar) StderrLine: {'line': b'  102 |   bytesize_t \x1b[01;35m\x1b[Kbytesize_\x1b[m\x1b[K;       // Size of the bytes\n'}
[3.322082] (cspc_lidar) StderrLine: {'line': b'      |              \x1b[01;35m\x1b[K^~~~~~~~~\x1b[m\x1b[K\n'}
[3.322172] (cspc_lidar) StderrLine: {'line': b'\x1b[01m\x1b[K/home/meng/mDetectRobot/turtlebot3_ws/src/cspc_lidar/sdk/serial_port.h:101:12:\x1b[m\x1b[K \x1b[01;35m\x1b[Kwarning: \x1b[m\x1b[K  \xe2\x80\x98\x1b[01m\x1b[Kparity_t Serial_Port::parity_\x1b[m\x1b[K\xe2\x80\x99 [\x1b[01;35m\x1b[K\x1b]8;;https://gcc.gnu.org/onlinedocs/gcc/Warning-Options.html#index-Wreorder\x07-Wreorder\x1b]8;;\x07\x1b[m\x1b[K]\n'}
[3.322247] (cspc_lidar) StderrLine: {'line': b'  101 |   parity_t \x1b[01;35m\x1b[Kparity_\x1b[m\x1b[K;           // Parity\n'}
[3.322320] (cspc_lidar) StderrLine: {'line': b'      |            \x1b[01;35m\x1b[K^~~~~~~\x1b[m\x1b[K\n'}
[3.322390] (cspc_lidar) StderrLine: {'line': b'\x1b[01m\x1b[K/home/meng/mDetectRobot/turtlebot3_ws/src/cspc_lidar/sdk/serial_port.cpp:31:1:\x1b[m\x1b[K \x1b[01;35m\x1b[Kwarning: \x1b[m\x1b[K  when initialized here [\x1b[01;35m\x1b[K\x1b]8;;https://gcc.gnu.org/onlinedocs/gcc/Warning-Options.html#index-Wreorder\x07-Wreorder\x1b]8;;\x07\x1b[m\x1b[K]\n'}
[3.322462] (cspc_lidar) StderrLine: {'line': b'   31 | \x1b[01;35m\x1b[KSerial_Port\x1b[m\x1b[K::Serial_Port(const string &port, uint32_t baudrate, Timeout timeout,\n'}
[3.322534] (cspc_lidar) StderrLine: {'line': b'      | \x1b[01;35m\x1b[K^~~~~~~~~~~\x1b[m\x1b[K\n'}
[3.324351] (cspc_lidar) StderrLine: {'line': b'\x1b[01m\x1b[K/home/meng/mDetectRobot/turtlebot3_ws/src/cspc_lidar/sdk/serial_port.cpp:\x1b[m\x1b[K In member function \xe2\x80\x98\x1b[01m\x1b[Kbool Serial_Port::setBaudrate(long unsigned int)\x1b[m\x1b[K\xe2\x80\x99:\n'}
[3.324557] (cspc_lidar) StderrLine: {'line': b'\x1b[01m\x1b[K/home/meng/mDetectRobot/turtlebot3_ws/src/cspc_lidar/sdk/serial_port.cpp:578:11:\x1b[m\x1b[K \x1b[01;35m\x1b[Kwarning: \x1b[m\x1b[Kunused variable \xe2\x80\x98\x1b[01m\x1b[Knew_baud\x1b[m\x1b[K\xe2\x80\x99 [\x1b[01;35m\x1b[K\x1b]8;;https://gcc.gnu.org/onlinedocs/gcc/Warning-Options.html#index-Wunused-variable\x07-Wunused-variable\x1b]8;;\x07\x1b[m\x1b[K]\n'}
[3.324644] (cspc_lidar) StderrLine: {'line': b'  578 |   speed_t \x1b[01;35m\x1b[Knew_baud\x1b[m\x1b[K = static_cast<speed_t>(baudrate);\n'}
[3.324719] (cspc_lidar) StderrLine: {'line': b'      |           \x1b[01;35m\x1b[K^~~~~~~~\x1b[m\x1b[K\n'}
[3.351080] (cspc_lidar) StderrLine: {'line': b'\x1b[01m\x1b[K/home/meng/mDetectRobot/turtlebot3_ws/src/cspc_lidar/sdk/point_cloud_optimize.cpp:\x1b[m\x1b[K In member function \xe2\x80\x98\x1b[01m\x1b[Kvoid Point_cloud_optimize::PointCloudFilter(LaserScan*)\x1b[m\x1b[K\xe2\x80\x99:\n'}
[3.351335] (cspc_lidar) StderrLine: {'line': b'\x1b[01m\x1b[K/home/meng/mDetectRobot/turtlebot3_ws/src/cspc_lidar/sdk/point_cloud_optimize.cpp:25:25:\x1b[m\x1b[K \x1b[01;35m\x1b[Kwarning: \x1b[m\x1b[Kcomparison of integer expressions of different signedness: \xe2\x80\x98\x1b[01m\x1b[Kint\x1b[m\x1b[K\xe2\x80\x99 and \xe2\x80\x98\x1b[01m\x1b[Kstd::vector<LaserPoint>::size_type\x1b[m\x1b[K\xe2\x80\x99 {aka \xe2\x80\x98\x1b[01m\x1b[Klong unsigned int\x1b[m\x1b[K\xe2\x80\x99} [\x1b[01;35m\x1b[K\x1b]8;;https://gcc.gnu.org/onlinedocs/gcc/Warning-Options.html#index-Wsign-compare\x07-Wsign-compare\x1b]8;;\x07\x1b[m\x1b[K]\n'}
[3.351464] (cspc_lidar) StderrLine: {'line': b'   25 |         for (i0 = 0; \x1b[01;35m\x1b[Ki0 < Scan->points.size()\x1b[m\x1b[K; i0++)\n'}
[3.351563] (cspc_lidar) StderrLine: {'line': b'      |                      \x1b[01;35m\x1b[K~~~^~~~~~~~~~~~~~~~~~~~~\x1b[m\x1b[K\n'}
[3.351656] (cspc_lidar) StderrLine: {'line': b'\x1b[01m\x1b[K/home/meng/mDetectRobot/turtlebot3_ws/src/cspc_lidar/sdk/point_cloud_optimize.cpp:28:25:\x1b[m\x1b[K \x1b[01;35m\x1b[Kwarning: \x1b[m\x1b[Kcomparison of integer expressions of different signedness: \xe2\x80\x98\x1b[01m\x1b[Kint\x1b[m\x1b[K\xe2\x80\x99 and \xe2\x80\x98\x1b[01m\x1b[Kstd::vector<LaserPoint>::size_type\x1b[m\x1b[K\xe2\x80\x99 {aka \xe2\x80\x98\x1b[01m\x1b[Klong unsigned int\x1b[m\x1b[K\xe2\x80\x99} [\x1b[01;35m\x1b[K\x1b]8;;https://gcc.gnu.org/onlinedocs/gcc/Warning-Options.html#index-Wsign-compare\x07-Wsign-compare\x1b]8;;\x07\x1b[m\x1b[K]\n'}
[3.351753] (cspc_lidar) StderrLine: {'line': b'   28 |                 i1 = \x1b[01;35m\x1b[Ki1 < Scan->points.size()\x1b[m\x1b[K ? i1 : i1 - Scan->points.size();\n'}
[3.351853] (cspc_lidar) StderrLine: {'line': b'      |                      \x1b[01;35m\x1b[K~~~^~~~~~~~~~~~~~~~~~~~~\x1b[m\x1b[K\n'}
[3.351940] (cspc_lidar) StderrLine: {'line': b'\x1b[01m\x1b[K/home/meng/mDetectRobot/turtlebot3_ws/src/cspc_lidar/sdk/point_cloud_optimize.cpp:30:25:\x1b[m\x1b[K \x1b[01;35m\x1b[Kwarning: \x1b[m\x1b[Kcomparison of integer expressions of different signedness: \xe2\x80\x98\x1b[01m\x1b[Kint\x1b[m\x1b[K\xe2\x80\x99 and \xe2\x80\x98\x1b[01m\x1b[Kstd::vector<LaserPoint>::size_type\x1b[m\x1b[K\xe2\x80\x99 {aka \xe2\x80\x98\x1b[01m\x1b[Klong unsigned int\x1b[m\x1b[K\xe2\x80\x99} [\x1b[01;35m\x1b[K\x1b]8;;https://gcc.gnu.org/onlinedocs/gcc/Warning-Options.html#index-Wsign-compare\x07-Wsign-compare\x1b]8;;\x07\x1b[m\x1b[K]\n'}
[3.352174] (cspc_lidar) StderrLine: {'line': b'   30 |                 i2 = \x1b[01;35m\x1b[Ki2 < Scan->points.size()\x1b[m\x1b[K ? i2 : i2 - Scan->points.size();\n'}
[3.352320] (cspc_lidar) StderrLine: {'line': b'      |                      \x1b[01;35m\x1b[K~~~^~~~~~~~~~~~~~~~~~~~~\x1b[m\x1b[K\n'}
[3.352563] (cspc_lidar) StderrLine: {'line': b'\x1b[01m\x1b[K/home/meng/mDetectRobot/turtlebot3_ws/src/cspc_lidar/sdk/point_cloud_optimize.cpp:32:25:\x1b[m\x1b[K \x1b[01;35m\x1b[Kwarning: \x1b[m\x1b[Kcomparison of integer expressions of different signedness: \xe2\x80\x98\x1b[01m\x1b[Kint\x1b[m\x1b[K\xe2\x80\x99 and \xe2\x80\x98\x1b[01m\x1b[Kstd::vector<LaserPoint>::size_type\x1b[m\x1b[K\xe2\x80\x99 {aka \xe2\x80\x98\x1b[01m\x1b[Klong unsigned int\x1b[m\x1b[K\xe2\x80\x99} [\x1b[01;35m\x1b[K\x1b]8;;https://gcc.gnu.org/onlinedocs/gcc/Warning-Options.html#index-Wsign-compare\x07-Wsign-compare\x1b]8;;\x07\x1b[m\x1b[K]\n'}
[3.352676] (cspc_lidar) StderrLine: {'line': b'   32 |                 i3 = \x1b[01;35m\x1b[Ki3 < Scan->points.size()\x1b[m\x1b[K ? i3 : i3 - Scan->points.size();\n'}
[3.352775] (cspc_lidar) StderrLine: {'line': b'      |                      \x1b[01;35m\x1b[K~~~^~~~~~~~~~~~~~~~~~~~~\x1b[m\x1b[K\n'}
[3.352871] (cspc_lidar) StderrLine: {'line': b'\x1b[01m\x1b[K/home/meng/mDetectRobot/turtlebot3_ws/src/cspc_lidar/sdk/point_cloud_optimize.cpp:155:25:\x1b[m\x1b[K \x1b[01;35m\x1b[Kwarning: \x1b[m\x1b[Kcomparison of integer expressions of different signedness: \xe2\x80\x98\x1b[01m\x1b[Kint\x1b[m\x1b[K\xe2\x80\x99 and \xe2\x80\x98\x1b[01m\x1b[Kstd::vector<LaserPoint>::size_type\x1b[m\x1b[K\xe2\x80\x99 {aka \xe2\x80\x98\x1b[01m\x1b[Klong unsigned int\x1b[m\x1b[K\xe2\x80\x99} [\x1b[01;35m\x1b[K\x1b]8;;https://gcc.gnu.org/onlinedocs/gcc/Warning-Options.html#index-Wsign-compare\x07-Wsign-compare\x1b]8;;\x07\x1b[m\x1b[K]\n'}
[3.352970] (cspc_lidar) StderrLine: {'line': b'  155 |         for (i0 = 0; \x1b[01;35m\x1b[Ki0 < Scan->points.size()\x1b[m\x1b[K; i0++)\n'}
[3.353060] (cspc_lidar) StderrLine: {'line': b'      |                      \x1b[01;35m\x1b[K~~~^~~~~~~~~~~~~~~~~~~~~\x1b[m\x1b[K\n'}
[3.353171] (cspc_lidar) StderrLine: {'line': b'\x1b[01m\x1b[K/home/meng/mDetectRobot/turtlebot3_ws/src/cspc_lidar/sdk/point_cloud_optimize.cpp:158:25:\x1b[m\x1b[K \x1b[01;35m\x1b[Kwarning: \x1b[m\x1b[Kcomparison of integer expressions of different signedness: \xe2\x80\x98\x1b[01m\x1b[Kint\x1b[m\x1b[K\xe2\x80\x99 and \xe2\x80\x98\x1b[01m\x1b[Kstd::vector<LaserPoint>::size_type\x1b[m\x1b[K\xe2\x80\x99 {aka \xe2\x80\x98\x1b[01m\x1b[Klong unsigned int\x1b[m\x1b[K\xe2\x80\x99} [\x1b[01;35m\x1b[K\x1b]8;;https://gcc.gnu.org/onlinedocs/gcc/Warning-Options.html#index-Wsign-compare\x07-Wsign-compare\x1b]8;;\x07\x1b[m\x1b[K]\n'}
[3.353269] (cspc_lidar) StderrLine: {'line': b'  158 |                 i1 = \x1b[01;35m\x1b[Ki1 < Scan->points.size()\x1b[m\x1b[K ? i1 : i1 - Scan->points.size();\n'}
[3.353358] (cspc_lidar) StderrLine: {'line': b'      |                      \x1b[01;35m\x1b[K~~~^~~~~~~~~~~~~~~~~~~~~\x1b[m\x1b[K\n'}
[3.353443] (cspc_lidar) StderrLine: {'line': b'\x1b[01m\x1b[K/home/meng/mDetectRobot/turtlebot3_ws/src/cspc_lidar/sdk/point_cloud_optimize.cpp:160:25:\x1b[m\x1b[K \x1b[01;35m\x1b[Kwarning: \x1b[m\x1b[Kcomparison of integer expressions of different signedness: \xe2\x80\x98\x1b[01m\x1b[Kint\x1b[m\x1b[K\xe2\x80\x99 and \xe2\x80\x98\x1b[01m\x1b[Kstd::vector<LaserPoint>::size_type\x1b[m\x1b[K\xe2\x80\x99 {aka \xe2\x80\x98\x1b[01m\x1b[Klong unsigned int\x1b[m\x1b[K\xe2\x80\x99} [\x1b[01;35m\x1b[K\x1b]8;;https://gcc.gnu.org/onlinedocs/gcc/Warning-Options.html#index-Wsign-compare\x07-Wsign-compare\x1b]8;;\x07\x1b[m\x1b[K]\n'}
[3.353535] (cspc_lidar) StderrLine: {'line': b'  160 |                 i2 = \x1b[01;35m\x1b[Ki2 < Scan->points.size()\x1b[m\x1b[K ? i2 : i2 - Scan->points.size();\n'}
[3.353622] (cspc_lidar) StderrLine: {'line': b'      |                      \x1b[01;35m\x1b[K~~~^~~~~~~~~~~~~~~~~~~~~\x1b[m\x1b[K\n'}
[3.353714] (cspc_lidar) StderrLine: {'line': b'\x1b[01m\x1b[K/home/meng/mDetectRobot/turtlebot3_ws/src/cspc_lidar/sdk/point_cloud_optimize.cpp:162:25:\x1b[m\x1b[K \x1b[01;35m\x1b[Kwarning: \x1b[m\x1b[Kcomparison of integer expressions of different signedness: \xe2\x80\x98\x1b[01m\x1b[Kint\x1b[m\x1b[K\xe2\x80\x99 and \xe2\x80\x98\x1b[01m\x1b[Kstd::vector<LaserPoint>::size_type\x1b[m\x1b[K\xe2\x80\x99 {aka \xe2\x80\x98\x1b[01m\x1b[Klong unsigned int\x1b[m\x1b[K\xe2\x80\x99} [\x1b[01;35m\x1b[K\x1b]8;;https://gcc.gnu.org/onlinedocs/gcc/Warning-Options.html#index-Wsign-compare\x07-Wsign-compare\x1b]8;;\x07\x1b[m\x1b[K]\n'}
[3.353810] (cspc_lidar) StderrLine: {'line': b'  162 |                 i3 = \x1b[01;35m\x1b[Ki3 < Scan->points.size()\x1b[m\x1b[K ? i3 : i3 - Scan->points.size();\n'}
[3.353966] (cspc_lidar) StderrLine: {'line': b'      |                      \x1b[01;35m\x1b[K~~~^~~~~~~~~~~~~~~~~~~~~\x1b[m\x1b[K\n'}
[3.354052] (cspc_lidar) StderrLine: {'line': b'\x1b[01m\x1b[K/home/meng/mDetectRobot/turtlebot3_ws/src/cspc_lidar/sdk/point_cloud_optimize.cpp:164:25:\x1b[m\x1b[K \x1b[01;35m\x1b[Kwarning: \x1b[m\x1b[Kcomparison of integer expressions of different signedness: \xe2\x80\x98\x1b[01m\x1b[Kint\x1b[m\x1b[K\xe2\x80\x99 and \xe2\x80\x98\x1b[01m\x1b[Kstd::vector<LaserPoint>::size_type\x1b[m\x1b[K\xe2\x80\x99 {aka \xe2\x80\x98\x1b[01m\x1b[Klong unsigned int\x1b[m\x1b[K\xe2\x80\x99} [\x1b[01;35m\x1b[K\x1b]8;;https://gcc.gnu.org/onlinedocs/gcc/Warning-Options.html#index-Wsign-compare\x07-Wsign-compare\x1b]8;;\x07\x1b[m\x1b[K]\n'}
[3.354160] (cspc_lidar) StderrLine: {'line': b'  164 |                 i4 = \x1b[01;35m\x1b[Ki4 < Scan->points.size()\x1b[m\x1b[K ? i4 : i4 - Scan->points.size();\n'}
[3.354251] (cspc_lidar) StderrLine: {'line': b'      |                      \x1b[01;35m\x1b[K~~~^~~~~~~~~~~~~~~~~~~~~\x1b[m\x1b[K\n'}
[3.354332] (cspc_lidar) StderrLine: {'line': b'\x1b[01m\x1b[K/home/meng/mDetectRobot/turtlebot3_ws/src/cspc_lidar/sdk/serial_port.cpp:\x1b[m\x1b[K In member function \xe2\x80\x98\x1b[01m\x1b[Kbool Serial_Port::setCustomBaudRate(long unsigned int)\x1b[m\x1b[K\xe2\x80\x99:\n'}
[3.354421] (cspc_lidar) StderrLine: {'line': b'\x1b[01m\x1b[K/home/meng/mDetectRobot/turtlebot3_ws/src/cspc_lidar/sdk/serial_port.cpp:571:1:\x1b[m\x1b[K \x1b[01;35m\x1b[Kwarning: \x1b[m\x1b[Kcontrol reaches end of non-void function [\x1b[01;35m\x1b[K\x1b]8;;https://gcc.gnu.org/onlinedocs/gcc/Warning-Options.html#index-Wreturn-type\x07-Wreturn-type\x1b]8;;\x07\x1b[m\x1b[K]\n'}
[3.354523] (cspc_lidar) StderrLine: {'line': b'  571 | \x1b[01;35m\x1b[K}\x1b[m\x1b[K\n'}
[3.354611] (cspc_lidar) StderrLine: {'line': b'      | \x1b[01;35m\x1b[K^\x1b[m\x1b[K\n'}
[3.354836] (cspc_lidar) StderrLine: {'line': b'\x1b[01m\x1b[K/home/meng/mDetectRobot/turtlebot3_ws/src/cspc_lidar/sdk/point_cloud_optimize.cpp:\x1b[m\x1b[K In member function \xe2\x80\x98\x1b[01m\x1b[Kint Point_cloud_optimize::UltrasonicSimRanging(LaserPoint&)\x1b[m\x1b[K\xe2\x80\x99:\n'}
[3.354947] (cspc_lidar) StderrLine: {'line': b'\x1b[01m\x1b[K/home/meng/mDetectRobot/turtlebot3_ws/src/cspc_lidar/sdk/point_cloud_optimize.cpp:228:13:\x1b[m\x1b[K \x1b[01;35m\x1b[Kwarning: \x1b[m\x1b[Kunused variable \xe2\x80\x98\x1b[01m\x1b[Ki\x1b[m\x1b[K\xe2\x80\x99 [\x1b[01;35m\x1b[K\x1b]8;;https://gcc.gnu.org/onlinedocs/gcc/Warning-Options.html#index-Wunused-variable\x07-Wunused-variable\x1b]8;;\x07\x1b[m\x1b[K]\n'}
[3.355044] (cspc_lidar) StderrLine: {'line': b'  228 |         int \x1b[01;35m\x1b[Ki\x1b[m\x1b[K, index;\n'}
[3.355146] (cspc_lidar) StderrLine: {'line': b'      |             \x1b[01;35m\x1b[K^\x1b[m\x1b[K\n'}
[3.355234] (cspc_lidar) StderrLine: {'line': b'\x1b[01m\x1b[K/home/meng/mDetectRobot/turtlebot3_ws/src/cspc_lidar/sdk/point_cloud_optimize.cpp:229:15:\x1b[m\x1b[K \x1b[01;35m\x1b[Kwarning: \x1b[m\x1b[Kunused variable \xe2\x80\x98\x1b[01m\x1b[Ktempdep\x1b[m\x1b[K\xe2\x80\x99 [\x1b[01;35m\x1b[K\x1b]8;;https://gcc.gnu.org/onlinedocs/gcc/Warning-Options.html#index-Wunused-variable\x07-Wunused-variable\x1b]8;;\x07\x1b[m\x1b[K]\n'}
[3.355322] (cspc_lidar) StderrLine: {'line': b'  229 |         short \x1b[01;35m\x1b[Ktempdep\x1b[m\x1b[K;\n'}
[3.355403] (cspc_lidar) StderrLine: {'line': b'      |               \x1b[01;35m\x1b[K^~~~~~~\x1b[m\x1b[K\n'}
[3.355483] (cspc_lidar) StderrLine: {'line': b'\x1b[01m\x1b[K/home/meng/mDetectRobot/turtlebot3_ws/src/cspc_lidar/sdk/point_cloud_optimize.cpp:253:1:\x1b[m\x1b[K \x1b[01;35m\x1b[Kwarning: \x1b[m\x1b[Kno return statement in function returning non-void [\x1b[01;35m\x1b[K\x1b]8;;https://gcc.gnu.org/onlinedocs/gcc/Warning-Options.html#index-Wreturn-type\x07-Wreturn-type\x1b]8;;\x07\x1b[m\x1b[K]\n'}
[3.355567] (cspc_lidar) StderrLine: {'line': b'  253 | \x1b[01;35m\x1b[K}\x1b[m\x1b[K\n'}
[3.355645] (cspc_lidar) StderrLine: {'line': b'      | \x1b[01;35m\x1b[K^\x1b[m\x1b[K\n'}
[3.355724] (cspc_lidar) StderrLine: {'line': b'\x1b[01m\x1b[K/home/meng/mDetectRobot/turtlebot3_ws/src/cspc_lidar/sdk/point_cloud_optimize.cpp:\x1b[m\x1b[K In member function \xe2\x80\x98\x1b[01m\x1b[Kvoid Point_cloud_optimize::lidar_blocked_init()\x1b[m\x1b[K\xe2\x80\x99:\n'}
[3.355817] (cspc_lidar) StderrLine: {'line': b'\x1b[01m\x1b[K/home/meng/mDetectRobot/turtlebot3_ws/src/cspc_lidar/sdk/point_cloud_optimize.cpp:404:69:\x1b[m\x1b[K \x1b[01;35m\x1b[Kwarning: \x1b[m\x1b[Ksuggest parentheses around \xe2\x80\x98\x1b[01m\x1b[K&&\x1b[m\x1b[K\xe2\x80\x99 within \xe2\x80\x98\x1b[01m\x1b[K||\x1b[m\x1b[K\xe2\x80\x99 [\x1b[01;35m\x1b[K\x1b]8;;https://gcc.gnu.org/onlinedocs/gcc/Warning-Options.html#index-Wparentheses\x07-Wparentheses\x1b]8;;\x07\x1b[m\x1b[K]\n'}
[3.355900] (cspc_lidar) StderrLine: {'line': b'  404 |                         if((angle >= 0 && angle < 90)|| \x1b[01;35m\x1b[Kangle > 270 && angle <=360\x1b[m\x1b[K){\n'}
[3.355981] (cspc_lidar) StderrLine: {'line': b'      |                                                         \x1b[01;35m\x1b[K~~~~~~~~~~~~^~~~~~~~~~~~~~\x1b[m\x1b[K\n'}
[3.356059] (cspc_lidar) StderrLine: {'line': b'\x1b[01m\x1b[K/home/meng/mDetectRobot/turtlebot3_ws/src/cspc_lidar/sdk/point_cloud_optimize.cpp:375:21:\x1b[m\x1b[K \x1b[01;35m\x1b[Kwarning: \x1b[m\x1b[Kunused variable \xe2\x80\x98\x1b[01m\x1b[Ktemp\x1b[m\x1b[K\xe2\x80\x99 [\x1b[01;35m\x1b[K\x1b]8;;https://gcc.gnu.org/onlinedocs/gcc/Warning-Options.html#index-Wunused-variable\x07-Wunused-variable\x1b]8;;\x07\x1b[m\x1b[K]\n'}
[3.356159] (cspc_lidar) StderrLine: {'line': b'  375 |         float r, d, \x1b[01;35m\x1b[Ktemp\x1b[m\x1b[K;\n'}
[3.356239] (cspc_lidar) StderrLine: {'line': b'      |                     \x1b[01;35m\x1b[K^~~~\x1b[m\x1b[K\n'}
[3.378032] (cspc_lidar) StderrLine: {'line': b'\x1b[01m\x1b[K/home/meng/mDetectRobot/turtlebot3_ws/src/cspc_lidar/sdk/lidar_data_processing.cpp:\x1b[m\x1b[K In member function \xe2\x80\x98\x1b[01m\x1b[Kbool Lidar_Data_Processing::wait_start_reply(uint64_t)\x1b[m\x1b[K\xe2\x80\x99:\n'}
[3.378259] (cspc_lidar) StderrLine: {'line': b'\x1b[01m\x1b[K/home/meng/mDetectRobot/turtlebot3_ws/src/cspc_lidar/sdk/lidar_data_processing.cpp:107:49:\x1b[m\x1b[K \x1b[01;35m\x1b[Kwarning: \x1b[m\x1b[Kcomparison of integer expressions of different signedness: \xe2\x80\x98\x1b[01m\x1b[Kint64_t\x1b[m\x1b[K\xe2\x80\x99 {aka \xe2\x80\x98\x1b[01m\x1b[Klong int\x1b[m\x1b[K\xe2\x80\x99} and \xe2\x80\x98\x1b[01m\x1b[Kuint64_t\x1b[m\x1b[K\xe2\x80\x99 {aka \xe2\x80\x98\x1b[01m\x1b[Klong unsigned int\x1b[m\x1b[K\xe2\x80\x99} [\x1b[01;35m\x1b[K\x1b]8;;https://gcc.gnu.org/onlinedocs/gcc/Warning-Options.html#index-Wsign-compare\x07-Wsign-compare\x1b]8;;\x07\x1b[m\x1b[K]\n'}
[3.378372] (cspc_lidar) StderrLine: {'line': b'  107 |   while (\x1b[01;35m\x1b[K(waitTime = current_times() - startTs) <= timeout\x1b[m\x1b[K){\n'}
[3.378459] (cspc_lidar) StderrLine: {'line': b'      |          \x1b[01;35m\x1b[K~~~~~~~~~~~~~~~~~~~~~~~~~~~~~~~~~~~~~~~^~~~~~~~~~\x1b[m\x1b[K\n'}
[3.378932] (cspc_lidar) StderrLine: {'line': b'\x1b[01m\x1b[K/home/meng/mDetectRobot/turtlebot3_ws/src/cspc_lidar/sdk/lidar_data_processing.cpp:\x1b[m\x1b[K In member function \xe2\x80\x98\x1b[01m\x1b[Kresult_t Lidar_Data_Processing::waitSpeedRight(uint8_t, uint64_t)\x1b[m\x1b[K\xe2\x80\x99:\n'}
[3.379057] (cspc_lidar) StderrLine: {'line': b'\x1b[01m\x1b[K/home/meng/mDetectRobot/turtlebot3_ws/src/cspc_lidar/sdk/lidar_data_processing.cpp:209:56:\x1b[m\x1b[K \x1b[01;35m\x1b[Kwarning: \x1b[m\x1b[Kunused parameter \xe2\x80\x98\x1b[01m\x1b[Kcmd\x1b[m\x1b[K\xe2\x80\x99 [\x1b[01;35m\x1b[K\x1b]8;;https://gcc.gnu.org/onlinedocs/gcc/Warning-Options.html#index-Wunused-parameter\x07-Wunused-parameter\x1b]8;;\x07\x1b[m\x1b[K]\n'}
[3.379165] (cspc_lidar) StderrLine: {'line': b'  209 | result_t Lidar_Data_Processing::waitSpeedRight(\x1b[01;35m\x1b[Kuint8_t cmd\x1b[m\x1b[K,uint64_t timeout)\n'}
[3.379251] (cspc_lidar) StderrLine: {'line': b'      |                                                \x1b[01;35m\x1b[K~~~~~~~~^~~\x1b[m\x1b[K\n'}
[3.379569] (cspc_lidar) StderrLine: {'line': b'\x1b[01m\x1b[K/home/meng/mDetectRobot/turtlebot3_ws/src/cspc_lidar/sdk/lidar_data_processing.cpp:\x1b[m\x1b[K In member function \xe2\x80\x98\x1b[01m\x1b[Kresult_t Lidar_Data_Processing::waitResponseHeader(uint8_t, uint64_t)\x1b[m\x1b[K\xe2\x80\x99:\n'}
[3.379704] (cspc_lidar) StderrLine: {'line': b'\x1b[01m\x1b[K/home/meng/mDetectRobot/turtlebot3_ws/src/cspc_lidar/sdk/lidar_data_processing.cpp:481:28:\x1b[m\x1b[K \x1b[01;35m\x1b[Kwarning: \x1b[m\x1b[Kformat \xe2\x80\x98\x1b[01m\x1b[K%d\x1b[m\x1b[K\xe2\x80\x99 expects argument of type \xe2\x80\x98\x1b[01m\x1b[Kint\x1b[m\x1b[K\xe2\x80\x99, but argument 4 has type \xe2\x80\x98\x1b[01m\x1b[Ksize_t\x1b[m\x1b[K\xe2\x80\x99 {aka \xe2\x80\x98\x1b[01m\x1b[Klong unsigned int\x1b[m\x1b[K\xe2\x80\x99} [\x1b[01;35m\x1b[K\x1b]8;;https://gcc.gnu.org/onlinedocs/gcc/Warning-Options.html#index-Wformat=\x07-Wformat=\x1b]8;;\x07\x1b[m\x1b[K]\n'}
[3.379801] (cspc_lidar) StderrLine: {'line': b'  481 |       printf("data**%d,%d,\x1b[01;35m\x1b[K%d\x1b[m\x1b[K\\n",check_sum_cal,recvBuffer[remainSize-1],\x1b[32m\x1b[KremainSize\x1b[m\x1b[K);\n'}
[3.379885] (cspc_lidar) StderrLine: {'line': b'      |                           \x1b[01;35m\x1b[K~^\x1b[m\x1b[K                                           \x1b[32m\x1b[K~~~~~~~~~~\x1b[m\x1b[K\n'}
[3.379966] (cspc_lidar) StderrLine: {'line': b'      |                            \x1b[01;35m\x1b[K|\x1b[m\x1b[K                                           \x1b[32m\x1b[K|\x1b[m\x1b[K\n'}
[3.380045] (cspc_lidar) StderrLine: {'line': b'      |                            \x1b[01;35m\x1b[Kint\x1b[m\x1b[K                                         \x1b[32m\x1b[Ksize_t {aka long unsigned int}\x1b[m\x1b[K\n'}
[3.380147] (cspc_lidar) StderrLine: {'line': b'      |                           \x1b[32m\x1b[K%ld\x1b[m\x1b[K\n'}
[3.382174] (cspc_lidar) StderrLine: {'line': b'\x1b[01m\x1b[K/home/meng/mDetectRobot/turtlebot3_ws/src/cspc_lidar/sdk/node_lidar.cpp:\x1b[m\x1b[K In function \xe2\x80\x98\x1b[01m\x1b[Kvoid flushSerial()\x1b[m\x1b[K\xe2\x80\x99:\n'}
[3.382503] (cspc_lidar) StderrLine: {'line': b'\x1b[01m\x1b[K/home/meng/mDetectRobot/turtlebot3_ws/src/cspc_lidar/sdk/node_lidar.cpp:53:24:\x1b[m\x1b[K \x1b[01;35m\x1b[Kwarning: \x1b[m\x1b[Kunused variable \xe2\x80\x98\x1b[01m\x1b[Kbytes_read\x1b[m\x1b[K\xe2\x80\x99 [\x1b[01;35m\x1b[K\x1b]8;;https://gcc.gnu.org/onlinedocs/gcc/Warning-Options.html#index-Wunused-variable\x07-Wunused-variable\x1b]8;;\x07\x1b[m\x1b[K]\n'}
[3.382620] (cspc_lidar) StderrLine: {'line': b'   53 |                 size_t \x1b[01;35m\x1b[Kbytes_read\x1b[m\x1b[K = node_lidar.serial_port->read_data(buffer, len);\n'}
[3.382716] (cspc_lidar) StderrLine: {'line': b'      |                        \x1b[01;35m\x1b[K^~~~~~~~~~\x1b[m\x1b[K\n'}
[3.382796] (cspc_lidar) StderrLine: {'line': b'\x1b[01m\x1b[K/home/meng/mDetectRobot/turtlebot3_ws/src/cspc_lidar/sdk/node_lidar.cpp:\x1b[m\x1b[K In function \xe2\x80\x98\x1b[01m\x1b[Kbool lidar_state_judgment()\x1b[m\x1b[K\xe2\x80\x99:\n'}
[3.382874] (cspc_lidar) StderrLine: {'line': b'\x1b[01m\x1b[K/home/meng/mDetectRobot/turtlebot3_ws/src/cspc_lidar/sdk/node_lidar.cpp:86:52:\x1b[m\x1b[K \x1b[01;35m\x1b[Kwarning: \x1b[m\x1b[Kformat \xe2\x80\x98\x1b[01m\x1b[K%lld\x1b[m\x1b[K\xe2\x80\x99 expects argument of type \xe2\x80\x98\x1b[01m\x1b[Klong long int\x1b[m\x1b[K\xe2\x80\x99, but argument 2 has type \xe2\x80\x98\x1b[01m\x1b[Kuint64_t\x1b[m\x1b[K\xe2\x80\x99 {aka \xe2\x80\x98\x1b[01m\x1b[Klong unsigned int\x1b[m\x1b[K\xe2\x80\x99} [\x1b[01;35m\x1b[K\x1b]8;;https://gcc.gnu.org/onlinedocs/gcc/Warning-Options.html#index-Wformat=\x07-Wformat=\x1b]8;;\x07\x1b[m\x1b[K]\n'}
[3.382961] (cspc_lidar) StderrLine: {'line': b'   86 |                 printf("Status abnormal restart \x1b[01;35m\x1b[K%lld\x1b[m\x1b[K\\n",\x1b[32m\x1b[Klidar_status_time\x1b[m\x1b[K);\n'}
[3.383043] (cspc_lidar) StderrLine: {'line': b'      |                                                 \x1b[01;35m\x1b[K~~~^\x1b[m\x1b[K    \x1b[32m\x1b[K~~~~~~~~~~~~~~~~~\x1b[m\x1b[K\n'}
[3.383302] (cspc_lidar) StderrLine: {'line': b'      |                                                    \x1b[01;35m\x1b[K|\x1b[m\x1b[K    \x1b[32m\x1b[K|\x1b[m\x1b[K\n'}
[3.383409] (cspc_lidar) StderrLine: {'line': b'      |                                                    \x1b[01;35m\x1b[K|\x1b[m\x1b[K    \x1b[32m\x1b[Kuint64_t {aka long unsigned int}\x1b[m\x1b[K\n'}
[3.383496] (cspc_lidar) StderrLine: {'line': b'      |                                                    \x1b[01;35m\x1b[Klong long int\x1b[m\x1b[K\n'}
[3.383713] (cspc_lidar) StderrLine: {'line': b'      |                                                 \x1b[32m\x1b[K%ld\x1b[m\x1b[K\n'}
[3.383814] (cspc_lidar) StderrLine: {'line': b'\x1b[01m\x1b[K/home/meng/mDetectRobot/turtlebot3_ws/src/cspc_lidar/sdk/lidar_data_processing.cpp:\x1b[m\x1b[K In member function \xe2\x80\x98\x1b[01m\x1b[Kresult_t Lidar_Data_Processing::waitPackage_coin(node_info*, uint32_t)\x1b[m\x1b[K\xe2\x80\x99:\n'}
[3.383901] (cspc_lidar) StderrLine: {'line': b'\x1b[01m\x1b[K/home/meng/mDetectRobot/turtlebot3_ws/src/cspc_lidar/sdk/lidar_data_processing.cpp:973:9:\x1b[m\x1b[K \x1b[01;35m\x1b[Kwarning: \x1b[m\x1b[Kunused variable \xe2\x80\x98\x1b[01m\x1b[Kk\x1b[m\x1b[K\xe2\x80\x99 [\x1b[01;35m\x1b[K\x1b]8;;https://gcc.gnu.org/onlinedocs/gcc/Warning-Options.html#index-Wunused-variable\x07-Wunused-variable\x1b]8;;\x07\x1b[m\x1b[K]\n'}
[3.383986] (cspc_lidar) StderrLine: {'line': b'  973 |     int \x1b[01;35m\x1b[Kk\x1b[m\x1b[K;\n'}
[3.384064] (cspc_lidar) StderrLine: {'line': b'      |         \x1b[01;35m\x1b[K^\x1b[m\x1b[K\n'}
[3.384164] (cspc_lidar) StderrLine: {'line': b'\x1b[01m\x1b[K/home/meng/mDetectRobot/turtlebot3_ws/src/cspc_lidar/sdk/node_lidar.cpp:62:21:\x1b[m\x1b[K \x1b[01;35m\x1b[Kwarning: \x1b[m\x1b[Kunused variable \xe2\x80\x98\x1b[01m\x1b[Kstatus_judge\x1b[m\x1b[K\xe2\x80\x99 [\x1b[01;35m\x1b[K\x1b]8;;https://gcc.gnu.org/onlinedocs/gcc/Warning-Options.html#index-Wunused-variable\x07-Wunused-variable\x1b]8;;\x07\x1b[m\x1b[K]\n'}
[3.384247] (cspc_lidar) StderrLine: {'line': b'   62 |         static bool \x1b[01;35m\x1b[Kstatus_judge\x1b[m\x1b[K = false;     //Overall status judgment\n'}
[3.384325] (cspc_lidar) StderrLine: {'line': b'      |                     \x1b[01;35m\x1b[K^~~~~~~~~~~~\x1b[m\x1b[K\n'}
[3.384400] (cspc_lidar) StderrLine: {'line': b'\x1b[01m\x1b[K/home/meng/mDetectRobot/turtlebot3_ws/src/cspc_lidar/sdk/node_lidar.cpp:65:21:\x1b[m\x1b[K \x1b[01;35m\x1b[Kwarning: \x1b[m\x1b[Kvariable \xe2\x80\x98\x1b[01m\x1b[Klidar_start_flag\x1b[m\x1b[K\xe2\x80\x99 set but not used [\x1b[01;35m\x1b[K\x1b]8;;https://gcc.gnu.org/onlinedocs/gcc/Warning-Options.html#index-Wunused-but-set-variable\x07-Wunused-but-set-variable\x1b]8;;\x07\x1b[m\x1b[K]\n'}
[3.384488] (cspc_lidar) StderrLine: {'line': b'   65 |         static bool \x1b[01;35m\x1b[Klidar_start_flag\x1b[m\x1b[K = false; //Lidar feedback flag after issuing the lidar startup command\n'}
[3.384565] (cspc_lidar) StderrLine: {'line': b'      |                     \x1b[01;35m\x1b[K^~~~~~~~~~~~~~~~\x1b[m\x1b[K\n'}
[3.384640] (cspc_lidar) StderrLine: {'line': b'\x1b[01m\x1b[K/home/meng/mDetectRobot/turtlebot3_ws/src/cspc_lidar/sdk/lidar_data_processing.cpp:873:11:\x1b[m\x1b[K \x1b[01;35m\x1b[Kwarning: \x1b[m\x1b[Kvariable \xe2\x80\x98\x1b[01m\x1b[KAngleCorrectForDistance\x1b[m\x1b[K\xe2\x80\x99 set but not used [\x1b[01;35m\x1b[K\x1b]8;;https://gcc.gnu.org/onlinedocs/gcc/Warning-Options.html#index-Wunused-but-set-variable\x07-Wunused-but-set-variable\x1b]8;;\x07\x1b[m\x1b[K]\n'}
[3.384720] (cspc_lidar) StderrLine: {'line': b'  873 |   int32_t \x1b[01;35m\x1b[KAngleCorrectForDistance\x1b[m\x1b[K = 0;\n'}
[3.384798] (cspc_lidar) StderrLine: {'line': b'      |           \x1b[01;35m\x1b[K^~~~~~~~~~~~~~~~~~~~~~~\x1b[m\x1b[K\n'}
[3.384875] (cspc_lidar) StderrLine: {'line': b'\x1b[01m\x1b[K/home/meng/mDetectRobot/turtlebot3_ws/src/cspc_lidar/sdk/lidar_data_processing.cpp:875:11:\x1b[m\x1b[K \x1b[01;35m\x1b[Kwarning: \x1b[m\x1b[Kunused variable \xe2\x80\x98\x1b[01m\x1b[Kpackage_type\x1b[m\x1b[K\xe2\x80\x99 [\x1b[01;35m\x1b[K\x1b]8;;https://gcc.gnu.org/onlinedocs/gcc/Warning-Options.html#index-Wunused-variable\x07-Wunused-variable\x1b]8;;\x07\x1b[m\x1b[K]\n'}
[3.384952] (cspc_lidar) StderrLine: {'line': b'  875 |   uint8_t \x1b[01;35m\x1b[Kpackage_type\x1b[m\x1b[K = 0;\n'}
[3.385024] (cspc_lidar) StderrLine: {'line': b'      |           \x1b[01;35m\x1b[K^~~~~~~~~~~~\x1b[m\x1b[K\n'}
[3.385102] (cspc_lidar) StderrLine: {'line': b'\x1b[01m\x1b[K/home/meng/mDetectRobot/turtlebot3_ws/src/cspc_lidar/sdk/lidar_data_processing.cpp:877:12:\x1b[m\x1b[K \x1b[01;35m\x1b[Kwarning: \x1b[m\x1b[Kunused variable \xe2\x80\x98\x1b[01m\x1b[Kstart\x1b[m\x1b[K\xe2\x80\x99 [\x1b[01;35m\x1b[K\x1b]8;;https://gcc.gnu.org/onlinedocs/gcc/Warning-Options.html#index-Wunused-variable\x07-Wunused-variable\x1b]8;;\x07\x1b[m\x1b[K]\n'}
[3.385193] (cspc_lidar) StderrLine: {'line': b'  877 |   uint16_t \x1b[01;35m\x1b[Kstart\x1b[m\x1b[K;\n'}
[3.385267] (cspc_lidar) StderrLine: {'line': b'      |            \x1b[01;35m\x1b[K^~~~~\x1b[m\x1b[K\n'}
[3.385346] (cspc_lidar) StderrLine: {'line': b'\x1b[01m\x1b[K/home/meng/mDetectRobot/turtlebot3_ws/src/cspc_lidar/sdk/lidar_data_processing.cpp:878:12:\x1b[m\x1b[K \x1b[01;35m\x1b[Kwarning: \x1b[m\x1b[Kunused variable \xe2\x80\x98\x1b[01m\x1b[Kstop\x1b[m\x1b[K\xe2\x80\x99 [\x1b[01;35m\x1b[K\x1b]8;;https://gcc.gnu.org/onlinedocs/gcc/Warning-Options.html#index-Wunused-variable\x07-Wunused-variable\x1b]8;;\x07\x1b[m\x1b[K]\n'}
[3.385421] (cspc_lidar) StderrLine: {'line': b'  878 |   uint16_t \x1b[01;35m\x1b[Kstop\x1b[m\x1b[K;\n'}
[3.385492] (cspc_lidar) StderrLine: {'line': b'      |            \x1b[01;35m\x1b[K^~~~\x1b[m\x1b[K\n'}
[3.385571] (cspc_lidar) StderrLine: {'line': b'\x1b[01m\x1b[K/home/meng/mDetectRobot/turtlebot3_ws/src/cspc_lidar/sdk/node_lidar.cpp:\x1b[m\x1b[K In function \xe2\x80\x98\x1b[01m\x1b[Kint read_forever()\x1b[m\x1b[K\xe2\x80\x99:\n'}
[3.385645] (cspc_lidar) StderrLine: {'line': b'\x1b[01m\x1b[K/home/meng/mDetectRobot/turtlebot3_ws/src/cspc_lidar/sdk/node_lidar.cpp:205:82:\x1b[m\x1b[K \x1b[01;35m\x1b[Kwarning: \x1b[m\x1b[Kformat \xe2\x80\x98\x1b[01m\x1b[K%d\x1b[m\x1b[K\xe2\x80\x99 expects argument of type \xe2\x80\x98\x1b[01m\x1b[Kint\x1b[m\x1b[K\xe2\x80\x99, but argument 2 has type \xe2\x80\x98\x1b[01m\x1b[Ksize_t\x1b[m\x1b[K\xe2\x80\x99 {aka \xe2\x80\x98\x1b[01m\x1b[Klong unsigned int\x1b[m\x1b[K\xe2\x80\x99} [\x1b[01;35m\x1b[K\x1b]8;;https://gcc.gnu.org/onlinedocs/gcc/Warning-Options.html#index-Wformat=\x07-Wformat=\x1b]8;;\x07\x1b[m\x1b[K]\n'}
[3.385727] (cspc_lidar) StderrLine: {'line': b'  205 |                                                         printf("full----- count=\x1b[01;35m\x1b[K%d\x1b[m\x1b[K,time=%lld,frequence=%d\\n",\x1b[32m\x1b[Kscan_count\x1b[m\x1b[K,current_times(),local_scan[0].scan_frequence);\n'}
[3.385803] (cspc_lidar) StderrLine: {'line': b'      |                                                                                 \x1b[01;35m\x1b[K~^\x1b[m\x1b[K                           \x1b[32m\x1b[K~~~~~~~~~~\x1b[m\x1b[K\n'}
[3.385875] (cspc_lidar) StderrLine: {'line': b'      |                                                                                  \x1b[01;35m\x1b[K|\x1b[m\x1b[K                           \x1b[32m\x1b[K|\x1b[m\x1b[K\n'}
[3.385948] (cspc_lidar) StderrLine: {'line': b'      |                                                                                  \x1b[01;35m\x1b[Kint\x1b[m\x1b[K                         \x1b[32m\x1b[Ksize_t {aka long unsigned int}\x1b[m\x1b[K\n'}
[3.386021] (cspc_lidar) StderrLine: {'line': b'      |                                                                                 \x1b[32m\x1b[K%ld\x1b[m\x1b[K\n'}
[3.386099] (cspc_lidar) StderrLine: {'line': b'\x1b[01m\x1b[K/home/meng/mDetectRobot/turtlebot3_ws/src/cspc_lidar/sdk/node_lidar.cpp:205:92:\x1b[m\x1b[K \x1b[01;35m\x1b[Kwarning: \x1b[m\x1b[Kformat \xe2\x80\x98\x1b[01m\x1b[K%lld\x1b[m\x1b[K\xe2\x80\x99 expects argument of type \xe2\x80\x98\x1b[01m\x1b[Klong long int\x1b[m\x1b[K\xe2\x80\x99, but argument 3 has type \xe2\x80\x98\x1b[01m\x1b[Kint64_t\x1b[m\x1b[K\xe2\x80\x99 {aka \xe2\x80\x98\x1b[01m\x1b[Klong int\x1b[m\x1b[K\xe2\x80\x99} [\x1b[01;35m\x1b[K\x1b]8;;https://gcc.gnu.org/onlinedocs/gcc/Warning-Options.html#index-Wformat=\x07-Wformat=\x1b]8;;\x07\x1b[m\x1b[K]\n'}
[3.386183] (cspc_lidar) StderrLine: {'line': b'  205 |                                                         printf("full----- count=%d,time=\x1b[01;35m\x1b[K%lld\x1b[m\x1b[K,frequence=%d\\n",scan_count,\x1b[32m\x1b[Kcurrent_times()\x1b[m\x1b[K,local_scan[0].scan_frequence);\n'}
[3.386256] (cspc_lidar) StderrLine: {'line': b'      |                                                                                         \x1b[01;35m\x1b[K~~~^\x1b[m\x1b[K                            \x1b[32m\x1b[K~~~~~~~~~~~~~~~\x1b[m\x1b[K\n'}
[3.386335] (cspc_lidar) StderrLine: {'line': b'      |                                                                                            \x1b[01;35m\x1b[K|\x1b[m\x1b[K                                         \x1b[32m\x1b[K|\x1b[m\x1b[K\n'}
[3.386407] (cspc_lidar) StderrLine: {'line': b'      |                                                                                            \x1b[01;35m\x1b[Klong long int\x1b[m\x1b[K                             \x1b[32m\x1b[Kint64_t {aka long int}\x1b[m\x1b[K\n'}
[3.386478] (cspc_lidar) StderrLine: {'line': b'      |                                                                                         \x1b[32m\x1b[K%ld\x1b[m\x1b[K\n'}
[3.386550] (cspc_lidar) StderrLine: {'line': b'\x1b[01m\x1b[K/home/meng/mDetectRobot/turtlebot3_ws/src/cspc_lidar/sdk/node_lidar.cpp:\x1b[m\x1b[K In function \xe2\x80\x98\x1b[01m\x1b[Kvoid send_lidar_data(LaserScan&)\x1b[m\x1b[K\xe2\x80\x99:\n'}
[3.386629] (cspc_lidar) StderrLine: {'line': b'\x1b[01m\x1b[K/home/meng/mDetectRobot/turtlebot3_ws/src/cspc_lidar/sdk/node_lidar.cpp:311:43:\x1b[m\x1b[K \x1b[01;35m\x1b[Kwarning: \x1b[m\x1b[Kcomparison of integer expressions of different signedness: \xe2\x80\x98\x1b[01m\x1b[Kint\x1b[m\x1b[K\xe2\x80\x99 and \xe2\x80\x98\x1b[01m\x1b[Ksize_t\x1b[m\x1b[K\xe2\x80\x99 {aka \xe2\x80\x98\x1b[01m\x1b[Klong unsigned int\x1b[m\x1b[K\xe2\x80\x99} [\x1b[01;35m\x1b[K\x1b]8;;https://gcc.gnu.org/onlinedocs/gcc/Warning-Options.html#index-Wsign-compare\x07-Wsign-compare\x1b]8;;\x07\x1b[m\x1b[K]\n'}
[3.386705] (cspc_lidar) StderrLine: {'line': b'  311 |                         for (int i = 0; \x1b[01;35m\x1b[Ki < count\x1b[m\x1b[K; i++)\n'}
[3.386779] (cspc_lidar) StderrLine: {'line': b'      |                                         \x1b[01;35m\x1b[K~~^~~~~~~\x1b[m\x1b[K\n'}
[3.403172] (cspc_lidar) StderrLine: {'line': b'\x1b[01m\x1b[K/home/meng/mDetectRobot/turtlebot3_ws/src/cspc_lidar/sdk/calibration.cpp:\x1b[m\x1b[K In function \xe2\x80\x98\x1b[01m\x1b[Kvoid pcloud_build_by_scan(LaserScan&, pcloud_t&)\x1b[m\x1b[K\xe2\x80\x99:\n'}
[3.403362] (cspc_lidar) StderrLine: {'line': b'\x1b[01m\x1b[K/home/meng/mDetectRobot/turtlebot3_ws/src/cspc_lidar/sdk/calibration.cpp:44:21:\x1b[m\x1b[K \x1b[01;35m\x1b[Kwarning: \x1b[m\x1b[Kcomparison of integer expressions of different signedness: \xe2\x80\x98\x1b[01m\x1b[Kint\x1b[m\x1b[K\xe2\x80\x99 and \xe2\x80\x98\x1b[01m\x1b[Kstd::vector<LaserPoint>::size_type\x1b[m\x1b[K\xe2\x80\x99 {aka \xe2\x80\x98\x1b[01m\x1b[Klong unsigned int\x1b[m\x1b[K\xe2\x80\x99} [\x1b[01;35m\x1b[K\x1b]8;;https://gcc.gnu.org/onlinedocs/gcc/Warning-Options.html#index-Wsign-compare\x07-Wsign-compare\x1b]8;;\x07\x1b[m\x1b[K]\n'}
[3.403461] (cspc_lidar) StderrLine: {'line': b'   44 |   for (int i = 0; \x1b[01;35m\x1b[Ki < outscan.points.size()\x1b[m\x1b[K; i++)\n'}
[3.403535] (cspc_lidar) StderrLine: {'line': b'      |                   \x1b[01;35m\x1b[K~~^~~~~~~~~~~~~~~~~~~~~~~\x1b[m\x1b[K\n'}
[3.403615] (cspc_lidar) StderrLine: {'line': b'\x1b[01m\x1b[K/home/meng/mDetectRobot/turtlebot3_ws/src/cspc_lidar/sdk/calibration.cpp:46:11:\x1b[m\x1b[K \x1b[01;35m\x1b[Kwarning: \x1b[m\x1b[K\xe2\x80\x98\x1b[01m\x1b[Kvoid* memset(void*, int, size_t)\x1b[m\x1b[K\xe2\x80\x99 clearing an object of non-trivial type \xe2\x80\x98\x1b[01m\x1b[Kpoint_t\x1b[m\x1b[K\xe2\x80\x99 {aka \xe2\x80\x98\x1b[01m\x1b[Kstruct _point_\x1b[m\x1b[K\xe2\x80\x99}; use assignment or value-initialization instead [\x1b[01;35m\x1b[K\x1b]8;;https://gcc.gnu.org/onlinedocs/gcc/Warning-Options.html#index-Wclass-memaccess\x07-Wclass-memaccess\x1b]8;;\x07\x1b[m\x1b[K]\n'}
[3.403697] (cspc_lidar) StderrLine: {'line': b'   46 |     \x1b[01;35m\x1b[Kmemset(&point, 0, sizeof(point_t))\x1b[m\x1b[K;\n'}
[3.403818] (cspc_lidar) StderrLine: {'line': b'      |     \x1b[01;35m\x1b[K~~~~~~^~~~~~~~~~~~~~~~~~~~~~~~~~~~\x1b[m\x1b[K\n'}
[3.403888] (cspc_lidar) StderrLine: {'line': b'In file included from \x1b[01m\x1b[K/home/meng/mDetectRobot/turtlebot3_ws/src/cspc_lidar/sdk/calibration.cpp:8\x1b[m\x1b[K:\n'}
[3.403957] (cspc_lidar) StderrLine: {'line': b'\x1b[01m\x1b[K/home/meng/mDetectRobot/turtlebot3_ws/src/cspc_lidar/sdk/calibration.h:52:16:\x1b[m\x1b[K \x1b[01;36m\x1b[Knote: \x1b[m\x1b[K\xe2\x80\x98\x1b[01m\x1b[Kpoint_t\x1b[m\x1b[K\xe2\x80\x99 {aka \xe2\x80\x98\x1b[01m\x1b[Kstruct _point_\x1b[m\x1b[K\xe2\x80\x99} declared here\n'}
[3.404073] (cspc_lidar) StderrLine: {'line': b'   52 | typedef struct \x1b[01;36m\x1b[K_point_\x1b[m\x1b[K\n'}
[3.404154] (cspc_lidar) StderrLine: {'line': b'      |                \x1b[01;36m\x1b[K^~~~~~~\x1b[m\x1b[K\n'}
[3.404225] (cspc_lidar) StderrLine: {'line': b'\x1b[01m\x1b[K/home/meng/mDetectRobot/turtlebot3_ws/src/cspc_lidar/sdk/calibration.cpp:\x1b[m\x1b[K In function \xe2\x80\x98\x1b[01m\x1b[Kint find_index(point_t, pcloud_t&)\x1b[m\x1b[K\xe2\x80\x99:\n'}
[3.404297] (cspc_lidar) StderrLine: {'line': b'\x1b[01m\x1b[K/home/meng/mDetectRobot/turtlebot3_ws/src/cspc_lidar/sdk/calibration.cpp:105:9:\x1b[m\x1b[K \x1b[01;35m\x1b[Kwarning: \x1b[m\x1b[K\xe2\x80\x98\x1b[01m\x1b[Kvoid* memset(void*, int, size_t)\x1b[m\x1b[K\xe2\x80\x99 clearing an object of non-trivial type \xe2\x80\x98\x1b[01m\x1b[Kpoint_t\x1b[m\x1b[K\xe2\x80\x99 {aka \xe2\x80\x98\x1b[01m\x1b[Kstruct _point_\x1b[m\x1b[K\xe2\x80\x99}; use assignment or value-initialization instead [\x1b[01;35m\x1b[K\x1b]8;;https://gcc.gnu.org/onlinedocs/gcc/Warning-Options.html#index-Wclass-memaccess\x07-Wclass-memaccess\x1b]8;;\x07\x1b[m\x1b[K]\n'}
[3.404383] (cspc_lidar) StderrLine: {'line': b'  105 |   \x1b[01;35m\x1b[Kmemset(&point_min, 0, sizeof(point_t))\x1b[m\x1b[K;\n'}
[3.404497] (cspc_lidar) StderrLine: {'line': b'      |   \x1b[01;35m\x1b[K~~~~~~^~~~~~~~~~~~~~~~~~~~~~~~~~~~~~~~\x1b[m\x1b[K\n'}
[3.404569] (cspc_lidar) StderrLine: {'line': b'In file included from \x1b[01m\x1b[K/home/meng/mDetectRobot/turtlebot3_ws/src/cspc_lidar/sdk/calibration.cpp:8\x1b[m\x1b[K:\n'}
[3.404640] (cspc_lidar) StderrLine: {'line': b'\x1b[01m\x1b[K/home/meng/mDetectRobot/turtlebot3_ws/src/cspc_lidar/sdk/calibration.h:52:16:\x1b[m\x1b[K \x1b[01;36m\x1b[Knote: \x1b[m\x1b[K\xe2\x80\x98\x1b[01m\x1b[Kpoint_t\x1b[m\x1b[K\xe2\x80\x99 {aka \xe2\x80\x98\x1b[01m\x1b[Kstruct _point_\x1b[m\x1b[K\xe2\x80\x99} declared here\n'}
[3.404712] (cspc_lidar) StderrLine: {'line': b'   52 | typedef struct \x1b[01;36m\x1b[K_point_\x1b[m\x1b[K\n'}
[3.404790] (cspc_lidar) StderrLine: {'line': b'      |                \x1b[01;36m\x1b[K^~~~~~~\x1b[m\x1b[K\n'}
[3.404862] (cspc_lidar) StderrLine: {'line': b'\x1b[01m\x1b[K/home/meng/mDetectRobot/turtlebot3_ws/src/cspc_lidar/sdk/calibration.cpp:124:23:\x1b[m\x1b[K \x1b[01;35m\x1b[Kwarning: \x1b[m\x1b[Kcomparison of integer expressions of different signedness: \xe2\x80\x98\x1b[01m\x1b[Kint\x1b[m\x1b[K\xe2\x80\x99 and \xe2\x80\x98\x1b[01m\x1b[Kstd::vector<_point_>::size_type\x1b[m\x1b[K\xe2\x80\x99 {aka \xe2\x80\x98\x1b[01m\x1b[Klong unsigned int\x1b[m\x1b[K\xe2\x80\x99} [\x1b[01;35m\x1b[K\x1b]8;;https://gcc.gnu.org/onlinedocs/gcc/Warning-Options.html#index-Wsign-compare\x07-Wsign-compare\x1b]8;;\x07\x1b[m\x1b[K]\n'}
[3.404939] (cspc_lidar) StderrLine: {'line': b'  124 |   if (\x1b[01;35m\x1b[Kpoint_min.index > pcloud.data.size()\x1b[m\x1b[K)\n'}
[3.405011] (cspc_lidar) StderrLine: {'line': b'      |       \x1b[01;35m\x1b[K~~~~~~~~~~~~~~~~^~~~~~~~~~~~~~~~~~~~\x1b[m\x1b[K\n'}
[3.405082] (cspc_lidar) StderrLine: {'line': b'\x1b[01m\x1b[K/home/meng/mDetectRobot/turtlebot3_ws/src/cspc_lidar/sdk/calibration.cpp:\x1b[m\x1b[K In function \xe2\x80\x98\x1b[01m\x1b[Kbool intersect(LineSegment, LineSegment, Vector2D&)\x1b[m\x1b[K\xe2\x80\x99:\n'}
[3.405164] (cspc_lidar) StderrLine: {'line': b'\x1b[01m\x1b[K/home/meng/mDetectRobot/turtlebot3_ws/src/cspc_lidar/sdk/calibration.cpp:167:10:\x1b[m\x1b[K \x1b[01;35m\x1b[Kwarning: \x1b[m\x1b[Kunused variable \xe2\x80\x98\x1b[01m\x1b[Kcross1\x1b[m\x1b[K\xe2\x80\x99 [\x1b[01;35m\x1b[K\x1b]8;;https://gcc.gnu.org/onlinedocs/gcc/Warning-Options.html#index-Wunused-variable\x07-Wunused-variable\x1b]8;;\x07\x1b[m\x1b[K]\n'}
[3.405236] (cspc_lidar) StderrLine: {'line': b'  167 |   double \x1b[01;35m\x1b[Kcross1\x1b[m\x1b[K = position1.x * direction1.y - position1.y * direction1.x;\n'}
[3.405305] (cspc_lidar) StderrLine: {'line': b'      |          \x1b[01;35m\x1b[K^~~~~~\x1b[m\x1b[K\n'}
[3.407289] (cspc_lidar) StderrLine: {'line': b'\x1b[01m\x1b[K/home/meng/mDetectRobot/turtlebot3_ws/src/cspc_lidar/sdk/calibration.cpp:\x1b[m\x1b[K In function \xe2\x80\x98\x1b[01m\x1b[Kdouble pointToLineDist(point_t, double, double)\x1b[m\x1b[K\xe2\x80\x99:\n'}
[3.407505] (-) TimerEvent: {}
[3.407615] (cspc_lidar) StderrLine: {'line': b'\x1b[01m\x1b[K/home/meng/mDetectRobot/turtlebot3_ws/src/cspc_lidar/sdk/calibration.cpp:439:10:\x1b[m\x1b[K \x1b[01;35m\x1b[Kwarning: \x1b[m\x1b[Kunused variable \xe2\x80\x98\x1b[01m\x1b[Ky0\x1b[m\x1b[K\xe2\x80\x99 [\x1b[01;35m\x1b[K\x1b]8;;https://gcc.gnu.org/onlinedocs/gcc/Warning-Options.html#index-Wunused-variable\x07-Wunused-variable\x1b]8;;\x07\x1b[m\x1b[K]\n'}
[3.407714] (cspc_lidar) StderrLine: {'line': b'  439 |   double \x1b[01;35m\x1b[Ky0\x1b[m\x1b[K = k * x0 + b;\n'}
[3.407793] (cspc_lidar) StderrLine: {'line': b'      |          \x1b[01;35m\x1b[K^~\x1b[m\x1b[K\n'}
[3.407861] (cspc_lidar) StderrLine: {'line': b'\x1b[01m\x1b[K/home/meng/mDetectRobot/turtlebot3_ws/src/cspc_lidar/sdk/calibration.cpp:\x1b[m\x1b[K In function \xe2\x80\x98\x1b[01m\x1b[Kbool line_judgment(std::vector<_point_>, point_t)\x1b[m\x1b[K\xe2\x80\x99:\n'}
[3.407930] (cspc_lidar) StderrLine: {'line': b'\x1b[01m\x1b[K/home/meng/mDetectRobot/turtlebot3_ws/src/cspc_lidar/sdk/calibration.cpp:462:19:\x1b[m\x1b[K \x1b[01;35m\x1b[Kwarning: \x1b[m\x1b[Kcomparison of integer expressions of different signedness: \xe2\x80\x98\x1b[01m\x1b[Kstd::vector<_point_>::size_type\x1b[m\x1b[K\xe2\x80\x99 {aka \xe2\x80\x98\x1b[01m\x1b[Klong unsigned int\x1b[m\x1b[K\xe2\x80\x99} and \xe2\x80\x98\x1b[01m\x1b[Kint\x1b[m\x1b[K\xe2\x80\x99 [\x1b[01;35m\x1b[K\x1b]8;;https://gcc.gnu.org/onlinedocs/gcc/Warning-Options.html#index-Wsign-compare\x07-Wsign-compare\x1b]8;;\x07\x1b[m\x1b[K]\n'}
[3.408007] (cspc_lidar) StderrLine: {'line': b'  462 |   if (\x1b[01;35m\x1b[Kline.size() <= reference\x1b[m\x1b[K)\n'}
[3.408076] (cspc_lidar) StderrLine: {'line': b'      |       \x1b[01;35m\x1b[K~~~~~~~~~~~~^~~~~~~~~~~~\x1b[m\x1b[K\n'}
[3.408156] (cspc_lidar) StderrLine: {'line': b'\x1b[01m\x1b[K/home/meng/mDetectRobot/turtlebot3_ws/src/cspc_lidar/sdk/calibration.cpp:467:19:\x1b[m\x1b[K \x1b[01;35m\x1b[Kwarning: \x1b[m\x1b[Kcomparison of integer expressions of different signedness: \xe2\x80\x98\x1b[01m\x1b[Kstd::vector<_point_>::size_type\x1b[m\x1b[K\xe2\x80\x99 {aka \xe2\x80\x98\x1b[01m\x1b[Klong unsigned int\x1b[m\x1b[K\xe2\x80\x99} and \xe2\x80\x98\x1b[01m\x1b[Kint\x1b[m\x1b[K\xe2\x80\x99 [\x1b[01;35m\x1b[K\x1b]8;;https://gcc.gnu.org/onlinedocs/gcc/Warning-Options.html#index-Wsign-compare\x07-Wsign-compare\x1b]8;;\x07\x1b[m\x1b[K]\n'}
[3.408236] (cspc_lidar) StderrLine: {'line': b'  467 |   if (\x1b[01;35m\x1b[Kline.size() <= reference\x1b[m\x1b[K)\n'}
[3.408303] (cspc_lidar) StderrLine: {'line': b'      |       \x1b[01;35m\x1b[K~~~~~~~~~~~~^~~~~~~~~~~~\x1b[m\x1b[K\n'}
[3.408368] (cspc_lidar) StderrLine: {'line': b'\x1b[01m\x1b[K/home/meng/mDetectRobot/turtlebot3_ws/src/cspc_lidar/sdk/calibration.cpp:471:23:\x1b[m\x1b[K \x1b[01;35m\x1b[Kwarning: \x1b[m\x1b[Kcomparison of integer expressions of different signedness: \xe2\x80\x98\x1b[01m\x1b[Kint\x1b[m\x1b[K\xe2\x80\x99 and \xe2\x80\x98\x1b[01m\x1b[Kstd::vector<_point_>::size_type\x1b[m\x1b[K\xe2\x80\x99 {aka \xe2\x80\x98\x1b[01m\x1b[Klong unsigned int\x1b[m\x1b[K\xe2\x80\x99} [\x1b[01;35m\x1b[K\x1b]8;;https://gcc.gnu.org/onlinedocs/gcc/Warning-Options.html#index-Wsign-compare\x07-Wsign-compare\x1b]8;;\x07\x1b[m\x1b[K]\n'}
[3.408437] (cspc_lidar) StderrLine: {'line': b'  471 |     for (int i = 1; \x1b[01;35m\x1b[Ki < line.size() - 1\x1b[m\x1b[K; i++)\n'}
[3.408503] (cspc_lidar) StderrLine: {'line': b'      |                     \x1b[01;35m\x1b[K~~^~~~~~~~~~~~~~~~~\x1b[m\x1b[K\n'}
[3.410200] (cspc_lidar) StderrLine: {'line': b'\x1b[01m\x1b[K/home/meng/mDetectRobot/turtlebot3_ws/src/cspc_lidar/sdk/calibration.cpp:\x1b[m\x1b[K In function \xe2\x80\x98\x1b[01m\x1b[Kvoid fitting_line(pcloud_t&)\x1b[m\x1b[K\xe2\x80\x99:\n'}
[3.410629] (cspc_lidar) StderrLine: {'line': b'\x1b[01m\x1b[K/home/meng/mDetectRobot/turtlebot3_ws/src/cspc_lidar/sdk/calibration.cpp:542:25:\x1b[m\x1b[K \x1b[01;35m\x1b[Kwarning: \x1b[m\x1b[Kcomparison of integer expressions of different signedness: \xe2\x80\x98\x1b[01m\x1b[Kstd::vector<_point_>::size_type\x1b[m\x1b[K\xe2\x80\x99 {aka \xe2\x80\x98\x1b[01m\x1b[Klong unsigned int\x1b[m\x1b[K\xe2\x80\x99} and \xe2\x80\x98\x1b[01m\x1b[Kint\x1b[m\x1b[K\xe2\x80\x99 [\x1b[01;35m\x1b[K\x1b]8;;https://gcc.gnu.org/onlinedocs/gcc/Warning-Options.html#index-Wsign-compare\x07-Wsign-compare\x1b]8;;\x07\x1b[m\x1b[K]\n'}
[3.410746] (cspc_lidar) StderrLine: {'line': b'  542 |         if (\x1b[01;35m\x1b[Kline.size() >= calibration_params.line_judgment_point_num\x1b[m\x1b[K)\n'}
[3.410859] (cspc_lidar) StderrLine: {'line': b'      |             \x1b[01;35m\x1b[K~~~~~~~~~~~~^~~~~~~~~~~~~~~~~~~~~~~~~~~~~~~~~~~~~~~~~~~~~\x1b[m\x1b[K\n'}
[3.410941] (cspc_lidar) StderrLine: {'line': b'\x1b[01m\x1b[K/home/meng/mDetectRobot/turtlebot3_ws/src/cspc_lidar/sdk/calibration.cpp:560:63:\x1b[m\x1b[K \x1b[01;35m\x1b[Kwarning: \x1b[m\x1b[Kcomparison of integer expressions of different signedness: \xe2\x80\x98\x1b[01m\x1b[Kstd::vector<_point_>::size_type\x1b[m\x1b[K\xe2\x80\x99 {aka \xe2\x80\x98\x1b[01m\x1b[Klong unsigned int\x1b[m\x1b[K\xe2\x80\x99} and \xe2\x80\x98\x1b[01m\x1b[Kint\x1b[m\x1b[K\xe2\x80\x99 [\x1b[01;35m\x1b[K\x1b]8;;https://gcc.gnu.org/onlinedocs/gcc/Warning-Options.html#index-Wsign-compare\x07-Wsign-compare\x1b]8;;\x07\x1b[m\x1b[K]\n'}
[3.411017] (cspc_lidar) StderrLine: {'line': b'  560 |         if(point.index == point_last_one.index && \x1b[01;35m\x1b[Kline.size() >= calibration_params.line_judgment_point_num\x1b[m\x1b[K)\n'}
[3.411095] (cspc_lidar) StderrLine: {'line': b'      |                                                   \x1b[01;35m\x1b[K~~~~~~~~~~~~^~~~~~~~~~~~~~~~~~~~~~~~~~~~~~~~~~~~~~~~~~~~~\x1b[m\x1b[K\n'}
[3.411173] (cspc_lidar) StderrLine: {'line': b'\x1b[01m\x1b[K/home/meng/mDetectRobot/turtlebot3_ws/src/cspc_lidar/sdk/calibration.cpp:571:26:\x1b[m\x1b[K \x1b[01;35m\x1b[Kwarning: \x1b[m\x1b[Kcomparison of integer expressions of different signedness: \xe2\x80\x98\x1b[01m\x1b[Kint\x1b[m\x1b[K\xe2\x80\x99 and \xe2\x80\x98\x1b[01m\x1b[Kstd::vector<_point_>::size_type\x1b[m\x1b[K\xe2\x80\x99 {aka \xe2\x80\x98\x1b[01m\x1b[Klong unsigned int\x1b[m\x1b[K\xe2\x80\x99} [\x1b[01;35m\x1b[K\x1b]8;;https://gcc.gnu.org/onlinedocs/gcc/Warning-Options.html#index-Wsign-compare\x07-Wsign-compare\x1b]8;;\x07\x1b[m\x1b[K]\n'}
[3.411246] (cspc_lidar) StderrLine: {'line': b'  571 |   if(\x1b[01;35m\x1b[Kpoint_record2.index < pcloud.data.size()\x1b[m\x1b[K\n'}
[3.411314] (cspc_lidar) StderrLine: {'line': b'      |      \x1b[01;35m\x1b[K~~~~~~~~~~~~~~~~~~~~^~~~~~~~~~~~~~~~~~~~\x1b[m\x1b[K\n'}
[3.411382] (cspc_lidar) StderrLine: {'line': b'\x1b[01m\x1b[K/home/meng/mDetectRobot/turtlebot3_ws/src/cspc_lidar/sdk/calibration.cpp:572:28:\x1b[m\x1b[K \x1b[01;35m\x1b[Kwarning: \x1b[m\x1b[Kcomparison of integer expressions of different signedness: \xe2\x80\x98\x1b[01m\x1b[Kint\x1b[m\x1b[K\xe2\x80\x99 and \xe2\x80\x98\x1b[01m\x1b[Kstd::vector<_point_>::size_type\x1b[m\x1b[K\xe2\x80\x99 {aka \xe2\x80\x98\x1b[01m\x1b[Klong unsigned int\x1b[m\x1b[K\xe2\x80\x99} [\x1b[01;35m\x1b[K\x1b]8;;https://gcc.gnu.org/onlinedocs/gcc/Warning-Options.html#index-Wsign-compare\x07-Wsign-compare\x1b]8;;\x07\x1b[m\x1b[K]\n'}
[3.411460] (cspc_lidar) StderrLine: {'line': b'  572 |   &&  \x1b[01;35m\x1b[Kpoint_last_one.index < pcloud.data.size()\x1b[m\x1b[K\n'}
[3.411533] (cspc_lidar) StderrLine: {'line': b'      |       \x1b[01;35m\x1b[K~~~~~~~~~~~~~~~~~~~~~^~~~~~~~~~~~~~~~~~~~\x1b[m\x1b[K\n'}
[3.411602] (cspc_lidar) StderrLine: {'line': b'\x1b[01m\x1b[K/home/meng/mDetectRobot/turtlebot3_ws/src/cspc_lidar/sdk/calibration.cpp:573:27:\x1b[m\x1b[K \x1b[01;35m\x1b[Kwarning: \x1b[m\x1b[Kcomparison of integer expressions of different signedness: \xe2\x80\x98\x1b[01m\x1b[Kint\x1b[m\x1b[K\xe2\x80\x99 and \xe2\x80\x98\x1b[01m\x1b[Kstd::vector<_point_>::size_type\x1b[m\x1b[K\xe2\x80\x99 {aka \xe2\x80\x98\x1b[01m\x1b[Klong unsigned int\x1b[m\x1b[K\xe2\x80\x99} [\x1b[01;35m\x1b[K\x1b]8;;https://gcc.gnu.org/onlinedocs/gcc/Warning-Options.html#index-Wsign-compare\x07-Wsign-compare\x1b]8;;\x07\x1b[m\x1b[K]\n'}
[3.411674] (cspc_lidar) StderrLine: {'line': b'  573 |   &&  \x1b[01;35m\x1b[Kpoint_record1.index < pcloud.data.size()\x1b[m\x1b[K)\n'}
[3.411744] (cspc_lidar) StderrLine: {'line': b'      |       \x1b[01;35m\x1b[K~~~~~~~~~~~~~~~~~~~~^~~~~~~~~~~~~~~~~~~~\x1b[m\x1b[K\n'}
[3.411836] (cspc_lidar) StderrLine: {'line': b'\x1b[01m\x1b[K/home/meng/mDetectRobot/turtlebot3_ws/src/cspc_lidar/sdk/calibration.cpp:597:28:\x1b[m\x1b[K \x1b[01;35m\x1b[Kwarning: \x1b[m\x1b[Kcomparison of integer expressions of different signedness: \xe2\x80\x98\x1b[01m\x1b[Kstd::vector<_point_>::size_type\x1b[m\x1b[K\xe2\x80\x99 {aka \xe2\x80\x98\x1b[01m\x1b[Klong unsigned int\x1b[m\x1b[K\xe2\x80\x99} and \xe2\x80\x98\x1b[01m\x1b[Kint\x1b[m\x1b[K\xe2\x80\x99 [\x1b[01;35m\x1b[K\x1b]8;;https://gcc.gnu.org/onlinedocs/gcc/Warning-Options.html#index-Wsign-compare\x07-Wsign-compare\x1b]8;;\x07\x1b[m\x1b[K]\n'}
[3.411940] (cspc_lidar) StderrLine: {'line': b'  597 |     if (\x1b[01;35m\x1b[Kline_append.size() >= calibration_params.line_judgment_point_num\x1b[m\x1b[K)\n'}
[3.412008] (cspc_lidar) StderrLine: {'line': b'      |         \x1b[01;35m\x1b[K~~~~~~~~~~~~~~~~~~~^~~~~~~~~~~~~~~~~~~~~~~~~~~~~~~~~~~~~~~~~~~~~\x1b[m\x1b[K\n'}
[3.412076] (cspc_lidar) StderrLine: {'line': b'\x1b[01m\x1b[K/home/meng/mDetectRobot/turtlebot3_ws/src/cspc_lidar/sdk/calibration.cpp:606:29:\x1b[m\x1b[K \x1b[01;35m\x1b[Kwarning: \x1b[m\x1b[Kcomparison of integer expressions of different signedness: \xe2\x80\x98\x1b[01m\x1b[Kstd::vector<_point_>::size_type\x1b[m\x1b[K\xe2\x80\x99 {aka \xe2\x80\x98\x1b[01m\x1b[Klong unsigned int\x1b[m\x1b[K\xe2\x80\x99} and \xe2\x80\x98\x1b[01m\x1b[Kint\x1b[m\x1b[K\xe2\x80\x99 [\x1b[01;35m\x1b[K\x1b]8;;https://gcc.gnu.org/onlinedocs/gcc/Warning-Options.html#index-Wsign-compare\x07-Wsign-compare\x1b]8;;\x07\x1b[m\x1b[K]\n'}
[3.412156] (cspc_lidar) StderrLine: {'line': b'  606 |             if (\x1b[01;35m\x1b[Kline.size() >= calibration_params.line_judgment_point_num\x1b[m\x1b[K)\n'}
[3.412226] (cspc_lidar) StderrLine: {'line': b'      |                 \x1b[01;35m\x1b[K~~~~~~~~~~~~^~~~~~~~~~~~~~~~~~~~~~~~~~~~~~~~~~~~~~~~~~~~~\x1b[m\x1b[K\n'}
[3.412294] (cspc_lidar) StderrLine: {'line': b'\x1b[01m\x1b[K/home/meng/mDetectRobot/turtlebot3_ws/src/cspc_lidar/sdk/calibration.cpp:617:68:\x1b[m\x1b[K \x1b[01;35m\x1b[Kwarning: \x1b[m\x1b[Kcomparison of integer expressions of different signedness: \xe2\x80\x98\x1b[01m\x1b[Kstd::vector<_point_>::size_type\x1b[m\x1b[K\xe2\x80\x99 {aka \xe2\x80\x98\x1b[01m\x1b[Klong unsigned int\x1b[m\x1b[K\xe2\x80\x99} and \xe2\x80\x98\x1b[01m\x1b[Kint\x1b[m\x1b[K\xe2\x80\x99 [\x1b[01;35m\x1b[K\x1b]8;;https://gcc.gnu.org/onlinedocs/gcc/Warning-Options.html#index-Wsign-compare\x07-Wsign-compare\x1b]8;;\x07\x1b[m\x1b[K]\n'}
[3.412372] (cspc_lidar) StderrLine: {'line': b'  617 |           if(point.index == point_append_last.index && \x1b[01;35m\x1b[Kline.size() >= calibration_params.line_judgment_point_num\x1b[m\x1b[K)\n'}
[3.412441] (cspc_lidar) StderrLine: {'line': b'      |                                                        \x1b[01;35m\x1b[K~~~~~~~~~~~~^~~~~~~~~~~~~~~~~~~~~~~~~~~~~~~~~~~~~~~~~~~~~\x1b[m\x1b[K\n'}
[3.412509] (cspc_lidar) StderrLine: {'line': b'\x1b[01m\x1b[K/home/meng/mDetectRobot/turtlebot3_ws/src/cspc_lidar/sdk/calibration.cpp:632:23:\x1b[m\x1b[K \x1b[01;35m\x1b[Kwarning: \x1b[m\x1b[Kcomparison of integer expressions of different signedness: \xe2\x80\x98\x1b[01m\x1b[Kint\x1b[m\x1b[K\xe2\x80\x99 and \xe2\x80\x98\x1b[01m\x1b[Kstd::vector<std::vector<_point_> >::size_type\x1b[m\x1b[K\xe2\x80\x99 {aka \xe2\x80\x98\x1b[01m\x1b[Klong unsigned int\x1b[m\x1b[K\xe2\x80\x99} [\x1b[01;35m\x1b[K\x1b]8;;https://gcc.gnu.org/onlinedocs/gcc/Warning-Options.html#index-Wsign-compare\x07-Wsign-compare\x1b]8;;\x07\x1b[m\x1b[K]\n'}
[3.412579] (cspc_lidar) StderrLine: {'line': b'  632 |     for (int i = 0; \x1b[01;35m\x1b[Ki < lines.size() - 1\x1b[m\x1b[K; i++)\n'}
[3.412647] (cspc_lidar) StderrLine: {'line': b'      |                     \x1b[01;35m\x1b[K~~^~~~~~~~~~~~~~~~~~\x1b[m\x1b[K\n'}
[3.412715] (cspc_lidar) StderrLine: {'line': b'\x1b[01m\x1b[K/home/meng/mDetectRobot/turtlebot3_ws/src/cspc_lidar/sdk/calibration.cpp:\x1b[m\x1b[K In function \xe2\x80\x98\x1b[01m\x1b[Kvoid lidar_calibration(LaserScan&)\x1b[m\x1b[K\xe2\x80\x99:\n'}
[3.412783] (cspc_lidar) StderrLine: {'line': b'\x1b[01m\x1b[K/home/meng/mDetectRobot/turtlebot3_ws/src/cspc_lidar/sdk/calibration.cpp:662:11:\x1b[m\x1b[K \x1b[01;35m\x1b[Kwarning: \x1b[m\x1b[K\xe2\x80\x98\x1b[01m\x1b[Kvoid* memset(void*, int, size_t)\x1b[m\x1b[K\xe2\x80\x99 clearing an object of type \xe2\x80\x98\x1b[01m\x1b[Kstruct LaserPoint\x1b[m\x1b[K\xe2\x80\x99 with no trivial copy-assignment; use assignment or value-initialization instead [\x1b[01;35m\x1b[K\x1b]8;;https://gcc.gnu.org/onlinedocs/gcc/Warning-Options.html#index-Wclass-memaccess\x07-Wclass-memaccess\x1b]8;;\x07\x1b[m\x1b[K]\n'}
[3.412864] (cspc_lidar) StderrLine: {'line': b'  662 |     \x1b[01;35m\x1b[Kmemset(&outscan_point, 0, sizeof(LaserPoint))\x1b[m\x1b[K;\n'}
[3.412931] (cspc_lidar) StderrLine: {'line': b'      |     \x1b[01;35m\x1b[K~~~~~~^~~~~~~~~~~~~~~~~~~~~~~~~~~~~~~~~~~~~~~\x1b[m\x1b[K\n'}
[3.413002] (cspc_lidar) StderrLine: {'line': b'In file included from \x1b[01m\x1b[K/home/meng/mDetectRobot/turtlebot3_ws/src/cspc_lidar/sdk/calibration.h:4\x1b[m\x1b[K,\n'}
[3.413071] (cspc_lidar) StderrLine: {'line': b'                 from \x1b[01m\x1b[K/home/meng/mDetectRobot/turtlebot3_ws/src/cspc_lidar/sdk/calibration.cpp:8\x1b[m\x1b[K:\n'}
[3.413148] (cspc_lidar) StderrLine: {'line': b'\x1b[01m\x1b[K/home/meng/mDetectRobot/turtlebot3_ws/src/cspc_lidar/sdk/lidar_information.h:210:8:\x1b[m\x1b[K \x1b[01;36m\x1b[Knote: \x1b[m\x1b[K\xe2\x80\x98\x1b[01m\x1b[Kstruct LaserPoint\x1b[m\x1b[K\xe2\x80\x99 declared here\n'}
[3.413217] (cspc_lidar) StderrLine: {'line': b'  210 | struct \x1b[01;36m\x1b[KLaserPoint\x1b[m\x1b[K\n'}
[3.413285] (cspc_lidar) StderrLine: {'line': b'      |        \x1b[01;36m\x1b[K^~~~~~~~~~\x1b[m\x1b[K\n'}
[3.455482] (cspc_lidar) StderrLine: {'line': b'\x1b[01m\x1b[K/home/meng/mDetectRobot/turtlebot3_ws/src/cspc_lidar/sdk/node_lidar.cpp:\x1b[m\x1b[K At global scope:\n'}
[3.455690] (cspc_lidar) StderrLine: {'line': b'\x1b[01m\x1b[K/home/meng/mDetectRobot/turtlebot3_ws/src/cspc_lidar/sdk/node_lidar.cpp:62:21:\x1b[m\x1b[K \x1b[01;35m\x1b[Kwarning: \x1b[m\x1b[K\xe2\x80\x98\x1b[01m\x1b[Kstatus_judge\x1b[m\x1b[K\xe2\x80\x99 defined but not used [\x1b[01;35m\x1b[K\x1b]8;;https://gcc.gnu.org/onlinedocs/gcc/Warning-Options.html#index-Wunused-variable\x07-Wunused-variable\x1b]8;;\x07\x1b[m\x1b[K]\n'}
[3.455779] (cspc_lidar) StderrLine: {'line': b'   62 |         static bool \x1b[01;35m\x1b[Kstatus_judge\x1b[m\x1b[K = false;     //Overall status judgment\n'}
[3.455854] (cspc_lidar) StderrLine: {'line': b'      |                     \x1b[01;35m\x1b[K^~~~~~~~~~~~\x1b[m\x1b[K\n'}
[3.507742] (-) TimerEvent: {}
[3.511093] (cspc_lidar) StderrLine: {'line': b'\x1b[01m\x1b[K/home/meng/mDetectRobot/turtlebot3_ws/src/cspc_lidar/sdk/point_cloud_optimize.cpp:\x1b[m\x1b[K In member function \xe2\x80\x98\x1b[01m\x1b[Kvoid Point_cloud_optimize::getLidarCoverAngle(char*)\x1b[m\x1b[K\xe2\x80\x99:\n'}
[3.511287] (cspc_lidar) StderrLine: {'line': b'\x1b[01m\x1b[K/home/meng/mDetectRobot/turtlebot3_ws/src/cspc_lidar/sdk/point_cloud_optimize.cpp:293:38:\x1b[m\x1b[K \x1b[01;35m\x1b[Kwarning: \x1b[m\x1b[K\xe2\x80\x98\x1b[01m\x1b[Kindex\x1b[m\x1b[K\xe2\x80\x99 may be used uninitialized in this function [\x1b[01;35m\x1b[K\x1b]8;;https://gcc.gnu.org/onlinedocs/gcc/Warning-Options.html#index-Wmaybe-uninitialized\x07-Wmaybe-uninitialized\x1b]8;;\x07\x1b[m\x1b[K]\n'}
[3.511376] (cspc_lidar) StderrLine: {'line': b'  293 |                         tempstr[\x1b[01;35m\x1b[Kindex++\x1b[m\x1b[K] = charbuf[i];\n'}
[3.511452] (cspc_lidar) StderrLine: {'line': b'      |                                 \x1b[01;35m\x1b[K~~~~~^~\x1b[m\x1b[K\n'}
[3.532555] (cspc_lidar) StderrLine: {'line': b'\x1b[01m\x1b[K/home/meng/mDetectRobot/turtlebot3_ws/src/cspc_lidar/sdk/lidar_data_processing.cpp:\x1b[m\x1b[K In member function \xe2\x80\x98\x1b[01m\x1b[Kresult_t Lidar_Data_Processing::waitPackage(node_info*, uint32_t)\x1b[m\x1b[K\xe2\x80\x99:\n'}
[3.532754] (cspc_lidar) StderrLine: {'line': b'\x1b[01m\x1b[K/home/meng/mDetectRobot/turtlebot3_ws/src/cspc_lidar/sdk/lidar_data_processing.cpp:651:34:\x1b[m\x1b[K \x1b[01;35m\x1b[Kwarning: \x1b[m\x1b[Kwriting 1 byte into a region of size 0 [\x1b[01;35m\x1b[K\x1b]8;;https://gcc.gnu.org/onlinedocs/gcc/Warning-Options.html#index-Wstringop-overflow=\x07-Wstringop-overflow=\x1b]8;;\x07\x1b[m\x1b[K]\n'}
[3.532845] (cspc_lidar) StderrLine: {'line': b'  651 |         \x1b[01;35m\x1b[KpackageBuffer[recvPos++] = currentByte\x1b[m\x1b[K;\n'}
[3.532938] (cspc_lidar) StderrLine: {'line': b'      |         \x1b[01;35m\x1b[K~~~~~~~~~~~~~~~~~~~~~~~~~^~~~~~~~~~~~~\x1b[m\x1b[K\n'}
[3.533022] (cspc_lidar) StderrLine: {'line': b'In file included from \x1b[01m\x1b[K/home/meng/mDetectRobot/turtlebot3_ws/src/cspc_lidar/sdk/serial_port.h:4\x1b[m\x1b[K,\n'}
[3.533105] (cspc_lidar) StderrLine: {'line': b'                 from \x1b[01m\x1b[K/home/meng/mDetectRobot/turtlebot3_ws/src/cspc_lidar/sdk/lidar_data_processing.cpp:7\x1b[m\x1b[K:\n'}
[3.533187] (cspc_lidar) StderrLine: {'line': b'\x1b[01m\x1b[K/home/meng/mDetectRobot/turtlebot3_ws/src/cspc_lidar/sdk/lidar_information.h:144:12:\x1b[m\x1b[K \x1b[01;36m\x1b[Knote: \x1b[m\x1b[Kat offset 2 into destination object \xe2\x80\x98\x1b[01m\x1b[Knode_packages::package_Head\x1b[m\x1b[K\xe2\x80\x99 of size 2\n'}
[3.533264] (cspc_lidar) StderrLine: {'line': b'  144 |   uint16_t \x1b[01;36m\x1b[Kpackage_Head\x1b[m\x1b[K;\n'}
[3.533338] (cspc_lidar) StderrLine: {'line': b'      |            \x1b[01;36m\x1b[K^~~~~~~~~~~~\x1b[m\x1b[K\n'}
[3.533413] (cspc_lidar) StderrLine: {'line': b'\x1b[01m\x1b[K/home/meng/mDetectRobot/turtlebot3_ws/src/cspc_lidar/sdk/lidar_information.h:132:12:\x1b[m\x1b[K \x1b[01;36m\x1b[Knote: \x1b[m\x1b[Kat offset 2 into destination object \xe2\x80\x98\x1b[01m\x1b[Knode_package::package_Head\x1b[m\x1b[K\xe2\x80\x99 of size 2\n'}
[3.533489] (cspc_lidar) StderrLine: {'line': b'  132 |   uint16_t \x1b[01;36m\x1b[Kpackage_Head\x1b[m\x1b[K;\n'}
[3.533564] (cspc_lidar) StderrLine: {'line': b'      |            \x1b[01;36m\x1b[K^~~~~~~~~~~~\x1b[m\x1b[K\n'}
[3.533637] (cspc_lidar) StderrLine: {'line': b'\x1b[01m\x1b[K/home/meng/mDetectRobot/turtlebot3_ws/src/cspc_lidar/sdk/lidar_data_processing.cpp:651:34:\x1b[m\x1b[K \x1b[01;35m\x1b[Kwarning: \x1b[m\x1b[Kwriting 1 byte into a region of size 0 [\x1b[01;35m\x1b[K\x1b]8;;https://gcc.gnu.org/onlinedocs/gcc/Warning-Options.html#index-Wstringop-overflow=\x07-Wstringop-overflow=\x1b]8;;\x07\x1b[m\x1b[K]\n'}
[3.533714] (cspc_lidar) StderrLine: {'line': b'  651 |         \x1b[01;35m\x1b[KpackageBuffer[recvPos++] = currentByte\x1b[m\x1b[K;\n'}
[3.533787] (cspc_lidar) StderrLine: {'line': b'      |         \x1b[01;35m\x1b[K~~~~~~~~~~~~~~~~~~~~~~~~~^~~~~~~~~~~~~\x1b[m\x1b[K\n'}
[3.533860] (cspc_lidar) StderrLine: {'line': b'In file included from \x1b[01m\x1b[K/home/meng/mDetectRobot/turtlebot3_ws/src/cspc_lidar/sdk/serial_port.h:4\x1b[m\x1b[K,\n'}
[3.533933] (cspc_lidar) StderrLine: {'line': b'                 from \x1b[01m\x1b[K/home/meng/mDetectRobot/turtlebot3_ws/src/cspc_lidar/sdk/lidar_data_processing.cpp:7\x1b[m\x1b[K:\n'}
[3.534016] (cspc_lidar) StderrLine: {'line': b'\x1b[01m\x1b[K/home/meng/mDetectRobot/turtlebot3_ws/src/cspc_lidar/sdk/lidar_information.h:144:12:\x1b[m\x1b[K \x1b[01;36m\x1b[Knote: \x1b[m\x1b[Kat offset 2 into destination object \xe2\x80\x98\x1b[01m\x1b[Knode_packages::package_Head\x1b[m\x1b[K\xe2\x80\x99 of size 2\n'}
[3.534098] (cspc_lidar) StderrLine: {'line': b'  144 |   uint16_t \x1b[01;36m\x1b[Kpackage_Head\x1b[m\x1b[K;\n'}
[3.534176] (cspc_lidar) StderrLine: {'line': b'      |            \x1b[01;36m\x1b[K^~~~~~~~~~~~\x1b[m\x1b[K\n'}
[3.534247] (cspc_lidar) StderrLine: {'line': b'\x1b[01m\x1b[K/home/meng/mDetectRobot/turtlebot3_ws/src/cspc_lidar/sdk/lidar_information.h:132:12:\x1b[m\x1b[K \x1b[01;36m\x1b[Knote: \x1b[m\x1b[Kat offset 2 into destination object \xe2\x80\x98\x1b[01m\x1b[Knode_package::package_Head\x1b[m\x1b[K\xe2\x80\x99 of size 2\n'}
[3.534319] (cspc_lidar) StderrLine: {'line': b'  132 |   uint16_t \x1b[01;36m\x1b[Kpackage_Head\x1b[m\x1b[K;\n'}
[3.534390] (cspc_lidar) StderrLine: {'line': b'      |            \x1b[01;36m\x1b[K^~~~~~~~~~~~\x1b[m\x1b[K\n'}
[3.534460] (cspc_lidar) StderrLine: {'line': b'\x1b[01m\x1b[K/home/meng/mDetectRobot/turtlebot3_ws/src/cspc_lidar/sdk/lidar_data_processing.cpp:651:34:\x1b[m\x1b[K \x1b[01;35m\x1b[Kwarning: \x1b[m\x1b[Kwriting 1 byte into a region of size 0 [\x1b[01;35m\x1b[K\x1b]8;;https://gcc.gnu.org/onlinedocs/gcc/Warning-Options.html#index-Wstringop-overflow=\x07-Wstringop-overflow=\x1b]8;;\x07\x1b[m\x1b[K]\n'}
[3.534540] (cspc_lidar) StderrLine: {'line': b'  651 |         \x1b[01;35m\x1b[KpackageBuffer[recvPos++] = currentByte\x1b[m\x1b[K;\n'}
[3.534610] (cspc_lidar) StderrLine: {'line': b'      |         \x1b[01;35m\x1b[K~~~~~~~~~~~~~~~~~~~~~~~~~^~~~~~~~~~~~~\x1b[m\x1b[K\n'}
[3.534831] (cspc_lidar) StderrLine: {'line': b'In file included from \x1b[01m\x1b[K/home/meng/mDetectRobot/turtlebot3_ws/src/cspc_lidar/sdk/serial_port.h:4\x1b[m\x1b[K,\n'}
[3.534925] (cspc_lidar) StderrLine: {'line': b'                 from \x1b[01m\x1b[K/home/meng/mDetectRobot/turtlebot3_ws/src/cspc_lidar/sdk/lidar_data_processing.cpp:7\x1b[m\x1b[K:\n'}
[3.535004] (cspc_lidar) StderrLine: {'line': b'\x1b[01m\x1b[K/home/meng/mDetectRobot/turtlebot3_ws/src/cspc_lidar/sdk/lidar_information.h:144:12:\x1b[m\x1b[K \x1b[01;36m\x1b[Knote: \x1b[m\x1b[Kat offset 3 into destination object \xe2\x80\x98\x1b[01m\x1b[Knode_packages::package_Head\x1b[m\x1b[K\xe2\x80\x99 of size 2\n'}
[3.535080] (cspc_lidar) StderrLine: {'line': b'  144 |   uint16_t \x1b[01;36m\x1b[Kpackage_Head\x1b[m\x1b[K;\n'}
[3.535160] (cspc_lidar) StderrLine: {'line': b'      |            \x1b[01;36m\x1b[K^~~~~~~~~~~~\x1b[m\x1b[K\n'}
[3.535245] (cspc_lidar) StderrLine: {'line': b'\x1b[01m\x1b[K/home/meng/mDetectRobot/turtlebot3_ws/src/cspc_lidar/sdk/lidar_information.h:132:12:\x1b[m\x1b[K \x1b[01;36m\x1b[Knote: \x1b[m\x1b[Kat offset 3 into destination object \xe2\x80\x98\x1b[01m\x1b[Knode_package::package_Head\x1b[m\x1b[K\xe2\x80\x99 of size 2\n'}
[3.535318] (cspc_lidar) StderrLine: {'line': b'  132 |   uint16_t \x1b[01;36m\x1b[Kpackage_Head\x1b[m\x1b[K;\n'}
[3.535389] (cspc_lidar) StderrLine: {'line': b'      |            \x1b[01;36m\x1b[K^~~~~~~~~~~~\x1b[m\x1b[K\n'}
[3.535460] (cspc_lidar) StderrLine: {'line': b'\x1b[01m\x1b[K/home/meng/mDetectRobot/turtlebot3_ws/src/cspc_lidar/sdk/lidar_data_processing.cpp:651:34:\x1b[m\x1b[K \x1b[01;35m\x1b[Kwarning: \x1b[m\x1b[Kwriting 1 byte into a region of size 0 [\x1b[01;35m\x1b[K\x1b]8;;https://gcc.gnu.org/onlinedocs/gcc/Warning-Options.html#index-Wstringop-overflow=\x07-Wstringop-overflow=\x1b]8;;\x07\x1b[m\x1b[K]\n'}
[3.535537] (cspc_lidar) StderrLine: {'line': b'  651 |         \x1b[01;35m\x1b[KpackageBuffer[recvPos++] = currentByte\x1b[m\x1b[K;\n'}
[3.535611] (cspc_lidar) StderrLine: {'line': b'      |         \x1b[01;35m\x1b[K~~~~~~~~~~~~~~~~~~~~~~~~~^~~~~~~~~~~~~\x1b[m\x1b[K\n'}
[3.535683] (cspc_lidar) StderrLine: {'line': b'In file included from \x1b[01m\x1b[K/home/meng/mDetectRobot/turtlebot3_ws/src/cspc_lidar/sdk/serial_port.h:4\x1b[m\x1b[K,\n'}
[3.535771] (cspc_lidar) StderrLine: {'line': b'                 from \x1b[01m\x1b[K/home/meng/mDetectRobot/turtlebot3_ws/src/cspc_lidar/sdk/lidar_data_processing.cpp:7\x1b[m\x1b[K:\n'}
[3.535844] (cspc_lidar) StderrLine: {'line': b'\x1b[01m\x1b[K/home/meng/mDetectRobot/turtlebot3_ws/src/cspc_lidar/sdk/lidar_information.h:144:12:\x1b[m\x1b[K \x1b[01;36m\x1b[Knote: \x1b[m\x1b[Kat offset 4 into destination object \xe2\x80\x98\x1b[01m\x1b[Knode_packages::package_Head\x1b[m\x1b[K\xe2\x80\x99 of size 2\n'}
[3.535919] (cspc_lidar) StderrLine: {'line': b'  144 |   uint16_t \x1b[01;36m\x1b[Kpackage_Head\x1b[m\x1b[K;\n'}
[3.535991] (cspc_lidar) StderrLine: {'line': b'      |            \x1b[01;36m\x1b[K^~~~~~~~~~~~\x1b[m\x1b[K\n'}
[3.536064] (cspc_lidar) StderrLine: {'line': b'\x1b[01m\x1b[K/home/meng/mDetectRobot/turtlebot3_ws/src/cspc_lidar/sdk/lidar_information.h:132:12:\x1b[m\x1b[K \x1b[01;36m\x1b[Knote: \x1b[m\x1b[Kat offset 4 into destination object \xe2\x80\x98\x1b[01m\x1b[Knode_package::package_Head\x1b[m\x1b[K\xe2\x80\x99 of size 2\n'}
[3.536145] (cspc_lidar) StderrLine: {'line': b'  132 |   uint16_t \x1b[01;36m\x1b[Kpackage_Head\x1b[m\x1b[K;\n'}
[3.536224] (cspc_lidar) StderrLine: {'line': b'      |            \x1b[01;36m\x1b[K^~~~~~~~~~~~\x1b[m\x1b[K\n'}
[3.536298] (cspc_lidar) StderrLine: {'line': b'\x1b[01m\x1b[K/home/meng/mDetectRobot/turtlebot3_ws/src/cspc_lidar/sdk/lidar_data_processing.cpp:651:34:\x1b[m\x1b[K \x1b[01;35m\x1b[Kwarning: \x1b[m\x1b[Kwriting 1 byte into a region of size 0 [\x1b[01;35m\x1b[K\x1b]8;;https://gcc.gnu.org/onlinedocs/gcc/Warning-Options.html#index-Wstringop-overflow=\x07-Wstringop-overflow=\x1b]8;;\x07\x1b[m\x1b[K]\n'}
[3.536382] (cspc_lidar) StderrLine: {'line': b'  651 |         \x1b[01;35m\x1b[KpackageBuffer[recvPos++] = currentByte\x1b[m\x1b[K;\n'}
[3.536457] (cspc_lidar) StderrLine: {'line': b'      |         \x1b[01;35m\x1b[K~~~~~~~~~~~~~~~~~~~~~~~~~^~~~~~~~~~~~~\x1b[m\x1b[K\n'}
[3.536529] (cspc_lidar) StderrLine: {'line': b'In file included from \x1b[01m\x1b[K/home/meng/mDetectRobot/turtlebot3_ws/src/cspc_lidar/sdk/serial_port.h:4\x1b[m\x1b[K,\n'}
[3.536608] (cspc_lidar) StderrLine: {'line': b'                 from \x1b[01m\x1b[K/home/meng/mDetectRobot/turtlebot3_ws/src/cspc_lidar/sdk/lidar_data_processing.cpp:7\x1b[m\x1b[K:\n'}
[3.536680] (cspc_lidar) StderrLine: {'line': b'\x1b[01m\x1b[K/home/meng/mDetectRobot/turtlebot3_ws/src/cspc_lidar/sdk/lidar_information.h:144:12:\x1b[m\x1b[K \x1b[01;36m\x1b[Knote: \x1b[m\x1b[Kat offset 5 into destination object \xe2\x80\x98\x1b[01m\x1b[Knode_packages::package_Head\x1b[m\x1b[K\xe2\x80\x99 of size 2\n'}
[3.536760] (cspc_lidar) StderrLine: {'line': b'  144 |   uint16_t \x1b[01;36m\x1b[Kpackage_Head\x1b[m\x1b[K;\n'}
[3.536832] (cspc_lidar) StderrLine: {'line': b'      |            \x1b[01;36m\x1b[K^~~~~~~~~~~~\x1b[m\x1b[K\n'}
[3.536905] (cspc_lidar) StderrLine: {'line': b'\x1b[01m\x1b[K/home/meng/mDetectRobot/turtlebot3_ws/src/cspc_lidar/sdk/lidar_information.h:132:12:\x1b[m\x1b[K \x1b[01;36m\x1b[Knote: \x1b[m\x1b[Kat offset 5 into destination object \xe2\x80\x98\x1b[01m\x1b[Knode_package::package_Head\x1b[m\x1b[K\xe2\x80\x99 of size 2\n'}
[3.536982] (cspc_lidar) StderrLine: {'line': b'  132 |   uint16_t \x1b[01;36m\x1b[Kpackage_Head\x1b[m\x1b[K;\n'}
[3.537054] (cspc_lidar) StderrLine: {'line': b'      |            \x1b[01;36m\x1b[K^~~~~~~~~~~~\x1b[m\x1b[K\n'}
[3.537130] (cspc_lidar) StderrLine: {'line': b'\x1b[01m\x1b[K/home/meng/mDetectRobot/turtlebot3_ws/src/cspc_lidar/sdk/lidar_data_processing.cpp:651:34:\x1b[m\x1b[K \x1b[01;35m\x1b[Kwarning: \x1b[m\x1b[Kwriting 1 byte into a region of size 0 [\x1b[01;35m\x1b[K\x1b]8;;https://gcc.gnu.org/onlinedocs/gcc/Warning-Options.html#index-Wstringop-overflow=\x07-Wstringop-overflow=\x1b]8;;\x07\x1b[m\x1b[K]\n'}
[3.537210] (cspc_lidar) StderrLine: {'line': b'  651 |         \x1b[01;35m\x1b[KpackageBuffer[recvPos++] = currentByte\x1b[m\x1b[K;\n'}
[3.537286] (cspc_lidar) StderrLine: {'line': b'      |         \x1b[01;35m\x1b[K~~~~~~~~~~~~~~~~~~~~~~~~~^~~~~~~~~~~~~\x1b[m\x1b[K\n'}
[3.537358] (cspc_lidar) StderrLine: {'line': b'In file included from \x1b[01m\x1b[K/home/meng/mDetectRobot/turtlebot3_ws/src/cspc_lidar/sdk/serial_port.h:4\x1b[m\x1b[K,\n'}
[3.537431] (cspc_lidar) StderrLine: {'line': b'                 from \x1b[01m\x1b[K/home/meng/mDetectRobot/turtlebot3_ws/src/cspc_lidar/sdk/lidar_data_processing.cpp:7\x1b[m\x1b[K:\n'}
[3.537503] (cspc_lidar) StderrLine: {'line': b'\x1b[01m\x1b[K/home/meng/mDetectRobot/turtlebot3_ws/src/cspc_lidar/sdk/lidar_information.h:144:12:\x1b[m\x1b[K \x1b[01;36m\x1b[Knote: \x1b[m\x1b[Kat offset 6 into destination object \xe2\x80\x98\x1b[01m\x1b[Knode_packages::package_Head\x1b[m\x1b[K\xe2\x80\x99 of size 2\n'}
[3.537575] (cspc_lidar) StderrLine: {'line': b'  144 |   uint16_t \x1b[01;36m\x1b[Kpackage_Head\x1b[m\x1b[K;\n'}
[3.537647] (cspc_lidar) StderrLine: {'line': b'      |            \x1b[01;36m\x1b[K^~~~~~~~~~~~\x1b[m\x1b[K\n'}
[3.537720] (cspc_lidar) StderrLine: {'line': b'\x1b[01m\x1b[K/home/meng/mDetectRobot/turtlebot3_ws/src/cspc_lidar/sdk/lidar_information.h:132:12:\x1b[m\x1b[K \x1b[01;36m\x1b[Knote: \x1b[m\x1b[Kat offset 6 into destination object \xe2\x80\x98\x1b[01m\x1b[Knode_package::package_Head\x1b[m\x1b[K\xe2\x80\x99 of size 2\n'}
[3.537793] (cspc_lidar) StderrLine: {'line': b'  132 |   uint16_t \x1b[01;36m\x1b[Kpackage_Head\x1b[m\x1b[K;\n'}
[3.537867] (cspc_lidar) StderrLine: {'line': b'      |            \x1b[01;36m\x1b[K^~~~~~~~~~~~\x1b[m\x1b[K\n'}
[3.537938] (cspc_lidar) StderrLine: {'line': b'\x1b[01m\x1b[K/home/meng/mDetectRobot/turtlebot3_ws/src/cspc_lidar/sdk/lidar_data_processing.cpp:651:34:\x1b[m\x1b[K \x1b[01;35m\x1b[Kwarning: \x1b[m\x1b[Kwriting 1 byte into a region of size 0 [\x1b[01;35m\x1b[K\x1b]8;;https://gcc.gnu.org/onlinedocs/gcc/Warning-Options.html#index-Wstringop-overflow=\x07-Wstringop-overflow=\x1b]8;;\x07\x1b[m\x1b[K]\n'}
[3.538020] (cspc_lidar) StderrLine: {'line': b'  651 |         \x1b[01;35m\x1b[KpackageBuffer[recvPos++] = currentByte\x1b[m\x1b[K;\n'}
[3.538096] (cspc_lidar) StderrLine: {'line': b'      |         \x1b[01;35m\x1b[K~~~~~~~~~~~~~~~~~~~~~~~~~^~~~~~~~~~~~~\x1b[m\x1b[K\n'}
[3.538173] (cspc_lidar) StderrLine: {'line': b'In file included from \x1b[01m\x1b[K/home/meng/mDetectRobot/turtlebot3_ws/src/cspc_lidar/sdk/serial_port.h:4\x1b[m\x1b[K,\n'}
[3.538243] (cspc_lidar) StderrLine: {'line': b'                 from \x1b[01m\x1b[K/home/meng/mDetectRobot/turtlebot3_ws/src/cspc_lidar/sdk/lidar_data_processing.cpp:7\x1b[m\x1b[K:\n'}
[3.538313] (cspc_lidar) StderrLine: {'line': b'\x1b[01m\x1b[K/home/meng/mDetectRobot/turtlebot3_ws/src/cspc_lidar/sdk/lidar_information.h:144:12:\x1b[m\x1b[K \x1b[01;36m\x1b[Knote: \x1b[m\x1b[Kat offset 7 into destination object \xe2\x80\x98\x1b[01m\x1b[Knode_packages::package_Head\x1b[m\x1b[K\xe2\x80\x99 of size 2\n'}
[3.538390] (cspc_lidar) StderrLine: {'line': b'  144 |   uint16_t \x1b[01;36m\x1b[Kpackage_Head\x1b[m\x1b[K;\n'}
[3.538460] (cspc_lidar) StderrLine: {'line': b'      |            \x1b[01;36m\x1b[K^~~~~~~~~~~~\x1b[m\x1b[K\n'}
[3.538529] (cspc_lidar) StderrLine: {'line': b'\x1b[01m\x1b[K/home/meng/mDetectRobot/turtlebot3_ws/src/cspc_lidar/sdk/lidar_information.h:132:12:\x1b[m\x1b[K \x1b[01;36m\x1b[Knote: \x1b[m\x1b[Kat offset 7 into destination object \xe2\x80\x98\x1b[01m\x1b[Knode_package::package_Head\x1b[m\x1b[K\xe2\x80\x99 of size 2\n'}
[3.538600] (cspc_lidar) StderrLine: {'line': b'  132 |   uint16_t \x1b[01;36m\x1b[Kpackage_Head\x1b[m\x1b[K;\n'}
[3.538671] (cspc_lidar) StderrLine: {'line': b'      |            \x1b[01;36m\x1b[K^~~~~~~~~~~~\x1b[m\x1b[K\n'}
[3.538740] (cspc_lidar) StderrLine: {'line': b'\x1b[01m\x1b[K/home/meng/mDetectRobot/turtlebot3_ws/src/cspc_lidar/sdk/lidar_data_processing.cpp:651:34:\x1b[m\x1b[K \x1b[01;35m\x1b[Kwarning: \x1b[m\x1b[Kwriting 1 byte into a region of size 0 [\x1b[01;35m\x1b[K\x1b]8;;https://gcc.gnu.org/onlinedocs/gcc/Warning-Options.html#index-Wstringop-overflow=\x07-Wstringop-overflow=\x1b]8;;\x07\x1b[m\x1b[K]\n'}
[3.538813] (cspc_lidar) StderrLine: {'line': b'  651 |         \x1b[01;35m\x1b[KpackageBuffer[recvPos++] = currentByte\x1b[m\x1b[K;\n'}
[3.538896] (cspc_lidar) StderrLine: {'line': b'      |         \x1b[01;35m\x1b[K~~~~~~~~~~~~~~~~~~~~~~~~~^~~~~~~~~~~~~\x1b[m\x1b[K\n'}
[3.538967] (cspc_lidar) StderrLine: {'line': b'In file included from \x1b[01m\x1b[K/home/meng/mDetectRobot/turtlebot3_ws/src/cspc_lidar/sdk/serial_port.h:4\x1b[m\x1b[K,\n'}
[3.539036] (cspc_lidar) StderrLine: {'line': b'                 from \x1b[01m\x1b[K/home/meng/mDetectRobot/turtlebot3_ws/src/cspc_lidar/sdk/lidar_data_processing.cpp:7\x1b[m\x1b[K:\n'}
[3.539111] (cspc_lidar) StderrLine: {'line': b'\x1b[01m\x1b[K/home/meng/mDetectRobot/turtlebot3_ws/src/cspc_lidar/sdk/lidar_information.h:144:12:\x1b[m\x1b[K \x1b[01;36m\x1b[Knote: \x1b[m\x1b[Kat offset 7 into destination object \xe2\x80\x98\x1b[01m\x1b[Knode_packages::package_Head\x1b[m\x1b[K\xe2\x80\x99 of size 2\n'}
[3.539188] (cspc_lidar) StderrLine: {'line': b'  144 |   uint16_t \x1b[01;36m\x1b[Kpackage_Head\x1b[m\x1b[K;\n'}
[3.539260] (cspc_lidar) StderrLine: {'line': b'      |            \x1b[01;36m\x1b[K^~~~~~~~~~~~\x1b[m\x1b[K\n'}
[3.539331] (cspc_lidar) StderrLine: {'line': b'\x1b[01m\x1b[K/home/meng/mDetectRobot/turtlebot3_ws/src/cspc_lidar/sdk/lidar_information.h:132:12:\x1b[m\x1b[K \x1b[01;36m\x1b[Knote: \x1b[m\x1b[Kat offset 7 into destination object \xe2\x80\x98\x1b[01m\x1b[Knode_package::package_Head\x1b[m\x1b[K\xe2\x80\x99 of size 2\n'}
[3.539407] (cspc_lidar) StderrLine: {'line': b'  132 |   uint16_t \x1b[01;36m\x1b[Kpackage_Head\x1b[m\x1b[K;\n'}
[3.539478] (cspc_lidar) StderrLine: {'line': b'      |            \x1b[01;36m\x1b[K^~~~~~~~~~~~\x1b[m\x1b[K\n'}
[3.539553] (cspc_lidar) StderrLine: {'line': b'\x1b[01m\x1b[K/home/meng/mDetectRobot/turtlebot3_ws/src/cspc_lidar/sdk/lidar_data_processing.cpp:651:34:\x1b[m\x1b[K \x1b[01;35m\x1b[Kwarning: \x1b[m\x1b[Kwriting 1 byte into a region of size 0 [\x1b[01;35m\x1b[K\x1b]8;;https://gcc.gnu.org/onlinedocs/gcc/Warning-Options.html#index-Wstringop-overflow=\x07-Wstringop-overflow=\x1b]8;;\x07\x1b[m\x1b[K]\n'}
[3.539626] (cspc_lidar) StderrLine: {'line': b'  651 |         \x1b[01;35m\x1b[KpackageBuffer[recvPos++] = currentByte\x1b[m\x1b[K;\n'}
[3.539695] (cspc_lidar) StderrLine: {'line': b'      |         \x1b[01;35m\x1b[K~~~~~~~~~~~~~~~~~~~~~~~~~^~~~~~~~~~~~~\x1b[m\x1b[K\n'}
[3.539765] (cspc_lidar) StderrLine: {'line': b'In file included from \x1b[01m\x1b[K/home/meng/mDetectRobot/turtlebot3_ws/src/cspc_lidar/sdk/serial_port.h:4\x1b[m\x1b[K,\n'}
[3.539835] (cspc_lidar) StderrLine: {'line': b'                 from \x1b[01m\x1b[K/home/meng/mDetectRobot/turtlebot3_ws/src/cspc_lidar/sdk/lidar_data_processing.cpp:7\x1b[m\x1b[K:\n'}
[3.539905] (cspc_lidar) StderrLine: {'line': b'\x1b[01m\x1b[K/home/meng/mDetectRobot/turtlebot3_ws/src/cspc_lidar/sdk/lidar_information.h:144:12:\x1b[m\x1b[K \x1b[01;36m\x1b[Knote: \x1b[m\x1b[Kat offset 7 into destination object \xe2\x80\x98\x1b[01m\x1b[Knode_packages::package_Head\x1b[m\x1b[K\xe2\x80\x99 of size 2\n'}
[3.539977] (cspc_lidar) StderrLine: {'line': b'  144 |   uint16_t \x1b[01;36m\x1b[Kpackage_Head\x1b[m\x1b[K;\n'}
[3.540046] (cspc_lidar) StderrLine: {'line': b'      |            \x1b[01;36m\x1b[K^~~~~~~~~~~~\x1b[m\x1b[K\n'}
[3.540128] (cspc_lidar) StderrLine: {'line': b'\x1b[01m\x1b[K/home/meng/mDetectRobot/turtlebot3_ws/src/cspc_lidar/sdk/lidar_information.h:132:12:\x1b[m\x1b[K \x1b[01;36m\x1b[Knote: \x1b[m\x1b[Kat offset 7 into destination object \xe2\x80\x98\x1b[01m\x1b[Knode_package::package_Head\x1b[m\x1b[K\xe2\x80\x99 of size 2\n'}
[3.540202] (cspc_lidar) StderrLine: {'line': b'  132 |   uint16_t \x1b[01;36m\x1b[Kpackage_Head\x1b[m\x1b[K;\n'}
[3.540272] (cspc_lidar) StderrLine: {'line': b'      |            \x1b[01;36m\x1b[K^~~~~~~~~~~~\x1b[m\x1b[K\n'}
[3.540342] (cspc_lidar) StderrLine: {'line': b'\x1b[01m\x1b[K/home/meng/mDetectRobot/turtlebot3_ws/src/cspc_lidar/sdk/lidar_data_processing.cpp:651:34:\x1b[m\x1b[K \x1b[01;35m\x1b[Kwarning: \x1b[m\x1b[Kwriting 1 byte into a region of size 0 [\x1b[01;35m\x1b[K\x1b]8;;https://gcc.gnu.org/onlinedocs/gcc/Warning-Options.html#index-Wstringop-overflow=\x07-Wstringop-overflow=\x1b]8;;\x07\x1b[m\x1b[K]\n'}
[3.540414] (cspc_lidar) StderrLine: {'line': b'  651 |         \x1b[01;35m\x1b[KpackageBuffer[recvPos++] = currentByte\x1b[m\x1b[K;\n'}
[3.540485] (cspc_lidar) StderrLine: {'line': b'      |         \x1b[01;35m\x1b[K~~~~~~~~~~~~~~~~~~~~~~~~~^~~~~~~~~~~~~\x1b[m\x1b[K\n'}
[3.540555] (cspc_lidar) StderrLine: {'line': b'In file included from \x1b[01m\x1b[K/home/meng/mDetectRobot/turtlebot3_ws/src/cspc_lidar/sdk/serial_port.h:4\x1b[m\x1b[K,\n'}
[3.540626] (cspc_lidar) StderrLine: {'line': b'                 from \x1b[01m\x1b[K/home/meng/mDetectRobot/turtlebot3_ws/src/cspc_lidar/sdk/lidar_data_processing.cpp:7\x1b[m\x1b[K:\n'}
[3.540696] (cspc_lidar) StderrLine: {'line': b'\x1b[01m\x1b[K/home/meng/mDetectRobot/turtlebot3_ws/src/cspc_lidar/sdk/lidar_information.h:144:12:\x1b[m\x1b[K \x1b[01;36m\x1b[Knote: \x1b[m\x1b[Kat offset 7 into destination object \xe2\x80\x98\x1b[01m\x1b[Knode_packages::package_Head\x1b[m\x1b[K\xe2\x80\x99 of size 2\n'}
[3.540773] (cspc_lidar) StderrLine: {'line': b'  144 |   uint16_t \x1b[01;36m\x1b[Kpackage_Head\x1b[m\x1b[K;\n'}
[3.540843] (cspc_lidar) StderrLine: {'line': b'      |            \x1b[01;36m\x1b[K^~~~~~~~~~~~\x1b[m\x1b[K\n'}
[3.540912] (cspc_lidar) StderrLine: {'line': b'\x1b[01m\x1b[K/home/meng/mDetectRobot/turtlebot3_ws/src/cspc_lidar/sdk/lidar_information.h:132:12:\x1b[m\x1b[K \x1b[01;36m\x1b[Knote: \x1b[m\x1b[Kat offset 7 into destination object \xe2\x80\x98\x1b[01m\x1b[Knode_package::package_Head\x1b[m\x1b[K\xe2\x80\x99 of size 2\n'}
[3.540982] (cspc_lidar) StderrLine: {'line': b'  132 |   uint16_t \x1b[01;36m\x1b[Kpackage_Head\x1b[m\x1b[K;\n'}
[3.541058] (cspc_lidar) StderrLine: {'line': b'      |            \x1b[01;36m\x1b[K^~~~~~~~~~~~\x1b[m\x1b[K\n'}
[3.541139] (cspc_lidar) StderrLine: {'line': b'\x1b[01m\x1b[K/home/meng/mDetectRobot/turtlebot3_ws/src/cspc_lidar/sdk/lidar_data_processing.cpp:651:34:\x1b[m\x1b[K \x1b[01;35m\x1b[Kwarning: \x1b[m\x1b[Kwriting 1 byte into a region of size 0 [\x1b[01;35m\x1b[K\x1b]8;;https://gcc.gnu.org/onlinedocs/gcc/Warning-Options.html#index-Wstringop-overflow=\x07-Wstringop-overflow=\x1b]8;;\x07\x1b[m\x1b[K]\n'}
[3.541217] (cspc_lidar) StderrLine: {'line': b'  651 |         \x1b[01;35m\x1b[KpackageBuffer[recvPos++] = currentByte\x1b[m\x1b[K;\n'}
[3.541288] (cspc_lidar) StderrLine: {'line': b'      |         \x1b[01;35m\x1b[K~~~~~~~~~~~~~~~~~~~~~~~~~^~~~~~~~~~~~~\x1b[m\x1b[K\n'}
[3.541357] (cspc_lidar) StderrLine: {'line': b'In file included from \x1b[01m\x1b[K/home/meng/mDetectRobot/turtlebot3_ws/src/cspc_lidar/sdk/serial_port.h:4\x1b[m\x1b[K,\n'}
[3.541426] (cspc_lidar) StderrLine: {'line': b'                 from \x1b[01m\x1b[K/home/meng/mDetectRobot/turtlebot3_ws/src/cspc_lidar/sdk/lidar_data_processing.cpp:7\x1b[m\x1b[K:\n'}
[3.541495] (cspc_lidar) StderrLine: {'line': b'\x1b[01m\x1b[K/home/meng/mDetectRobot/turtlebot3_ws/src/cspc_lidar/sdk/lidar_information.h:144:12:\x1b[m\x1b[K \x1b[01;36m\x1b[Knote: \x1b[m\x1b[Kat offset 8 into destination object \xe2\x80\x98\x1b[01m\x1b[Knode_packages::package_Head\x1b[m\x1b[K\xe2\x80\x99 of size 2\n'}
[3.541566] (cspc_lidar) StderrLine: {'line': b'  144 |   uint16_t \x1b[01;36m\x1b[Kpackage_Head\x1b[m\x1b[K;\n'}
[3.541635] (cspc_lidar) StderrLine: {'line': b'      |            \x1b[01;36m\x1b[K^~~~~~~~~~~~\x1b[m\x1b[K\n'}
[3.541704] (cspc_lidar) StderrLine: {'line': b'\x1b[01m\x1b[K/home/meng/mDetectRobot/turtlebot3_ws/src/cspc_lidar/sdk/lidar_information.h:132:12:\x1b[m\x1b[K \x1b[01;36m\x1b[Knote: \x1b[m\x1b[Kat offset 8 into destination object \xe2\x80\x98\x1b[01m\x1b[Knode_package::package_Head\x1b[m\x1b[K\xe2\x80\x99 of size 2\n'}
[3.541779] (cspc_lidar) StderrLine: {'line': b'  132 |   uint16_t \x1b[01;36m\x1b[Kpackage_Head\x1b[m\x1b[K;\n'}
[3.541848] (cspc_lidar) StderrLine: {'line': b'      |            \x1b[01;36m\x1b[K^~~~~~~~~~~~\x1b[m\x1b[K\n'}
[3.541918] (cspc_lidar) StderrLine: {'line': b'\x1b[01m\x1b[K/home/meng/mDetectRobot/turtlebot3_ws/src/cspc_lidar/sdk/lidar_data_processing.cpp:651:34:\x1b[m\x1b[K \x1b[01;35m\x1b[Kwarning: \x1b[m\x1b[Kwriting 1 byte into a region of size 0 [\x1b[01;35m\x1b[K\x1b]8;;https://gcc.gnu.org/onlinedocs/gcc/Warning-Options.html#index-Wstringop-overflow=\x07-Wstringop-overflow=\x1b]8;;\x07\x1b[m\x1b[K]\n'}
[3.541998] (cspc_lidar) StderrLine: {'line': b'  651 |         \x1b[01;35m\x1b[KpackageBuffer[recvPos++] = currentByte\x1b[m\x1b[K;\n'}
[3.542067] (cspc_lidar) StderrLine: {'line': b'      |         \x1b[01;35m\x1b[K~~~~~~~~~~~~~~~~~~~~~~~~~^~~~~~~~~~~~~\x1b[m\x1b[K\n'}
[3.542147] (cspc_lidar) StderrLine: {'line': b'In file included from \x1b[01m\x1b[K/home/meng/mDetectRobot/turtlebot3_ws/src/cspc_lidar/sdk/serial_port.h:4\x1b[m\x1b[K,\n'}
[3.542219] (cspc_lidar) StderrLine: {'line': b'                 from \x1b[01m\x1b[K/home/meng/mDetectRobot/turtlebot3_ws/src/cspc_lidar/sdk/lidar_data_processing.cpp:7\x1b[m\x1b[K:\n'}
[3.542288] (cspc_lidar) StderrLine: {'line': b'\x1b[01m\x1b[K/home/meng/mDetectRobot/turtlebot3_ws/src/cspc_lidar/sdk/lidar_information.h:144:12:\x1b[m\x1b[K \x1b[01;36m\x1b[Knote: \x1b[m\x1b[Kat offset 9 into destination object \xe2\x80\x98\x1b[01m\x1b[Knode_packages::package_Head\x1b[m\x1b[K\xe2\x80\x99 of size 2\n'}
[3.542358] (cspc_lidar) StderrLine: {'line': b'  144 |   uint16_t \x1b[01;36m\x1b[Kpackage_Head\x1b[m\x1b[K;\n'}
[3.542427] (cspc_lidar) StderrLine: {'line': b'      |            \x1b[01;36m\x1b[K^~~~~~~~~~~~\x1b[m\x1b[K\n'}
[3.542495] (cspc_lidar) StderrLine: {'line': b'\x1b[01m\x1b[K/home/meng/mDetectRobot/turtlebot3_ws/src/cspc_lidar/sdk/lidar_information.h:132:12:\x1b[m\x1b[K \x1b[01;36m\x1b[Knote: \x1b[m\x1b[Kat offset 9 into destination object \xe2\x80\x98\x1b[01m\x1b[Knode_package::package_Head\x1b[m\x1b[K\xe2\x80\x99 of size 2\n'}
[3.542570] (cspc_lidar) StderrLine: {'line': b'  132 |   uint16_t \x1b[01;36m\x1b[Kpackage_Head\x1b[m\x1b[K;\n'}
[3.542640] (cspc_lidar) StderrLine: {'line': b'      |            \x1b[01;36m\x1b[K^~~~~~~~~~~~\x1b[m\x1b[K\n'}
[3.542708] (cspc_lidar) StderrLine: {'line': b'\x1b[01m\x1b[K/home/meng/mDetectRobot/turtlebot3_ws/src/cspc_lidar/sdk/calibration.cpp:\x1b[m\x1b[K In function \xe2\x80\x98\x1b[01m\x1b[Kvoid straightening_process(point_lines, point_t, point_t, pcloud_t&)\x1b[m\x1b[K\xe2\x80\x99:\n'}
[3.542778] (cspc_lidar) StderrLine: {'line': b'\x1b[01m\x1b[K/home/meng/mDetectRobot/turtlebot3_ws/src/cspc_lidar/sdk/calibration.cpp:194:12:\x1b[m\x1b[K \x1b[01;35m\x1b[Kwarning: \x1b[m\x1b[K\xe2\x80\x98\x1b[01m\x1b[Kintersection.Vector2D::x\x1b[m\x1b[K\xe2\x80\x99 is used uninitialized [\x1b[01;35m\x1b[K\x1b]8;;https://gcc.gnu.org/onlinedocs/gcc/Warning-Options.html#index-Wuninitialized\x07-Wuninitialized\x1b]8;;\x07\x1b[m\x1b[K]\n'}
[3.542851] (cspc_lidar) StderrLine: {'line': b'  194 |   Vector2D \x1b[01;35m\x1b[Kintersection\x1b[m\x1b[K;\n'}
[3.542920] (cspc_lidar) StderrLine: {'line': b'      |            \x1b[01;35m\x1b[K^~~~~~~~~~~~\x1b[m\x1b[K\n'}
[3.542988] (cspc_lidar) StderrLine: {'line': b'\x1b[01m\x1b[K/home/meng/mDetectRobot/turtlebot3_ws/src/cspc_lidar/sdk/calibration.cpp:194:12:\x1b[m\x1b[K \x1b[01;35m\x1b[Kwarning: \x1b[m\x1b[K\xe2\x80\x98\x1b[01m\x1b[Kintersection.Vector2D::y\x1b[m\x1b[K\xe2\x80\x99 is used uninitialized [\x1b[01;35m\x1b[K\x1b]8;;https://gcc.gnu.org/onlinedocs/gcc/Warning-Options.html#index-Wuninitialized\x07-Wuninitialized\x1b]8;;\x07\x1b[m\x1b[K]\n'}
[3.607887] (-) TimerEvent: {}
[3.699117] (cspc_lidar) StderrLine: {'line': b'\x1b[01m\x1b[K/home/meng/mDetectRobot/turtlebot3_ws/src/cspc_lidar/sdk/calibration.cpp:\x1b[m\x1b[K In function \xe2\x80\x98\x1b[01m\x1b[Kvoid fitting_line(pcloud_t&)\x1b[m\x1b[K\xe2\x80\x99:\n'}
[3.699346] (cspc_lidar) StderrLine: {'line': b'\x1b[01m\x1b[K/home/meng/mDetectRobot/turtlebot3_ws/src/cspc_lidar/sdk/calibration.cpp:530:11:\x1b[m\x1b[K \x1b[01;35m\x1b[Kwarning: \x1b[m\x1b[K\xe2\x80\x98\x1b[01m\x1b[Kpoint_record2._point_::index\x1b[m\x1b[K\xe2\x80\x99 may be used uninitialized in this function [\x1b[01;35m\x1b[K\x1b]8;;https://gcc.gnu.org/onlinedocs/gcc/Warning-Options.html#index-Wmaybe-uninitialized\x07-Wmaybe-uninitialized\x1b]8;;\x07\x1b[m\x1b[K]\n'}
[3.699451] (cspc_lidar) StderrLine: {'line': b'  530 |   point_t \x1b[01;35m\x1b[Kpoint_record2\x1b[m\x1b[K;\n'}
[3.699548] (cspc_lidar) StderrLine: {'line': b'      |           \x1b[01;35m\x1b[K^~~~~~~~~~~~~\x1b[m\x1b[K\n'}
[3.699635] (cspc_lidar) StderrLine: {'line': b'\x1b[01m\x1b[K/home/meng/mDetectRobot/turtlebot3_ws/src/cspc_lidar/sdk/calibration.cpp:529:11:\x1b[m\x1b[K \x1b[01;35m\x1b[Kwarning: \x1b[m\x1b[K\xe2\x80\x98\x1b[01m\x1b[Kpoint_record1._point_::index\x1b[m\x1b[K\xe2\x80\x99 may be used uninitialized in this function [\x1b[01;35m\x1b[K\x1b]8;;https://gcc.gnu.org/onlinedocs/gcc/Warning-Options.html#index-Wmaybe-uninitialized\x07-Wmaybe-uninitialized\x1b]8;;\x07\x1b[m\x1b[K]\n'}
[3.699724] (cspc_lidar) StderrLine: {'line': b'  529 |   point_t \x1b[01;35m\x1b[Kpoint_record1\x1b[m\x1b[K;\n'}
[3.699808] (cspc_lidar) StderrLine: {'line': b'      |           \x1b[01;35m\x1b[K^~~~~~~~~~~~~\x1b[m\x1b[K\n'}
[3.708109] (-) TimerEvent: {}
[3.808400] (-) TimerEvent: {}
[3.908804] (-) TimerEvent: {}
[4.009237] (-) TimerEvent: {}
[4.109591] (-) TimerEvent: {}
[4.210030] (-) TimerEvent: {}
[4.310633] (-) TimerEvent: {}
[4.410995] (-) TimerEvent: {}
[4.511380] (-) TimerEvent: {}
[4.611734] (-) TimerEvent: {}
[4.712097] (-) TimerEvent: {}
[4.812345] (-) TimerEvent: {}
[4.912623] (-) TimerEvent: {}
[5.012966] (-) TimerEvent: {}
[5.113256] (-) TimerEvent: {}
[5.213601] (-) TimerEvent: {}
[5.313948] (-) TimerEvent: {}
[5.414303] (-) TimerEvent: {}
[5.514666] (-) TimerEvent: {}
[5.615029] (-) TimerEvent: {}
[5.715297] (-) TimerEvent: {}
[5.815561] (-) TimerEvent: {}
[5.915833] (-) TimerEvent: {}
[6.016193] (-) TimerEvent: {}
[6.116431] (-) TimerEvent: {}
[6.216705] (-) TimerEvent: {}
[6.317056] (-) TimerEvent: {}
[6.417370] (-) TimerEvent: {}
[6.517650] (-) TimerEvent: {}
[6.617987] (-) TimerEvent: {}
[6.718340] (-) TimerEvent: {}
[6.818686] (-) TimerEvent: {}
[6.919029] (-) TimerEvent: {}
[7.019407] (-) TimerEvent: {}
[7.119687] (-) TimerEvent: {}
[7.220026] (-) TimerEvent: {}
[7.320389] (-) TimerEvent: {}
[7.420831] (-) TimerEvent: {}
[7.521242] (-) TimerEvent: {}
[7.621591] (-) TimerEvent: {}
[7.721849] (-) TimerEvent: {}
[7.822198] (-) TimerEvent: {}
[7.922449] (-) TimerEvent: {}
[8.022801] (-) TimerEvent: {}
[8.123181] (-) TimerEvent: {}
[8.223508] (-) TimerEvent: {}
[8.323892] (-) TimerEvent: {}
[8.424262] (-) TimerEvent: {}
[8.524620] (-) TimerEvent: {}
[8.625008] (-) TimerEvent: {}
[8.725398] (-) TimerEvent: {}
[8.825796] (-) TimerEvent: {}
[8.926163] (-) TimerEvent: {}
[9.026508] (-) TimerEvent: {}
[9.126852] (-) TimerEvent: {}
[9.227199] (-) TimerEvent: {}
[9.327482] (-) TimerEvent: {}
[9.427883] (-) TimerEvent: {}
[9.528212] (-) TimerEvent: {}
[9.628572] (-) TimerEvent: {}
[9.728913] (-) TimerEvent: {}
[9.829296] (-) TimerEvent: {}
[9.929648] (-) TimerEvent: {}
[10.029992] (-) TimerEvent: {}
[10.130397] (-) TimerEvent: {}
[10.230853] (-) TimerEvent: {}
[10.331329] (-) TimerEvent: {}
[10.431707] (-) TimerEvent: {}
[10.500334] (cspc_lidar) StdoutLine: {'line': b'[100%] \x1b[32m\x1b[1mLinking CXX executable cspc_lidar\x1b[0m\n'}
[10.531902] (-) TimerEvent: {}
[10.618826] (cspc_lidar) StdoutLine: {'line': b'[100%] Built target cspc_lidar\n'}
[10.628057] (cspc_lidar) CommandEnded: {'returncode': 0}
[10.628672] (cspc_lidar) JobProgress: {'identifier': 'cspc_lidar', 'progress': 'install'}
[10.631970] (-) TimerEvent: {}
[10.637224] (cspc_lidar) Command: {'cmd': ['/usr/bin/cmake', '--install', '/home/meng/mDetectRobot/turtlebot3_ws/build/cspc_lidar'], 'cwd': '/home/meng/mDetectRobot/turtlebot3_ws/build/cspc_lidar', 'env': OrderedDict([('LESSOPEN', '| /usr/bin/lesspipe %s'), ('LANGUAGE', 'en_AU:en'), ('USER', 'meng'), ('XDG_SESSION_TYPE', 'wayland'), ('SHLVL', '1'), ('LD_LIBRARY_PATH', '/usr/lib/x86_64-linux-gnu/gazebo-11/plugins:/opt/ros/humble/opt/rviz_ogre_vendor/lib:/opt/ros/humble/lib/x86_64-linux-gnu:/opt/ros/humble/lib'), ('HOME', '/home/meng'), ('OLDPWD', '/home/meng'), ('DESKTOP_SESSION', 'ubuntu'), ('ROS_PYTHON_VERSION', '3'), ('GNOME_SHELL_SESSION_MODE', 'ubuntu'), ('GTK_MODULES', 'gail:atk-bridge'), ('SYSTEMD_EXEC_PID', '2993'), ('DBUS_SESSION_BUS_ADDRESS', 'unix:path=/run/user/1000/bus'), ('COLORTERM', 'truecolor'), ('_colcon_cd_root', '/opt/ros/humble/'), ('IM_CONFIG_PHASE', '1'), ('WAYLAND_DISPLAY', 'wayland-0'), ('COLCON_PREFIX_PATH', '/home/meng/mDetectRobot/turtlebot3_ws/install:/home/meng/mdetect_ws/install:/home/meng/ldlidar_ros2_ws/install'), ('ROS_DISTRO', 'humble'), ('LOGNAME', 'meng'), ('_', '/usr/bin/colcon'), ('ROS_VERSION', '2'), ('XDG_SESSION_CLASS', 'user'), ('USERNAME', 'meng'), ('TERM', 'xterm-256color'), ('GNOME_DESKTOP_SESSION_ID', 'this-is-deprecated'), ('ROS_LOCALHOST_ONLY', '0'), ('PATH', '/home/meng/mDetectRobot/turtlebot3_ws/install/arduino_bridge/bin:/opt/ros/humble/bin:/home/meng/.local/bin:/usr/local/sbin:/usr/local/bin:/usr/sbin:/usr/bin:/sbin:/bin:/usr/games:/usr/local/games:/snap/bin:/snap/bin'), ('SESSION_MANAGER', 'local/meng-Flow-Z13-GZ301VV:@/tmp/.ICE-unix/1508,unix/meng-Flow-Z13-GZ301VV:/tmp/.ICE-unix/1508'), ('XDG_MENU_PREFIX', 'gnome-'), ('GNOME_TERMINAL_SCREEN', '/org/gnome/Terminal/screen/39e6668d_c80b_46d9_8590_87d994dc84dd'), ('GNOME_SETUP_DISPLAY', ':1'), ('XDG_RUNTIME_DIR', '/run/user/1000'), ('DISPLAY', ':0'), ('LANG', 'en_US.UTF-8'), ('XDG_CURRENT_DESKTOP', 'ubuntu:GNOME'), ('RMW_IMPLEMENTATION', 'rmw_cyclonedds_cpp'), ('XMODIFIERS', '@im=ibus'), ('XDG_SESSION_DESKTOP', 'ubuntu'), ('XAUTHORITY', '/run/user/1000/.mutter-Xwaylandauth.W3NWR3'), ('LS_COLORS', 'rs=0:di=01;34:ln=01;36:mh=00:pi=40;33:so=01;35:do=01;35:bd=40;33;01:cd=40;33;01:or=40;31;01:mi=00:su=37;41:sg=30;43:ca=30;41:tw=30;42:ow=34;42:st=37;44:ex=01;32:*.tar=01;31:*.tgz=01;31:*.arc=01;31:*.arj=01;31:*.taz=01;31:*.lha=01;31:*.lz4=01;31:*.lzh=01;31:*.lzma=01;31:*.tlz=01;31:*.txz=01;31:*.tzo=01;31:*.t7z=01;31:*.zip=01;31:*.z=01;31:*.dz=01;31:*.gz=01;31:*.lrz=01;31:*.lz=01;31:*.lzo=01;31:*.xz=01;31:*.zst=01;31:*.tzst=01;31:*.bz2=01;31:*.bz=01;31:*.tbz=01;31:*.tbz2=01;31:*.tz=01;31:*.deb=01;31:*.rpm=01;31:*.jar=01;31:*.war=01;31:*.ear=01;31:*.sar=01;31:*.rar=01;31:*.alz=01;31:*.ace=01;31:*.zoo=01;31:*.cpio=01;31:*.7z=01;31:*.rz=01;31:*.cab=01;31:*.wim=01;31:*.swm=01;31:*.dwm=01;31:*.esd=01;31:*.jpg=01;35:*.jpeg=01;35:*.mjpg=01;35:*.mjpeg=01;35:*.gif=01;35:*.bmp=01;35:*.pbm=01;35:*.pgm=01;35:*.ppm=01;35:*.tga=01;35:*.xbm=01;35:*.xpm=01;35:*.tif=01;35:*.tiff=01;35:*.png=01;35:*.svg=01;35:*.svgz=01;35:*.mng=01;35:*.pcx=01;35:*.mov=01;35:*.mpg=01;35:*.mpeg=01;35:*.m2v=01;35:*.mkv=01;35:*.webm=01;35:*.webp=01;35:*.ogm=01;35:*.mp4=01;35:*.m4v=01;35:*.mp4v=01;35:*.vob=01;35:*.qt=01;35:*.nuv=01;35:*.wmv=01;35:*.asf=01;35:*.rm=01;35:*.rmvb=01;35:*.flc=01;35:*.avi=01;35:*.fli=01;35:*.flv=01;35:*.gl=01;35:*.dl=01;35:*.xcf=01;35:*.xwd=01;35:*.yuv=01;35:*.cgm=01;35:*.emf=01;35:*.ogv=01;35:*.ogx=01;35:*.aac=00;36:*.au=00;36:*.flac=00;36:*.m4a=00;36:*.mid=00;36:*.midi=00;36:*.mka=00;36:*.mp3=00;36:*.mpc=00;36:*.ogg=00;36:*.ra=00;36:*.wav=00;36:*.oga=00;36:*.opus=00;36:*.spx=00;36:*.xspf=00;36:'), ('GNOME_TERMINAL_SERVICE', ':1.111'), ('SSH_AGENT_LAUNCHER', 'gnome-keyring'), ('SSH_AUTH_SOCK', '/run/user/1000/keyring/ssh'), ('ROS_DOMAIN_ID', '30'), ('AMENT_PREFIX_PATH', '/home/meng/mDetectRobot/turtlebot3_ws/install/cspc_lidar:/home/meng/mDetectRobot/turtlebot3_ws/install/arduino_bridge:/home/meng/mdetect_ws/install/mdetect_navigation:/home/meng/mdetect_ws/install/mdetect_description:/home/meng/ldlidar_ros2_ws/install/ldlidar_ros2:/opt/ros/humble'), ('SHELL', '/bin/bash'), ('QT_ACCESSIBILITY', '1'), ('GDMSESSION', 'ubuntu'), ('LESSCLOSE', '/usr/bin/lesspipe %s %s'), ('QT_IM_MODULE', 'ibus'), ('PWD', '/home/meng/mDetectRobot/turtlebot3_ws/build/cspc_lidar'), ('TURTLEBOT3_MODEL', 'burger_cam'), ('LC_ALL', 'en_US.UTF-8'), ('XDG_CONFIG_DIRS', '/etc/xdg/xdg-ubuntu:/etc/xdg'), ('GAZEBO_PLUGIN_PATH', '/home/meng/{your_ws}/build/turtlebot3_gazebo:/home/meng/{your_ws}/build/turtlebot3_gazebo:'), ('XDG_DATA_DIRS', '/usr/share/ubuntu:/usr/local/share/:/usr/share/:/var/lib/snapd/desktop'), ('PYTHONPATH', '/home/meng/mDetectRobot/turtlebot3_ws/install/arduino_bridge/lib/python3.10/site-packages:/home/meng/mdetect_ws/build/mdetect_navigation:/home/meng/mdetect_ws/install/mdetect_navigation/lib/python3.10/site-packages:/opt/ros/humble/lib/python3.10/site-packages:/opt/ros/humble/local/lib/python3.10/dist-packages'), ('COLCON', '1'), ('VTE_VERSION', '6800'), ('CMAKE_PREFIX_PATH', '/home/meng/mDetectRobot/turtlebot3_ws/install/cspc_lidar:/home/meng/mdetect_ws/install/mdetect_description:/home/meng/ldlidar_ros2_ws/install/ldlidar_ros2:/home/meng/mDetectRobot/turtlebot3_ws/install/arduino_bridge:/home/meng/mdetect_ws/install/mdetect_navigation:/opt/ros/humble')]), 'shell': False}
[10.644073] (cspc_lidar) StdoutLine: {'line': b'-- Install configuration: "Release"\n'}
[10.644331] (cspc_lidar) StdoutLine: {'line': b'-- Installing: /home/meng/mDetectRobot/turtlebot3_ws/install/cspc_lidar/lib/cspc_lidar/cspc_lidar\n'}
[10.644801] (cspc_lidar) StdoutLine: {'line': b'-- Set runtime path of "/home/meng/mDetectRobot/turtlebot3_ws/install/cspc_lidar/lib/cspc_lidar/cspc_lidar" to ""\n'}
[10.644922] (cspc_lidar) StdoutLine: {'line': b'-- Installing: /home/meng/mDetectRobot/turtlebot3_ws/install/cspc_lidar/share/cspc_lidar/launch\n'}
[10.645037] (cspc_lidar) StdoutLine: {'line': b'-- Installing: /home/meng/mDetectRobot/turtlebot3_ws/install/cspc_lidar/share/cspc_lidar/launch/cspc_lidar.launch.py\n'}
[10.645146] (cspc_lidar) StdoutLine: {'line': b'-- Installing: /home/meng/mDetectRobot/turtlebot3_ws/install/cspc_lidar/share/cspc_lidar/params\n'}
[10.645310] (cspc_lidar) StdoutLine: {'line': b'-- Installing: /home/meng/mDetectRobot/turtlebot3_ws/install/cspc_lidar/share/cspc_lidar/params/cspc_lidar.yaml\n'}
[10.645384] (cspc_lidar) StdoutLine: {'line': b'-- Installing: /home/meng/mDetectRobot/turtlebot3_ws/install/cspc_lidar/share/ament_index/resource_index/package_run_dependencies/cspc_lidar\n'}
[10.645438] (cspc_lidar) StdoutLine: {'line': b'-- Installing: /home/meng/mDetectRobot/turtlebot3_ws/install/cspc_lidar/share/ament_index/resource_index/parent_prefix_path/cspc_lidar\n'}
[10.645472] (cspc_lidar) StdoutLine: {'line': b'-- Installing: /home/meng/mDetectRobot/turtlebot3_ws/install/cspc_lidar/share/cspc_lidar/environment/ament_prefix_path.sh\n'}
[10.645503] (cspc_lidar) StdoutLine: {'line': b'-- Installing: /home/meng/mDetectRobot/turtlebot3_ws/install/cspc_lidar/share/cspc_lidar/environment/ament_prefix_path.dsv\n'}
[10.645535] (cspc_lidar) StdoutLine: {'line': b'-- Installing: /home/meng/mDetectRobot/turtlebot3_ws/install/cspc_lidar/share/cspc_lidar/environment/path.sh\n'}
[10.645566] (cspc_lidar) StdoutLine: {'line': b'-- Installing: /home/meng/mDetectRobot/turtlebot3_ws/install/cspc_lidar/share/cspc_lidar/environment/path.dsv\n'}
[10.645597] (cspc_lidar) StdoutLine: {'line': b'-- Installing: /home/meng/mDetectRobot/turtlebot3_ws/install/cspc_lidar/share/cspc_lidar/local_setup.bash\n'}
[10.645653] (cspc_lidar) StdoutLine: {'line': b'-- Installing: /home/meng/mDetectRobot/turtlebot3_ws/install/cspc_lidar/share/cspc_lidar/local_setup.sh\n'}
[10.645710] (cspc_lidar) StdoutLine: {'line': b'-- Installing: /home/meng/mDetectRobot/turtlebot3_ws/install/cspc_lidar/share/cspc_lidar/local_setup.zsh\n'}
[10.645743] (cspc_lidar) StdoutLine: {'line': b'-- Installing: /home/meng/mDetectRobot/turtlebot3_ws/install/cspc_lidar/share/cspc_lidar/local_setup.dsv\n'}
[10.645774] (cspc_lidar) StdoutLine: {'line': b'-- Installing: /home/meng/mDetectRobot/turtlebot3_ws/install/cspc_lidar/share/cspc_lidar/package.dsv\n'}
[10.645804] (cspc_lidar) StdoutLine: {'line': b'-- Installing: /home/meng/mDetectRobot/turtlebot3_ws/install/cspc_lidar/share/ament_index/resource_index/packages/cspc_lidar\n'}
[10.645848] (cspc_lidar) StdoutLine: {'line': b'-- Installing: /home/meng/mDetectRobot/turtlebot3_ws/install/cspc_lidar/share/cspc_lidar/cmake/cspc_lidarConfig.cmake\n'}
[10.645903] (cspc_lidar) StdoutLine: {'line': b'-- Installing: /home/meng/mDetectRobot/turtlebot3_ws/install/cspc_lidar/share/cspc_lidar/cmake/cspc_lidarConfig-version.cmake\n'}
[10.645935] (cspc_lidar) StdoutLine: {'line': b'-- Installing: /home/meng/mDetectRobot/turtlebot3_ws/install/cspc_lidar/share/cspc_lidar/package.xml\n'}
[10.647306] (cspc_lidar) CommandEnded: {'returncode': 0}
[10.661908] (cspc_lidar) JobEnded: {'identifier': 'cspc_lidar', 'rc': 0}
[10.662695] (-) EventReactorShutdown: {}
