[0.000000] (-) TimerEvent: {}
[0.000297] (arduino_bridge) JobQueued: {'identifier': 'arduino_bridge', 'dependencies': OrderedDict()}
[0.000402] (cspc_lidar) JobQueued: {'identifier': 'cspc_lidar', 'dependencies': OrderedDict()}
[0.000456] (arduino_bridge) JobStarted: {'identifier': 'arduino_bridge'}
[0.005224] (cspc_lidar) JobStarted: {'identifier': 'cspc_lidar'}
[0.099488] (-) TimerEvent: {}
[0.172802] (cspc_lidar) JobProgress: {'identifier': 'cspc_lidar', 'progress': 'cmake'}
[0.173129] (cspc_lidar) Command: {'cmd': ['/usr/bin/cmake', '/home/meng/mDetectRobot/turtlebot3_ws/src/cspc_lidar', '-DCMAKE_INSTALL_PREFIX=/home/meng/mDetectRobot/turtlebot3_ws/install/cspc_lidar'], 'cwd': '/home/meng/mDetectRobot/turtlebot3_ws/build/cspc_lidar', 'env': OrderedDict([('LESSOPEN', '| /usr/bin/lesspipe %s'), ('LANGUAGE', 'en_AU:en'), ('USER', 'meng'), ('XDG_SESSION_TYPE', 'wayland'), ('SHLVL', '1'), ('LD_LIBRARY_PATH', '/usr/lib/x86_64-linux-gnu/gazebo-11/plugins:/opt/ros/humble/opt/rviz_ogre_vendor/lib:/opt/ros/humble/lib/x86_64-linux-gnu:/opt/ros/humble/lib'), ('HOME', '/home/meng'), ('OLDPWD', '/home/meng/mDetectRobot/turtlebot3_ws'), ('DESKTOP_SESSION', 'ubuntu'), ('ROS_PYTHON_VERSION', '3'), ('GNOME_SHELL_SESSION_MODE', 'ubuntu'), ('GTK_MODULES', 'gail:atk-bridge'), ('SYSTEMD_EXEC_PID', '2993'), ('DBUS_SESSION_BUS_ADDRESS', 'unix:path=/run/user/1000/bus'), ('COLORTERM', 'truecolor'), ('_colcon_cd_root', '/opt/ros/humble/'), ('IM_CONFIG_PHASE', '1'), ('WAYLAND_DISPLAY', 'wayland-0'), ('COLCON_PREFIX_PATH', '/home/meng/mDetectRobot/turtlebot3_ws/install:/home/meng/mdetect_ws/install:/home/meng/ldlidar_ros2_ws/install'), ('ROS_DISTRO', 'humble'), ('LOGNAME', 'meng'), ('_', '/usr/bin/colcon'), ('ROS_VERSION', '2'), ('XDG_SESSION_CLASS', 'user'), ('USERNAME', 'meng'), ('TERM', 'xterm-256color'), ('GNOME_DESKTOP_SESSION_ID', 'this-is-deprecated'), ('ROS_LOCALHOST_ONLY', '0'), ('PATH', '/home/meng/mDetectRobot/turtlebot3_ws/install/arduino_bridge/bin:/opt/ros/humble/bin:/home/meng/.local/bin:/usr/local/sbin:/usr/local/bin:/usr/sbin:/usr/bin:/sbin:/bin:/usr/games:/usr/local/games:/snap/bin:/snap/bin'), ('SESSION_MANAGER', 'local/meng-Flow-Z13-GZ301VV:@/tmp/.ICE-unix/1508,unix/meng-Flow-Z13-GZ301VV:/tmp/.ICE-unix/1508'), ('XDG_MENU_PREFIX', 'gnome-'), ('GNOME_TERMINAL_SCREEN', '/org/gnome/Terminal/screen/39e6668d_c80b_46d9_8590_87d994dc84dd'), ('GNOME_SETUP_DISPLAY', ':1'), ('XDG_RUNTIME_DIR', '/run/user/1000'), ('DISPLAY', ':0'), ('LANG', 'en_US.UTF-8'), ('XDG_CURRENT_DESKTOP', 'ubuntu:GNOME'), ('RMW_IMPLEMENTATION', 'rmw_cyclonedds_cpp'), ('XMODIFIERS', '@im=ibus'), ('XDG_SESSION_DESKTOP', 'ubuntu'), ('XAUTHORITY', '/run/user/1000/.mutter-Xwaylandauth.W3NWR3'), ('LS_COLORS', 'rs=0:di=01;34:ln=01;36:mh=00:pi=40;33:so=01;35:do=01;35:bd=40;33;01:cd=40;33;01:or=40;31;01:mi=00:su=37;41:sg=30;43:ca=30;41:tw=30;42:ow=34;42:st=37;44:ex=01;32:*.tar=01;31:*.tgz=01;31:*.arc=01;31:*.arj=01;31:*.taz=01;31:*.lha=01;31:*.lz4=01;31:*.lzh=01;31:*.lzma=01;31:*.tlz=01;31:*.txz=01;31:*.tzo=01;31:*.t7z=01;31:*.zip=01;31:*.z=01;31:*.dz=01;31:*.gz=01;31:*.lrz=01;31:*.lz=01;31:*.lzo=01;31:*.xz=01;31:*.zst=01;31:*.tzst=01;31:*.bz2=01;31:*.bz=01;31:*.tbz=01;31:*.tbz2=01;31:*.tz=01;31:*.deb=01;31:*.rpm=01;31:*.jar=01;31:*.war=01;31:*.ear=01;31:*.sar=01;31:*.rar=01;31:*.alz=01;31:*.ace=01;31:*.zoo=01;31:*.cpio=01;31:*.7z=01;31:*.rz=01;31:*.cab=01;31:*.wim=01;31:*.swm=01;31:*.dwm=01;31:*.esd=01;31:*.jpg=01;35:*.jpeg=01;35:*.mjpg=01;35:*.mjpeg=01;35:*.gif=01;35:*.bmp=01;35:*.pbm=01;35:*.pgm=01;35:*.ppm=01;35:*.tga=01;35:*.xbm=01;35:*.xpm=01;35:*.tif=01;35:*.tiff=01;35:*.png=01;35:*.svg=01;35:*.svgz=01;35:*.mng=01;35:*.pcx=01;35:*.mov=01;35:*.mpg=01;35:*.mpeg=01;35:*.m2v=01;35:*.mkv=01;35:*.webm=01;35:*.webp=01;35:*.ogm=01;35:*.mp4=01;35:*.m4v=01;35:*.mp4v=01;35:*.vob=01;35:*.qt=01;35:*.nuv=01;35:*.wmv=01;35:*.asf=01;35:*.rm=01;35:*.rmvb=01;35:*.flc=01;35:*.avi=01;35:*.fli=01;35:*.flv=01;35:*.gl=01;35:*.dl=01;35:*.xcf=01;35:*.xwd=01;35:*.yuv=01;35:*.cgm=01;35:*.emf=01;35:*.ogv=01;35:*.ogx=01;35:*.aac=00;36:*.au=00;36:*.flac=00;36:*.m4a=00;36:*.mid=00;36:*.midi=00;36:*.mka=00;36:*.mp3=00;36:*.mpc=00;36:*.ogg=00;36:*.ra=00;36:*.wav=00;36:*.oga=00;36:*.opus=00;36:*.spx=00;36:*.xspf=00;36:'), ('GNOME_TERMINAL_SERVICE', ':1.111'), ('SSH_AGENT_LAUNCHER', 'gnome-keyring'), ('SSH_AUTH_SOCK', '/run/user/1000/keyring/ssh'), ('ROS_DOMAIN_ID', '30'), ('AMENT_PREFIX_PATH', '/home/meng/mDetectRobot/turtlebot3_ws/install/cspc_lidar:/home/meng/mDetectRobot/turtlebot3_ws/install/arduino_bridge:/home/meng/mdetect_ws/install/mdetect_navigation:/home/meng/mdetect_ws/install/mdetect_description:/home/meng/ldlidar_ros2_ws/install/ldlidar_ros2:/opt/ros/humble'), ('SHELL', '/bin/bash'), ('QT_ACCESSIBILITY', '1'), ('GDMSESSION', 'ubuntu'), ('LESSCLOSE', '/usr/bin/lesspipe %s %s'), ('QT_IM_MODULE', 'ibus'), ('PWD', '/home/meng/mDetectRobot/turtlebot3_ws/build/cspc_lidar'), ('TURTLEBOT3_MODEL', 'burger'), ('LC_ALL', 'en_US.UTF-8'), ('XDG_CONFIG_DIRS', '/etc/xdg/xdg-ubuntu:/etc/xdg'), ('GAZEBO_PLUGIN_PATH', '/home/meng/{your_ws}/build/turtlebot3_gazebo:/home/meng/{your_ws}/build/turtlebot3_gazebo:'), ('XDG_DATA_DIRS', '/usr/share/ubuntu:/usr/local/share/:/usr/share/:/var/lib/snapd/desktop'), ('PYTHONPATH', '/home/meng/mDetectRobot/turtlebot3_ws/install/arduino_bridge/lib/python3.10/site-packages:/home/meng/mdetect_ws/build/mdetect_navigation:/home/meng/mdetect_ws/install/mdetect_navigation/lib/python3.10/site-packages:/opt/ros/humble/lib/python3.10/site-packages:/opt/ros/humble/local/lib/python3.10/dist-packages'), ('COLCON', '1'), ('VTE_VERSION', '6800'), ('CMAKE_PREFIX_PATH', '/home/meng/mDetectRobot/turtlebot3_ws/install/cspc_lidar:/home/meng/mdetect_ws/install/mdetect_description:/home/meng/ldlidar_ros2_ws/install/ldlidar_ros2:/home/meng/mDetectRobot/turtlebot3_ws/install/arduino_bridge:/home/meng/mdetect_ws/install/mdetect_navigation:/opt/ros/humble')]), 'shell': False}
[0.199558] (-) TimerEvent: {}
[0.222705] (cspc_lidar) StdoutLine: {'line': b'-- The C compiler identification is GNU 11.4.0\n'}
[0.269620] (cspc_lidar) StdoutLine: {'line': b'-- The CXX compiler identification is GNU 11.4.0\n'}
[0.275042] (cspc_lidar) StdoutLine: {'line': b'-- Detecting C compiler ABI info\n'}
[0.299646] (-) TimerEvent: {}
[0.336450] (cspc_lidar) StdoutLine: {'line': b'-- Detecting C compiler ABI info - done\n'}
[0.342813] (cspc_lidar) StdoutLine: {'line': b'-- Check for working C compiler: /usr/bin/cc - skipped\n'}
[0.342929] (cspc_lidar) StdoutLine: {'line': b'-- Detecting C compile features\n'}
[0.343318] (cspc_lidar) StdoutLine: {'line': b'-- Detecting C compile features - done\n'}
[0.345462] (cspc_lidar) StdoutLine: {'line': b'-- Detecting CXX compiler ABI info\n'}
[0.399757] (-) TimerEvent: {}
[0.409980] (cspc_lidar) StdoutLine: {'line': b'-- Detecting CXX compiler ABI info - done\n'}
[0.415571] (cspc_lidar) StdoutLine: {'line': b'-- Check for working CXX compiler: /usr/bin/c++ - skipped\n'}
[0.415731] (cspc_lidar) StdoutLine: {'line': b'-- Detecting CXX compile features\n'}
[0.416078] (cspc_lidar) StdoutLine: {'line': b'-- Detecting CXX compile features - done\n'}
[0.417959] (arduino_bridge) Command: {'cmd': ['/usr/bin/python3', '-W', 'ignore:setup.py install is deprecated', '-W', 'ignore:easy_install command is deprecated', 'setup.py', 'egg_info', '--egg-base', '../../build/arduino_bridge', 'build', '--build-base', '/home/meng/mDetectRobot/turtlebot3_ws/build/arduino_bridge/build', 'install', '--record', '/home/meng/mDetectRobot/turtlebot3_ws/build/arduino_bridge/install.log', '--single-version-externally-managed', 'install_data'], 'cwd': '/home/meng/mDetectRobot/turtlebot3_ws/src/arduino_bridge', 'env': {'LESSOPEN': '| /usr/bin/lesspipe %s', 'LANGUAGE': 'en_AU:en', 'USER': 'meng', 'XDG_SESSION_TYPE': 'wayland', 'SHLVL': '1', 'LD_LIBRARY_PATH': '/usr/lib/x86_64-linux-gnu/gazebo-11/plugins:/opt/ros/humble/opt/rviz_ogre_vendor/lib:/opt/ros/humble/lib/x86_64-linux-gnu:/opt/ros/humble/lib', 'HOME': '/home/meng', 'OLDPWD': '/home/meng/mDetectRobot/turtlebot3_ws', 'DESKTOP_SESSION': 'ubuntu', 'ROS_PYTHON_VERSION': '3', 'GNOME_SHELL_SESSION_MODE': 'ubuntu', 'GTK_MODULES': 'gail:atk-bridge', 'SYSTEMD_EXEC_PID': '2993', 'DBUS_SESSION_BUS_ADDRESS': 'unix:path=/run/user/1000/bus', 'COLORTERM': 'truecolor', '_colcon_cd_root': '/opt/ros/humble/', 'IM_CONFIG_PHASE': '1', 'WAYLAND_DISPLAY': 'wayland-0', 'COLCON_PREFIX_PATH': '/home/meng/mDetectRobot/turtlebot3_ws/install:/home/meng/mdetect_ws/install:/home/meng/ldlidar_ros2_ws/install', 'ROS_DISTRO': 'humble', 'LOGNAME': 'meng', '_': '/usr/bin/colcon', 'ROS_VERSION': '2', 'XDG_SESSION_CLASS': 'user', 'USERNAME': 'meng', 'TERM': 'xterm-256color', 'GNOME_DESKTOP_SESSION_ID': 'this-is-deprecated', 'ROS_LOCALHOST_ONLY': '0', 'PATH': '/home/meng/mDetectRobot/turtlebot3_ws/install/arduino_bridge/bin:/opt/ros/humble/bin:/home/meng/.local/bin:/usr/local/sbin:/usr/local/bin:/usr/sbin:/usr/bin:/sbin:/bin:/usr/games:/usr/local/games:/snap/bin:/snap/bin', 'SESSION_MANAGER': 'local/meng-Flow-Z13-GZ301VV:@/tmp/.ICE-unix/1508,unix/meng-Flow-Z13-GZ301VV:/tmp/.ICE-unix/1508', 'XDG_MENU_PREFIX': 'gnome-', 'GNOME_TERMINAL_SCREEN': '/org/gnome/Terminal/screen/39e6668d_c80b_46d9_8590_87d994dc84dd', 'GNOME_SETUP_DISPLAY': ':1', 'XDG_RUNTIME_DIR': '/run/user/1000', 'DISPLAY': ':0', 'LANG': 'en_US.UTF-8', 'XDG_CURRENT_DESKTOP': 'ubuntu:GNOME', 'RMW_IMPLEMENTATION': 'rmw_cyclonedds_cpp', 'XMODIFIERS': '@im=ibus', 'XDG_SESSION_DESKTOP': 'ubuntu', 'XAUTHORITY': '/run/user/1000/.mutter-Xwaylandauth.W3NWR3', 'LS_COLORS': 'rs=0:di=01;34:ln=01;36:mh=00:pi=40;33:so=01;35:do=01;35:bd=40;33;01:cd=40;33;01:or=40;31;01:mi=00:su=37;41:sg=30;43:ca=30;41:tw=30;42:ow=34;42:st=37;44:ex=01;32:*.tar=01;31:*.tgz=01;31:*.arc=01;31:*.arj=01;31:*.taz=01;31:*.lha=01;31:*.lz4=01;31:*.lzh=01;31:*.lzma=01;31:*.tlz=01;31:*.txz=01;31:*.tzo=01;31:*.t7z=01;31:*.zip=01;31:*.z=01;31:*.dz=01;31:*.gz=01;31:*.lrz=01;31:*.lz=01;31:*.lzo=01;31:*.xz=01;31:*.zst=01;31:*.tzst=01;31:*.bz2=01;31:*.bz=01;31:*.tbz=01;31:*.tbz2=01;31:*.tz=01;31:*.deb=01;31:*.rpm=01;31:*.jar=01;31:*.war=01;31:*.ear=01;31:*.sar=01;31:*.rar=01;31:*.alz=01;31:*.ace=01;31:*.zoo=01;31:*.cpio=01;31:*.7z=01;31:*.rz=01;31:*.cab=01;31:*.wim=01;31:*.swm=01;31:*.dwm=01;31:*.esd=01;31:*.jpg=01;35:*.jpeg=01;35:*.mjpg=01;35:*.mjpeg=01;35:*.gif=01;35:*.bmp=01;35:*.pbm=01;35:*.pgm=01;35:*.ppm=01;35:*.tga=01;35:*.xbm=01;35:*.xpm=01;35:*.tif=01;35:*.tiff=01;35:*.png=01;35:*.svg=01;35:*.svgz=01;35:*.mng=01;35:*.pcx=01;35:*.mov=01;35:*.mpg=01;35:*.mpeg=01;35:*.m2v=01;35:*.mkv=01;35:*.webm=01;35:*.webp=01;35:*.ogm=01;35:*.mp4=01;35:*.m4v=01;35:*.mp4v=01;35:*.vob=01;35:*.qt=01;35:*.nuv=01;35:*.wmv=01;35:*.asf=01;35:*.rm=01;35:*.rmvb=01;35:*.flc=01;35:*.avi=01;35:*.fli=01;35:*.flv=01;35:*.gl=01;35:*.dl=01;35:*.xcf=01;35:*.xwd=01;35:*.yuv=01;35:*.cgm=01;35:*.emf=01;35:*.ogv=01;35:*.ogx=01;35:*.aac=00;36:*.au=00;36:*.flac=00;36:*.m4a=00;36:*.mid=00;36:*.midi=00;36:*.mka=00;36:*.mp3=00;36:*.mpc=00;36:*.ogg=00;36:*.ra=00;36:*.wav=00;36:*.oga=00;36:*.opus=00;36:*.spx=00;36:*.xspf=00;36:', 'GNOME_TERMINAL_SERVICE': ':1.111', 'SSH_AGENT_LAUNCHER': 'gnome-keyring', 'SSH_AUTH_SOCK': '/run/user/1000/keyring/ssh', 'ROS_DOMAIN_ID': '30', 'AMENT_PREFIX_PATH': '/home/meng/mDetectRobot/turtlebot3_ws/install/cspc_lidar:/home/meng/mDetectRobot/turtlebot3_ws/install/arduino_bridge:/home/meng/mdetect_ws/install/mdetect_navigation:/home/meng/mdetect_ws/install/mdetect_description:/home/meng/ldlidar_ros2_ws/install/ldlidar_ros2:/opt/ros/humble', 'SHELL': '/bin/bash', 'QT_ACCESSIBILITY': '1', 'GDMSESSION': 'ubuntu', 'LESSCLOSE': '/usr/bin/lesspipe %s %s', 'QT_IM_MODULE': 'ibus', 'PWD': '/home/meng/mDetectRobot/turtlebot3_ws/build/arduino_bridge', 'TURTLEBOT3_MODEL': 'burger', 'LC_ALL': 'en_US.UTF-8', 'XDG_CONFIG_DIRS': '/etc/xdg/xdg-ubuntu:/etc/xdg', 'GAZEBO_PLUGIN_PATH': '/home/meng/{your_ws}/build/turtlebot3_gazebo:/home/meng/{your_ws}/build/turtlebot3_gazebo:', 'XDG_DATA_DIRS': '/usr/share/ubuntu:/usr/local/share/:/usr/share/:/var/lib/snapd/desktop', 'PYTHONPATH': '/home/meng/mDetectRobot/turtlebot3_ws/build/arduino_bridge/prefix_override:/usr/lib/python3/dist-packages/colcon_core/task/python/colcon_distutils_commands:/home/meng/mDetectRobot/turtlebot3_ws/install/arduino_bridge/lib/python3.10/site-packages:/home/meng/mDetectRobot/turtlebot3_ws/install/arduino_bridge/lib/python3.10/site-packages:/home/meng/mdetect_ws/build/mdetect_navigation:/home/meng/mdetect_ws/install/mdetect_navigation/lib/python3.10/site-packages:/opt/ros/humble/lib/python3.10/site-packages:/opt/ros/humble/local/lib/python3.10/dist-packages', 'COLCON': '1', 'VTE_VERSION': '6800', 'CMAKE_PREFIX_PATH': '/home/meng/mDetectRobot/turtlebot3_ws/install/cspc_lidar:/home/meng/mdetect_ws/install/mdetect_description:/home/meng/ldlidar_ros2_ws/install/ldlidar_ros2'}, 'shell': False}
[0.419251] (cspc_lidar) StdoutLine: {'line': b'-- Found ament_cmake: 1.3.14 (/opt/ros/humble/share/ament_cmake/cmake)\n'}
[0.499839] (-) TimerEvent: {}
[0.535408] (cspc_lidar) StdoutLine: {'line': b'-- Found Python3: /usr/bin/python3 (found version "3.10.12") found components: Interpreter \n'}
[0.571358] (arduino_bridge) StdoutLine: {'line': b'running egg_info\n'}
[0.571591] (arduino_bridge) StdoutLine: {'line': b'creating ../../build/arduino_bridge/arduino_bridge.egg-info\n'}
[0.571707] (arduino_bridge) StdoutLine: {'line': b'writing ../../build/arduino_bridge/arduino_bridge.egg-info/PKG-INFO\n'}
[0.571836] (arduino_bridge) StdoutLine: {'line': b'writing dependency_links to ../../build/arduino_bridge/arduino_bridge.egg-info/dependency_links.txt\n'}
[0.571897] (arduino_bridge) StdoutLine: {'line': b'writing entry points to ../../build/arduino_bridge/arduino_bridge.egg-info/entry_points.txt\n'}
[0.571959] (arduino_bridge) StdoutLine: {'line': b'writing requirements to ../../build/arduino_bridge/arduino_bridge.egg-info/requires.txt\n'}
[0.572020] (arduino_bridge) StdoutLine: {'line': b'writing top-level names to ../../build/arduino_bridge/arduino_bridge.egg-info/top_level.txt\n'}
[0.572090] (arduino_bridge) StdoutLine: {'line': b"writing manifest file '../../build/arduino_bridge/arduino_bridge.egg-info/SOURCES.txt'\n"}
[0.573019] (arduino_bridge) StdoutLine: {'line': b"reading manifest file '../../build/arduino_bridge/arduino_bridge.egg-info/SOURCES.txt'\n"}
[0.573490] (arduino_bridge) StdoutLine: {'line': b"writing manifest file '../../build/arduino_bridge/arduino_bridge.egg-info/SOURCES.txt'\n"}
[0.573568] (arduino_bridge) StdoutLine: {'line': b'running build\n'}
[0.573621] (arduino_bridge) StdoutLine: {'line': b'running build_py\n'}
[0.573672] (arduino_bridge) StdoutLine: {'line': b'creating /home/meng/mDetectRobot/turtlebot3_ws/build/arduino_bridge/build\n'}
[0.573711] (arduino_bridge) StdoutLine: {'line': b'creating /home/meng/mDetectRobot/turtlebot3_ws/build/arduino_bridge/build/lib\n'}
[0.573771] (arduino_bridge) StdoutLine: {'line': b'creating /home/meng/mDetectRobot/turtlebot3_ws/build/arduino_bridge/build/lib/arduino_bridge\n'}
[0.573837] (arduino_bridge) StdoutLine: {'line': b'copying arduino_bridge/__init__.py -> /home/meng/mDetectRobot/turtlebot3_ws/build/arduino_bridge/build/lib/arduino_bridge\n'}
[0.573890] (arduino_bridge) StdoutLine: {'line': b'copying arduino_bridge/arduino_bridge_node.py -> /home/meng/mDetectRobot/turtlebot3_ws/build/arduino_bridge/build/lib/arduino_bridge\n'}
[0.573927] (arduino_bridge) StdoutLine: {'line': b'running install\n'}
[0.574043] (arduino_bridge) StdoutLine: {'line': b'running install_lib\n'}
[0.574449] (arduino_bridge) StdoutLine: {'line': b'creating /home/meng/mDetectRobot/turtlebot3_ws/install/arduino_bridge/lib/python3.10/site-packages/arduino_bridge\n'}
[0.574517] (arduino_bridge) StdoutLine: {'line': b'copying /home/meng/mDetectRobot/turtlebot3_ws/build/arduino_bridge/build/lib/arduino_bridge/__init__.py -> /home/meng/mDetectRobot/turtlebot3_ws/install/arduino_bridge/lib/python3.10/site-packages/arduino_bridge\n'}
[0.574577] (arduino_bridge) StdoutLine: {'line': b'copying /home/meng/mDetectRobot/turtlebot3_ws/build/arduino_bridge/build/lib/arduino_bridge/arduino_bridge_node.py -> /home/meng/mDetectRobot/turtlebot3_ws/install/arduino_bridge/lib/python3.10/site-packages/arduino_bridge\n'}
[0.574829] (arduino_bridge) StdoutLine: {'line': b'byte-compiling /home/meng/mDetectRobot/turtlebot3_ws/install/arduino_bridge/lib/python3.10/site-packages/arduino_bridge/__init__.py to __init__.cpython-310.pyc\n'}
[0.574938] (arduino_bridge) StdoutLine: {'line': b'byte-compiling /home/meng/mDetectRobot/turtlebot3_ws/install/arduino_bridge/lib/python3.10/site-packages/arduino_bridge/arduino_bridge_node.py to arduino_bridge_node.cpython-310.pyc\n'}
[0.576929] (arduino_bridge) StdoutLine: {'line': b'running install_data\n'}
[0.576973] (arduino_bridge) StdoutLine: {'line': b'creating /home/meng/mDetectRobot/turtlebot3_ws/install/arduino_bridge/share/ament_index\n'}
[0.577029] (arduino_bridge) StdoutLine: {'line': b'creating /home/meng/mDetectRobot/turtlebot3_ws/install/arduino_bridge/share/ament_index/resource_index\n'}
[0.577092] (arduino_bridge) StdoutLine: {'line': b'creating /home/meng/mDetectRobot/turtlebot3_ws/install/arduino_bridge/share/ament_index/resource_index/packages\n'}
[0.577130] (arduino_bridge) StdoutLine: {'line': b'copying resource/arduino_bridge -> /home/meng/mDetectRobot/turtlebot3_ws/install/arduino_bridge/share/ament_index/resource_index/packages\n'}
[0.577165] (arduino_bridge) StdoutLine: {'line': b'copying package.xml -> /home/meng/mDetectRobot/turtlebot3_ws/install/arduino_bridge/share/arduino_bridge\n'}
[0.577220] (arduino_bridge) StdoutLine: {'line': b'creating /home/meng/mDetectRobot/turtlebot3_ws/install/arduino_bridge/share/arduino_bridge/launch\n'}
[0.577290] (arduino_bridge) StdoutLine: {'line': b'copying launch/robot.launch.py -> /home/meng/mDetectRobot/turtlebot3_ws/install/arduino_bridge/share/arduino_bridge/launch\n'}
[0.577327] (arduino_bridge) StdoutLine: {'line': b'copying launch/arduino_bridge.launch.py -> /home/meng/mDetectRobot/turtlebot3_ws/install/arduino_bridge/share/arduino_bridge/launch\n'}
[0.577390] (arduino_bridge) StdoutLine: {'line': b'copying launch/workstation.launch.py -> /home/meng/mDetectRobot/turtlebot3_ws/install/arduino_bridge/share/arduino_bridge/launch\n'}
[0.577428] (arduino_bridge) StdoutLine: {'line': b'creating /home/meng/mDetectRobot/turtlebot3_ws/install/arduino_bridge/share/arduino_bridge/param\n'}
[0.577463] (arduino_bridge) StdoutLine: {'line': b'copying param/slam_params.yaml -> /home/meng/mDetectRobot/turtlebot3_ws/install/arduino_bridge/share/arduino_bridge/param\n'}
[0.577497] (arduino_bridge) StdoutLine: {'line': b'copying param/arduino_bridge.yaml -> /home/meng/mDetectRobot/turtlebot3_ws/install/arduino_bridge/share/arduino_bridge/param\n'}
[0.577532] (arduino_bridge) StdoutLine: {'line': b'copying param/nav2_params.yaml -> /home/meng/mDetectRobot/turtlebot3_ws/install/arduino_bridge/share/arduino_bridge/param\n'}
[0.577588] (arduino_bridge) StdoutLine: {'line': b'creating /home/meng/mDetectRobot/turtlebot3_ws/install/arduino_bridge/lib/arduino_bridge\n'}
[0.577624] (arduino_bridge) StdoutLine: {'line': b'copying scripts/arduino_bridge_node -> /home/meng/mDetectRobot/turtlebot3_ws/install/arduino_bridge/lib/arduino_bridge\n'}
[0.577681] (arduino_bridge) StdoutLine: {'line': b'running install_egg_info\n'}
[0.578500] (arduino_bridge) StdoutLine: {'line': b'Copying ../../build/arduino_bridge/arduino_bridge.egg-info to /home/meng/mDetectRobot/turtlebot3_ws/install/arduino_bridge/lib/python3.10/site-packages/arduino_bridge-0.1.0-py3.10.egg-info\n'}
[0.578931] (arduino_bridge) StdoutLine: {'line': b'running install_scripts\n'}
[0.591992] (arduino_bridge) StdoutLine: {'line': b'Installing arduino_bridge_node script to /home/meng/mDetectRobot/turtlebot3_ws/install/arduino_bridge/bin\n'}
[0.592223] (arduino_bridge) StdoutLine: {'line': b"writing list of installed files to '/home/meng/mDetectRobot/turtlebot3_ws/build/arduino_bridge/install.log'\n"}
[0.599950] (-) TimerEvent: {}
[0.603888] (cspc_lidar) StdoutLine: {'line': b'-- Found rclcpp: 16.0.19 (/opt/ros/humble/share/rclcpp/cmake)\n'}
[0.606966] (arduino_bridge) CommandEnded: {'returncode': 0}
[0.616253] (arduino_bridge) JobEnded: {'identifier': 'arduino_bridge', 'rc': 0}
[0.635403] (cspc_lidar) StdoutLine: {'line': b'-- Found rosidl_generator_c: 3.1.8 (/opt/ros/humble/share/rosidl_generator_c/cmake)\n'}
[0.639193] (cspc_lidar) StdoutLine: {'line': b'-- Found rosidl_adapter: 3.1.8 (/opt/ros/humble/share/rosidl_adapter/cmake)\n'}
[0.645187] (cspc_lidar) StdoutLine: {'line': b'-- Found rosidl_generator_cpp: 3.1.8 (/opt/ros/humble/share/rosidl_generator_cpp/cmake)\n'}
[0.653610] (cspc_lidar) StdoutLine: {'line': b'-- Using all available rosidl_typesupport_c: rosidl_typesupport_fastrtps_c;rosidl_typesupport_introspection_c\n'}
[0.664962] (cspc_lidar) StdoutLine: {'line': b'-- Using all available rosidl_typesupport_cpp: rosidl_typesupport_fastrtps_cpp;rosidl_typesupport_introspection_cpp\n'}
[0.696105] (cspc_lidar) StdoutLine: {'line': b'-- Found rmw_implementation_cmake: 6.1.2 (/opt/ros/humble/share/rmw_implementation_cmake/cmake)\n'}
[0.698134] (cspc_lidar) StdoutLine: {'line': b'-- Found rmw_cyclonedds_cpp: 1.3.4 (/opt/ros/humble/share/rmw_cyclonedds_cpp/cmake)\n'}
[0.700044] (-) TimerEvent: {}
[0.712848] (cspc_lidar) StdoutLine: {'line': b"-- Using RMW implementation 'rmw_cyclonedds_cpp' as default\n"}
[0.719026] (cspc_lidar) StdoutLine: {'line': b'-- Looking for pthread.h\n'}
[0.798127] (cspc_lidar) StdoutLine: {'line': b'-- Looking for pthread.h - found\n'}
[0.798364] (cspc_lidar) StdoutLine: {'line': b'-- Performing Test CMAKE_HAVE_LIBC_PTHREAD\n'}
[0.800167] (-) TimerEvent: {}
[0.888692] (cspc_lidar) StdoutLine: {'line': b'-- Performing Test CMAKE_HAVE_LIBC_PTHREAD - Success\n'}
[0.889675] (cspc_lidar) StdoutLine: {'line': b'-- Found Threads: TRUE  \n'}
[0.900299] (-) TimerEvent: {}
[0.937635] (cspc_lidar) StdoutLine: {'line': b'-- Found sensor_msgs: 4.9.1 (/opt/ros/humble/share/sensor_msgs/cmake)\n'}
[0.958646] (cspc_lidar) StdoutLine: {'line': b'-- Found visualization_msgs: 4.9.1 (/opt/ros/humble/share/visualization_msgs/cmake)\n'}
[0.973733] (cspc_lidar) StdoutLine: {'line': b'-- Found ament_lint_auto: 0.12.15 (/opt/ros/humble/share/ament_lint_auto/cmake)\n'}
[1.000379] (-) TimerEvent: {}
[1.065629] (cspc_lidar) StdoutLine: {'line': b"-- Checking for module 'eigen3'\n"}
[1.079116] (cspc_lidar) StdoutLine: {'line': b'--   Found eigen3, version 3.4.0\n'}
[1.100477] (-) TimerEvent: {}
[1.122651] (cspc_lidar) StdoutLine: {'line': b'-- Found Eigen: /usr/include/eigen3 (Required is at least version "3.1") \n'}
[1.122870] (cspc_lidar) StdoutLine: {'line': b'-- Eigen found (include: /usr/include/eigen3, version: 3.4.0)\n'}
[1.156649] (cspc_lidar) StdoutLine: {'line': b"-- Checking for module 'flann'\n"}
[1.170486] (cspc_lidar) StdoutLine: {'line': b'--   Found flann, version 1.9.1\n'}
[1.200576] (-) TimerEvent: {}
[1.224711] (cspc_lidar) StdoutLine: {'line': b'-- Found FLANN: /usr/lib/x86_64-linux-gnu/libflann_cpp.so  \n'}
[1.224921] (cspc_lidar) StdoutLine: {'line': b'-- FLANN found (include: /usr/include, lib: /usr/lib/x86_64-linux-gnu/libflann_cpp.so)\n'}
[1.300686] (-) TimerEvent: {}
[1.401022] (-) TimerEvent: {}
[1.501297] (-) TimerEvent: {}
[1.601646] (-) TimerEvent: {}
[1.702001] (-) TimerEvent: {}
[1.802336] (-) TimerEvent: {}
[1.902646] (-) TimerEvent: {}
[2.002984] (-) TimerEvent: {}
[2.103328] (-) TimerEvent: {}
[2.203637] (-) TimerEvent: {}
[2.271136] (cspc_lidar) StdoutLine: {'line': b"-- Checking for module 'libusb-1.0'\n"}
[2.289791] (cspc_lidar) StdoutLine: {'line': b'--   Found libusb-1.0, version 1.0.25\n'}
[2.303815] (-) TimerEvent: {}
[2.336613] (cspc_lidar) StdoutLine: {'line': b'-- Found libusb: /usr/lib/x86_64-linux-gnu/libusb-1.0.so  \n'}
[2.338336] (cspc_lidar) StdoutLine: {'line': b'-- OpenNI found (version: 1.5.4.0, include: /usr/include/ni, lib: /usr/lib/libOpenNI.so;libusb::libusb)\n'}
[2.403998] (-) TimerEvent: {}
[2.406278] (cspc_lidar) StdoutLine: {'line': b'-- OpenNI2 found (version: 2.2.0.33, include: /usr/include/openni2, lib: /usr/lib/x86_64-linux-gnu/libOpenNI2.so;libusb::libusb)\n'}
[2.504098] (-) TimerEvent: {}
[2.529132] (cspc_lidar) StdoutLine: {'line': b'-- Eigen found (include: /usr/include/eigen3, version: 3.4.0)\n'}
[2.534275] (cspc_lidar) StdoutLine: {'line': b'-- OpenNI found (version: 1.5.4.0, include: /usr/include/ni, lib: /usr/lib/libOpenNI.so;libusb::libusb)\n'}
[2.541025] (cspc_lidar) StdoutLine: {'line': b'-- OpenNI2 found (version: 2.2.0.33, include: /usr/include/openni2, lib: /usr/lib/x86_64-linux-gnu/libOpenNI2.so;libusb::libusb)\n'}
[2.604289] (-) TimerEvent: {}
[2.668326] (cspc_lidar) StdoutLine: {'line': b'-- Found Qhull version 8.0.2\n'}
[2.704470] (-) TimerEvent: {}
[2.783328] (cspc_lidar) StdoutLine: {'line': b'-- OpenNI found (version: 1.5.4.0, include: /usr/include/ni, lib: /usr/lib/libOpenNI.so;libusb::libusb)\n'}
[2.804701] (-) TimerEvent: {}
[2.899378] (cspc_lidar) StdoutLine: {'line': b'-- Found PCL_COMMON: /usr/lib/x86_64-linux-gnu/libpcl_common.so  \n'}
[2.899873] (cspc_lidar) StdoutLine: {'line': b'-- Found PCL_KDTREE: /usr/lib/x86_64-linux-gnu/libpcl_kdtree.so  \n'}
[2.900499] (cspc_lidar) StdoutLine: {'line': b'-- Found PCL_OCTREE: /usr/lib/x86_64-linux-gnu/libpcl_octree.so  \n'}
[2.900960] (cspc_lidar) StdoutLine: {'line': b'-- Found PCL_SEARCH: /usr/lib/x86_64-linux-gnu/libpcl_search.so  \n'}
[2.901555] (cspc_lidar) StdoutLine: {'line': b'-- Found PCL_SAMPLE_CONSENSUS: /usr/lib/x86_64-linux-gnu/libpcl_sample_consensus.so  \n'}
[2.902141] (cspc_lidar) StdoutLine: {'line': b'-- Found PCL_FILTERS: /usr/lib/x86_64-linux-gnu/libpcl_filters.so  \n'}
[2.902390] (cspc_lidar) StdoutLine: {'line': b'-- Found PCL_2D: /usr/include/pcl-1.12  \n'}
[2.902625] (cspc_lidar) StdoutLine: {'line': b'-- Found PCL_GEOMETRY: /usr/include/pcl-1.12  \n'}
[2.903177] (cspc_lidar) StdoutLine: {'line': b'-- Found PCL_IO: /usr/lib/x86_64-linux-gnu/libpcl_io.so  \n'}
[2.903843] (cspc_lidar) StdoutLine: {'line': b'-- Found PCL_FEATURES: /usr/lib/x86_64-linux-gnu/libpcl_features.so  \n'}
[2.904470] (cspc_lidar) StdoutLine: {'line': b'-- Found PCL_ML: /usr/lib/x86_64-linux-gnu/libpcl_ml.so  \n'}
[2.904756] (-) TimerEvent: {}
[2.905086] (cspc_lidar) StdoutLine: {'line': b'-- Found PCL_SEGMENTATION: /usr/lib/x86_64-linux-gnu/libpcl_segmentation.so  \n'}
[2.905742] (cspc_lidar) StdoutLine: {'line': b'-- Found PCL_VISUALIZATION: /usr/lib/x86_64-linux-gnu/libpcl_visualization.so  \n'}
[2.906396] (cspc_lidar) StdoutLine: {'line': b'-- Found PCL_SURFACE: /usr/lib/x86_64-linux-gnu/libpcl_surface.so  \n'}
[2.906973] (cspc_lidar) StdoutLine: {'line': b'-- Found PCL_REGISTRATION: /usr/lib/x86_64-linux-gnu/libpcl_registration.so  \n'}
[2.907615] (cspc_lidar) StdoutLine: {'line': b'-- Found PCL_KEYPOINTS: /usr/lib/x86_64-linux-gnu/libpcl_keypoints.so  \n'}
[2.908295] (cspc_lidar) StdoutLine: {'line': b'-- Found PCL_TRACKING: /usr/lib/x86_64-linux-gnu/libpcl_tracking.so  \n'}
[2.908918] (cspc_lidar) StdoutLine: {'line': b'-- Found PCL_RECOGNITION: /usr/lib/x86_64-linux-gnu/libpcl_recognition.so  \n'}
[2.909560] (cspc_lidar) StdoutLine: {'line': b'-- Found PCL_STEREO: /usr/lib/x86_64-linux-gnu/libpcl_stereo.so  \n'}
[2.910326] (cspc_lidar) StdoutLine: {'line': b'-- Found PCL_APPS: /usr/lib/x86_64-linux-gnu/libpcl_apps.so  \n'}
[2.910821] (cspc_lidar) StdoutLine: {'line': b'-- Found PCL_IN_HAND_SCANNER: /usr/include/pcl-1.12  \n'}
[2.910996] (cspc_lidar) StdoutLine: {'line': b'-- Found PCL_MODELER: /usr/include/pcl-1.12  \n'}
[2.911219] (cspc_lidar) StdoutLine: {'line': b'-- Found PCL_POINT_CLOUD_EDITOR: /usr/include/pcl-1.12  \n'}
[2.911761] (cspc_lidar) StdoutLine: {'line': b'-- Found PCL_OUTOFCORE: /usr/lib/x86_64-linux-gnu/libpcl_outofcore.so  \n'}
[2.912462] (cspc_lidar) StdoutLine: {'line': b'-- Found PCL_PEOPLE: /usr/lib/x86_64-linux-gnu/libpcl_people.so  \n'}
[2.935903] (cspc_lidar) StdoutLine: {'line': b'-- Found eigen3_cmake_module: 0.1.1 (/opt/ros/humble/share/eigen3_cmake_module/cmake)\n'}
[2.936823] (cspc_lidar) StdoutLine: {'line': b'-- Found Eigen3: TRUE (found version "3.4.0") \n'}
[2.936956] (cspc_lidar) StdoutLine: {'line': b'-- Ensuring Eigen3 include directory is part of orocos-kdl CMake target\n'}
[3.001020] (cspc_lidar) StdoutLine: {'line': b"-- Added test 'copyright' to check source files copyright and LICENSE\n"}
[3.001942] (cspc_lidar) StdoutLine: {'line': b"-- Added test 'cppcheck' to perform static code analysis on C / C++ code\n"}
[3.002083] (cspc_lidar) StdoutLine: {'line': b'-- Configured cppcheck include dirs: /home/meng/mDetectRobot/turtlebot3_ws/src/cspc_lidar/include/cspc_lidar;/home/meng/mDetectRobot/turtlebot3_ws/src/cspc_lidar/sdk\n'}
[3.002182] (cspc_lidar) StdoutLine: {'line': b'-- Configured cppcheck exclude dirs and/or files: \n'}
[3.002829] (cspc_lidar) StdoutLine: {'line': b"-- Added test 'cpplint' to check C / C++ code against the Google style\n"}
[3.002918] (cspc_lidar) StdoutLine: {'line': b'-- Configured cpplint exclude dirs and/or files: \n'}
[3.003139] (cspc_lidar) StdoutLine: {'line': b"-- Added test 'flake8' to check Python code syntax and style conventions\n"}
[3.003539] (cspc_lidar) StdoutLine: {'line': b"-- Added test 'lint_cmake' to check CMake code style\n"}
[3.003881] (cspc_lidar) StdoutLine: {'line': b"-- Added test 'pep257' to check Python code against some of the docstring style conventions in PEP 257\n"}
[3.004643] (cspc_lidar) StdoutLine: {'line': b"-- Added test 'uncrustify' to check C / C++ code style\n"}
[3.004730] (cspc_lidar) StdoutLine: {'line': b'-- Configured uncrustify additional arguments: \n'}
[3.004803] (-) TimerEvent: {}
[3.005039] (cspc_lidar) StdoutLine: {'line': b"-- Added test 'xmllint' to check XML markup files\n"}
[3.005864] (cspc_lidar) StdoutLine: {'line': b'-- Configuring done\n'}
[3.014366] (cspc_lidar) StdoutLine: {'line': b'-- Generating done\n'}
[3.017838] (cspc_lidar) StdoutLine: {'line': b'-- Build files have been written to: /home/meng/mDetectRobot/turtlebot3_ws/build/cspc_lidar\n'}
[3.028832] (cspc_lidar) CommandEnded: {'returncode': 0}
[3.029515] (cspc_lidar) JobProgress: {'identifier': 'cspc_lidar', 'progress': 'build'}
[3.030173] (cspc_lidar) Command: {'cmd': ['/usr/bin/cmake', '--build', '/home/meng/mDetectRobot/turtlebot3_ws/build/cspc_lidar', '--', '-j20', '-l20'], 'cwd': '/home/meng/mDetectRobot/turtlebot3_ws/build/cspc_lidar', 'env': OrderedDict([('LESSOPEN', '| /usr/bin/lesspipe %s'), ('LANGUAGE', 'en_AU:en'), ('USER', 'meng'), ('XDG_SESSION_TYPE', 'wayland'), ('SHLVL', '1'), ('LD_LIBRARY_PATH', '/usr/lib/x86_64-linux-gnu/gazebo-11/plugins:/opt/ros/humble/opt/rviz_ogre_vendor/lib:/opt/ros/humble/lib/x86_64-linux-gnu:/opt/ros/humble/lib'), ('HOME', '/home/meng'), ('OLDPWD', '/home/meng/mDetectRobot/turtlebot3_ws'), ('DESKTOP_SESSION', 'ubuntu'), ('ROS_PYTHON_VERSION', '3'), ('GNOME_SHELL_SESSION_MODE', 'ubuntu'), ('GTK_MODULES', 'gail:atk-bridge'), ('SYSTEMD_EXEC_PID', '2993'), ('DBUS_SESSION_BUS_ADDRESS', 'unix:path=/run/user/1000/bus'), ('COLORTERM', 'truecolor'), ('_colcon_cd_root', '/opt/ros/humble/'), ('IM_CONFIG_PHASE', '1'), ('WAYLAND_DISPLAY', 'wayland-0'), ('COLCON_PREFIX_PATH', '/home/meng/mDetectRobot/turtlebot3_ws/install:/home/meng/mdetect_ws/install:/home/meng/ldlidar_ros2_ws/install'), ('ROS_DISTRO', 'humble'), ('LOGNAME', 'meng'), ('_', '/usr/bin/colcon'), ('ROS_VERSION', '2'), ('XDG_SESSION_CLASS', 'user'), ('USERNAME', 'meng'), ('TERM', 'xterm-256color'), ('GNOME_DESKTOP_SESSION_ID', 'this-is-deprecated'), ('ROS_LOCALHOST_ONLY', '0'), ('PATH', '/home/meng/mDetectRobot/turtlebot3_ws/install/arduino_bridge/bin:/opt/ros/humble/bin:/home/meng/.local/bin:/usr/local/sbin:/usr/local/bin:/usr/sbin:/usr/bin:/sbin:/bin:/usr/games:/usr/local/games:/snap/bin:/snap/bin'), ('SESSION_MANAGER', 'local/meng-Flow-Z13-GZ301VV:@/tmp/.ICE-unix/1508,unix/meng-Flow-Z13-GZ301VV:/tmp/.ICE-unix/1508'), ('XDG_MENU_PREFIX', 'gnome-'), ('GNOME_TERMINAL_SCREEN', '/org/gnome/Terminal/screen/39e6668d_c80b_46d9_8590_87d994dc84dd'), ('GNOME_SETUP_DISPLAY', ':1'), ('XDG_RUNTIME_DIR', '/run/user/1000'), ('DISPLAY', ':0'), ('LANG', 'en_US.UTF-8'), ('XDG_CURRENT_DESKTOP', 'ubuntu:GNOME'), ('RMW_IMPLEMENTATION', 'rmw_cyclonedds_cpp'), ('XMODIFIERS', '@im=ibus'), ('XDG_SESSION_DESKTOP', 'ubuntu'), ('XAUTHORITY', '/run/user/1000/.mutter-Xwaylandauth.W3NWR3'), ('LS_COLORS', 'rs=0:di=01;34:ln=01;36:mh=00:pi=40;33:so=01;35:do=01;35:bd=40;33;01:cd=40;33;01:or=40;31;01:mi=00:su=37;41:sg=30;43:ca=30;41:tw=30;42:ow=34;42:st=37;44:ex=01;32:*.tar=01;31:*.tgz=01;31:*.arc=01;31:*.arj=01;31:*.taz=01;31:*.lha=01;31:*.lz4=01;31:*.lzh=01;31:*.lzma=01;31:*.tlz=01;31:*.txz=01;31:*.tzo=01;31:*.t7z=01;31:*.zip=01;31:*.z=01;31:*.dz=01;31:*.gz=01;31:*.lrz=01;31:*.lz=01;31:*.lzo=01;31:*.xz=01;31:*.zst=01;31:*.tzst=01;31:*.bz2=01;31:*.bz=01;31:*.tbz=01;31:*.tbz2=01;31:*.tz=01;31:*.deb=01;31:*.rpm=01;31:*.jar=01;31:*.war=01;31:*.ear=01;31:*.sar=01;31:*.rar=01;31:*.alz=01;31:*.ace=01;31:*.zoo=01;31:*.cpio=01;31:*.7z=01;31:*.rz=01;31:*.cab=01;31:*.wim=01;31:*.swm=01;31:*.dwm=01;31:*.esd=01;31:*.jpg=01;35:*.jpeg=01;35:*.mjpg=01;35:*.mjpeg=01;35:*.gif=01;35:*.bmp=01;35:*.pbm=01;35:*.pgm=01;35:*.ppm=01;35:*.tga=01;35:*.xbm=01;35:*.xpm=01;35:*.tif=01;35:*.tiff=01;35:*.png=01;35:*.svg=01;35:*.svgz=01;35:*.mng=01;35:*.pcx=01;35:*.mov=01;35:*.mpg=01;35:*.mpeg=01;35:*.m2v=01;35:*.mkv=01;35:*.webm=01;35:*.webp=01;35:*.ogm=01;35:*.mp4=01;35:*.m4v=01;35:*.mp4v=01;35:*.vob=01;35:*.qt=01;35:*.nuv=01;35:*.wmv=01;35:*.asf=01;35:*.rm=01;35:*.rmvb=01;35:*.flc=01;35:*.avi=01;35:*.fli=01;35:*.flv=01;35:*.gl=01;35:*.dl=01;35:*.xcf=01;35:*.xwd=01;35:*.yuv=01;35:*.cgm=01;35:*.emf=01;35:*.ogv=01;35:*.ogx=01;35:*.aac=00;36:*.au=00;36:*.flac=00;36:*.m4a=00;36:*.mid=00;36:*.midi=00;36:*.mka=00;36:*.mp3=00;36:*.mpc=00;36:*.ogg=00;36:*.ra=00;36:*.wav=00;36:*.oga=00;36:*.opus=00;36:*.spx=00;36:*.xspf=00;36:'), ('GNOME_TERMINAL_SERVICE', ':1.111'), ('SSH_AGENT_LAUNCHER', 'gnome-keyring'), ('SSH_AUTH_SOCK', '/run/user/1000/keyring/ssh'), ('ROS_DOMAIN_ID', '30'), ('AMENT_PREFIX_PATH', '/home/meng/mDetectRobot/turtlebot3_ws/install/cspc_lidar:/home/meng/mDetectRobot/turtlebot3_ws/install/arduino_bridge:/home/meng/mdetect_ws/install/mdetect_navigation:/home/meng/mdetect_ws/install/mdetect_description:/home/meng/ldlidar_ros2_ws/install/ldlidar_ros2:/opt/ros/humble'), ('SHELL', '/bin/bash'), ('QT_ACCESSIBILITY', '1'), ('GDMSESSION', 'ubuntu'), ('LESSCLOSE', '/usr/bin/lesspipe %s %s'), ('QT_IM_MODULE', 'ibus'), ('PWD', '/home/meng/mDetectRobot/turtlebot3_ws/build/cspc_lidar'), ('TURTLEBOT3_MODEL', 'burger'), ('LC_ALL', 'en_US.UTF-8'), ('XDG_CONFIG_DIRS', '/etc/xdg/xdg-ubuntu:/etc/xdg'), ('GAZEBO_PLUGIN_PATH', '/home/meng/{your_ws}/build/turtlebot3_gazebo:/home/meng/{your_ws}/build/turtlebot3_gazebo:'), ('XDG_DATA_DIRS', '/usr/share/ubuntu:/usr/local/share/:/usr/share/:/var/lib/snapd/desktop'), ('PYTHONPATH', '/home/meng/mDetectRobot/turtlebot3_ws/install/arduino_bridge/lib/python3.10/site-packages:/home/meng/mdetect_ws/build/mdetect_navigation:/home/meng/mdetect_ws/install/mdetect_navigation/lib/python3.10/site-packages:/opt/ros/humble/lib/python3.10/site-packages:/opt/ros/humble/local/lib/python3.10/dist-packages'), ('COLCON', '1'), ('VTE_VERSION', '6800'), ('CMAKE_PREFIX_PATH', '/home/meng/mDetectRobot/turtlebot3_ws/install/cspc_lidar:/home/meng/mdetect_ws/install/mdetect_description:/home/meng/ldlidar_ros2_ws/install/ldlidar_ros2:/home/meng/mDetectRobot/turtlebot3_ws/install/arduino_bridge:/home/meng/mdetect_ws/install/mdetect_navigation:/opt/ros/humble')]), 'shell': False}
[3.090595] (cspc_lidar) StdoutLine: {'line': b'[ 11%] \x1b[32mBuilding CXX object CMakeFiles/cspc_lidar.dir/sdk/node_lidar.cpp.o\x1b[0m\n'}
[3.090854] (cspc_lidar) StdoutLine: {'line': b'[ 22%] \x1b[32mBuilding CXX object CMakeFiles/cspc_lidar.dir/sdk/timer.cpp.o\x1b[0m\n'}
[3.090994] (cspc_lidar) StdoutLine: {'line': b'[ 33%] \x1b[32mBuilding CXX object CMakeFiles/cspc_lidar.dir/sdk/point_cloud_optimize.cpp.o\x1b[0m\n'}
[3.091083] (cspc_lidar) StdoutLine: {'line': b'[ 55%] \x1b[32mBuilding CXX object CMakeFiles/cspc_lidar.dir/sdk/mtime.cpp.o\x1b[0m\n'}
[3.091177] (cspc_lidar) StdoutLine: {'line': b'[ 55%] \x1b[32mBuilding CXX object CMakeFiles/cspc_lidar.dir/src/node_lidar_ros.cpp.o\x1b[0m\n'}
[3.091738] (cspc_lidar) StdoutLine: {'line': b'[ 66%] \x1b[32mBuilding CXX object CMakeFiles/cspc_lidar.dir/sdk/serial_port.cpp.o\x1b[0m\n'}
[3.092517] (cspc_lidar) StdoutLine: {'line': b'[ 77%] \x1b[32mBuilding CXX object CMakeFiles/cspc_lidar.dir/sdk/lidar_data_processing.cpp.o\x1b[0m\n'}
[3.092661] (cspc_lidar) StdoutLine: {'line': b'[ 88%] \x1b[32mBuilding CXX object CMakeFiles/cspc_lidar.dir/sdk/calibration.cpp.o\x1b[0m\n'}
[3.104962] (-) TimerEvent: {}
[3.205494] (-) TimerEvent: {}
[3.305928] (-) TimerEvent: {}
[3.349279] (cspc_lidar) StderrLine: {'line': b'In file included from \x1b[01m\x1b[K/home/meng/mDetectRobot/turtlebot3_ws/src/cspc_lidar/sdk/serial_port.cpp:12\x1b[m\x1b[K:\n'}
[3.349576] (cspc_lidar) StderrLine: {'line': b'\x1b[01m\x1b[K/home/meng/mDetectRobot/turtlebot3_ws/src/cspc_lidar/sdk/serial_port.h:\x1b[m\x1b[K In constructor \xe2\x80\x98\x1b[01m\x1b[KSerial_Port::Serial_Port(const string&, uint32_t, Timeout, bytesize_t, parity_t, stopbits_t, flowcontrol_t)\x1b[m\x1b[K\xe2\x80\x99:\n'}
[3.349681] (cspc_lidar) StderrLine: {'line': b'\x1b[01m\x1b[K/home/meng/mDetectRobot/turtlebot3_ws/src/cspc_lidar/sdk/serial_port.h:102:14:\x1b[m\x1b[K \x1b[01;35m\x1b[Kwarning: \x1b[m\x1b[K\xe2\x80\x98\x1b[01m\x1b[KSerial_Port::bytesize_\x1b[m\x1b[K\xe2\x80\x99 will be initialized after [\x1b[01;35m\x1b[K\x1b]8;;https://gcc.gnu.org/onlinedocs/gcc/Warning-Options.html#index-Wreorder\x07-Wreorder\x1b]8;;\x07\x1b[m\x1b[K]\n'}
[3.349773] (cspc_lidar) StderrLine: {'line': b'  102 |   bytesize_t \x1b[01;35m\x1b[Kbytesize_\x1b[m\x1b[K;       // Size of the bytes\n'}
[3.349855] (cspc_lidar) StderrLine: {'line': b'      |              \x1b[01;35m\x1b[K^~~~~~~~~\x1b[m\x1b[K\n'}
[3.349934] (cspc_lidar) StderrLine: {'line': b'\x1b[01m\x1b[K/home/meng/mDetectRobot/turtlebot3_ws/src/cspc_lidar/sdk/serial_port.h:101:12:\x1b[m\x1b[K \x1b[01;35m\x1b[Kwarning: \x1b[m\x1b[K  \xe2\x80\x98\x1b[01m\x1b[Kparity_t Serial_Port::parity_\x1b[m\x1b[K\xe2\x80\x99 [\x1b[01;35m\x1b[K\x1b]8;;https://gcc.gnu.org/onlinedocs/gcc/Warning-Options.html#index-Wreorder\x07-Wreorder\x1b]8;;\x07\x1b[m\x1b[K]\n'}
[3.350016] (cspc_lidar) StderrLine: {'line': b'  101 |   parity_t \x1b[01;35m\x1b[Kparity_\x1b[m\x1b[K;           // Parity\n'}
[3.350095] (cspc_lidar) StderrLine: {'line': b'      |            \x1b[01;35m\x1b[K^~~~~~~\x1b[m\x1b[K\n'}
[3.350172] (cspc_lidar) StderrLine: {'line': b'\x1b[01m\x1b[K/home/meng/mDetectRobot/turtlebot3_ws/src/cspc_lidar/sdk/serial_port.cpp:31:1:\x1b[m\x1b[K \x1b[01;35m\x1b[Kwarning: \x1b[m\x1b[K  when initialized here [\x1b[01;35m\x1b[K\x1b]8;;https://gcc.gnu.org/onlinedocs/gcc/Warning-Options.html#index-Wreorder\x07-Wreorder\x1b]8;;\x07\x1b[m\x1b[K]\n'}
[3.350254] (cspc_lidar) StderrLine: {'line': b'   31 | \x1b[01;35m\x1b[KSerial_Port\x1b[m\x1b[K::Serial_Port(const string &port, uint32_t baudrate, Timeout timeout,\n'}
[3.350333] (cspc_lidar) StderrLine: {'line': b'      | \x1b[01;35m\x1b[K^~~~~~~~~~~\x1b[m\x1b[K\n'}
[3.351816] (cspc_lidar) StderrLine: {'line': b'\x1b[01m\x1b[K/home/meng/mDetectRobot/turtlebot3_ws/src/cspc_lidar/sdk/serial_port.cpp:\x1b[m\x1b[K In member function \xe2\x80\x98\x1b[01m\x1b[Kbool Serial_Port::setBaudrate(long unsigned int)\x1b[m\x1b[K\xe2\x80\x99:\n'}
[3.351933] (cspc_lidar) StderrLine: {'line': b'\x1b[01m\x1b[K/home/meng/mDetectRobot/turtlebot3_ws/src/cspc_lidar/sdk/serial_port.cpp:578:11:\x1b[m\x1b[K \x1b[01;35m\x1b[Kwarning: \x1b[m\x1b[Kunused variable \xe2\x80\x98\x1b[01m\x1b[Knew_baud\x1b[m\x1b[K\xe2\x80\x99 [\x1b[01;35m\x1b[K\x1b]8;;https://gcc.gnu.org/onlinedocs/gcc/Warning-Options.html#index-Wunused-variable\x07-Wunused-variable\x1b]8;;\x07\x1b[m\x1b[K]\n'}
[3.352019] (cspc_lidar) StderrLine: {'line': b'  578 |   speed_t \x1b[01;35m\x1b[Knew_baud\x1b[m\x1b[K = static_cast<speed_t>(baudrate);\n'}
[3.352099] (cspc_lidar) StderrLine: {'line': b'      |           \x1b[01;35m\x1b[K^~~~~~~~\x1b[m\x1b[K\n'}
[3.376098] (cspc_lidar) StderrLine: {'line': b'\x1b[01m\x1b[K/home/meng/mDetectRobot/turtlebot3_ws/src/cspc_lidar/sdk/point_cloud_optimize.cpp:\x1b[m\x1b[K In member function \xe2\x80\x98\x1b[01m\x1b[Kvoid Point_cloud_optimize::PointCloudFilter(LaserScan*)\x1b[m\x1b[K\xe2\x80\x99:\n'}
[3.376319] (cspc_lidar) StderrLine: {'line': b'\x1b[01m\x1b[K/home/meng/mDetectRobot/turtlebot3_ws/src/cspc_lidar/sdk/point_cloud_optimize.cpp:25:25:\x1b[m\x1b[K \x1b[01;35m\x1b[Kwarning: \x1b[m\x1b[Kcomparison of integer expressions of different signedness: \xe2\x80\x98\x1b[01m\x1b[Kint\x1b[m\x1b[K\xe2\x80\x99 and \xe2\x80\x98\x1b[01m\x1b[Kstd::vector<LaserPoint>::size_type\x1b[m\x1b[K\xe2\x80\x99 {aka \xe2\x80\x98\x1b[01m\x1b[Klong unsigned int\x1b[m\x1b[K\xe2\x80\x99} [\x1b[01;35m\x1b[K\x1b]8;;https://gcc.gnu.org/onlinedocs/gcc/Warning-Options.html#index-Wsign-compare\x07-Wsign-compare\x1b]8;;\x07\x1b[m\x1b[K]\n'}
[3.376448] (cspc_lidar) StderrLine: {'line': b'   25 |         for (i0 = 0; \x1b[01;35m\x1b[Ki0 < Scan->points.size()\x1b[m\x1b[K; i0++)\n'}
[3.376533] (cspc_lidar) StderrLine: {'line': b'      |                      \x1b[01;35m\x1b[K~~~^~~~~~~~~~~~~~~~~~~~~\x1b[m\x1b[K\n'}
[3.376611] (cspc_lidar) StderrLine: {'line': b'\x1b[01m\x1b[K/home/meng/mDetectRobot/turtlebot3_ws/src/cspc_lidar/sdk/point_cloud_optimize.cpp:28:25:\x1b[m\x1b[K \x1b[01;35m\x1b[Kwarning: \x1b[m\x1b[Kcomparison of integer expressions of different signedness: \xe2\x80\x98\x1b[01m\x1b[Kint\x1b[m\x1b[K\xe2\x80\x99 and \xe2\x80\x98\x1b[01m\x1b[Kstd::vector<LaserPoint>::size_type\x1b[m\x1b[K\xe2\x80\x99 {aka \xe2\x80\x98\x1b[01m\x1b[Klong unsigned int\x1b[m\x1b[K\xe2\x80\x99} [\x1b[01;35m\x1b[K\x1b]8;;https://gcc.gnu.org/onlinedocs/gcc/Warning-Options.html#index-Wsign-compare\x07-Wsign-compare\x1b]8;;\x07\x1b[m\x1b[K]\n'}
[3.376693] (cspc_lidar) StderrLine: {'line': b'   28 |                 i1 = \x1b[01;35m\x1b[Ki1 < Scan->points.size()\x1b[m\x1b[K ? i1 : i1 - Scan->points.size();\n'}
[3.376769] (cspc_lidar) StderrLine: {'line': b'      |                      \x1b[01;35m\x1b[K~~~^~~~~~~~~~~~~~~~~~~~~\x1b[m\x1b[K\n'}
[3.376853] (cspc_lidar) StderrLine: {'line': b'\x1b[01m\x1b[K/home/meng/mDetectRobot/turtlebot3_ws/src/cspc_lidar/sdk/point_cloud_optimize.cpp:30:25:\x1b[m\x1b[K \x1b[01;35m\x1b[Kwarning: \x1b[m\x1b[Kcomparison of integer expressions of different signedness: \xe2\x80\x98\x1b[01m\x1b[Kint\x1b[m\x1b[K\xe2\x80\x99 and \xe2\x80\x98\x1b[01m\x1b[Kstd::vector<LaserPoint>::size_type\x1b[m\x1b[K\xe2\x80\x99 {aka \xe2\x80\x98\x1b[01m\x1b[Klong unsigned int\x1b[m\x1b[K\xe2\x80\x99} [\x1b[01;35m\x1b[K\x1b]8;;https://gcc.gnu.org/onlinedocs/gcc/Warning-Options.html#index-Wsign-compare\x07-Wsign-compare\x1b]8;;\x07\x1b[m\x1b[K]\n'}
[3.376933] (cspc_lidar) StderrLine: {'line': b'   30 |                 i2 = \x1b[01;35m\x1b[Ki2 < Scan->points.size()\x1b[m\x1b[K ? i2 : i2 - Scan->points.size();\n'}
[3.377135] (cspc_lidar) StderrLine: {'line': b'      |                      \x1b[01;35m\x1b[K~~~^~~~~~~~~~~~~~~~~~~~~\x1b[m\x1b[K\n'}
[3.377261] (cspc_lidar) StderrLine: {'line': b'\x1b[01m\x1b[K/home/meng/mDetectRobot/turtlebot3_ws/src/cspc_lidar/sdk/point_cloud_optimize.cpp:32:25:\x1b[m\x1b[K \x1b[01;35m\x1b[Kwarning: \x1b[m\x1b[Kcomparison of integer expressions of different signedness: \xe2\x80\x98\x1b[01m\x1b[Kint\x1b[m\x1b[K\xe2\x80\x99 and \xe2\x80\x98\x1b[01m\x1b[Kstd::vector<LaserPoint>::size_type\x1b[m\x1b[K\xe2\x80\x99 {aka \xe2\x80\x98\x1b[01m\x1b[Klong unsigned int\x1b[m\x1b[K\xe2\x80\x99} [\x1b[01;35m\x1b[K\x1b]8;;https://gcc.gnu.org/onlinedocs/gcc/Warning-Options.html#index-Wsign-compare\x07-Wsign-compare\x1b]8;;\x07\x1b[m\x1b[K]\n'}
[3.377354] (cspc_lidar) StderrLine: {'line': b'   32 |                 i3 = \x1b[01;35m\x1b[Ki3 < Scan->points.size()\x1b[m\x1b[K ? i3 : i3 - Scan->points.size();\n'}
[3.377450] (cspc_lidar) StderrLine: {'line': b'      |                      \x1b[01;35m\x1b[K~~~^~~~~~~~~~~~~~~~~~~~~\x1b[m\x1b[K\n'}
[3.377531] (cspc_lidar) StderrLine: {'line': b'\x1b[01m\x1b[K/home/meng/mDetectRobot/turtlebot3_ws/src/cspc_lidar/sdk/point_cloud_optimize.cpp:155:25:\x1b[m\x1b[K \x1b[01;35m\x1b[Kwarning: \x1b[m\x1b[Kcomparison of integer expressions of different signedness: \xe2\x80\x98\x1b[01m\x1b[Kint\x1b[m\x1b[K\xe2\x80\x99 and \xe2\x80\x98\x1b[01m\x1b[Kstd::vector<LaserPoint>::size_type\x1b[m\x1b[K\xe2\x80\x99 {aka \xe2\x80\x98\x1b[01m\x1b[Klong unsigned int\x1b[m\x1b[K\xe2\x80\x99} [\x1b[01;35m\x1b[K\x1b]8;;https://gcc.gnu.org/onlinedocs/gcc/Warning-Options.html#index-Wsign-compare\x07-Wsign-compare\x1b]8;;\x07\x1b[m\x1b[K]\n'}
[3.377613] (cspc_lidar) StderrLine: {'line': b'  155 |         for (i0 = 0; \x1b[01;35m\x1b[Ki0 < Scan->points.size()\x1b[m\x1b[K; i0++)\n'}
[3.377689] (cspc_lidar) StderrLine: {'line': b'      |                      \x1b[01;35m\x1b[K~~~^~~~~~~~~~~~~~~~~~~~~\x1b[m\x1b[K\n'}
[3.377774] (cspc_lidar) StderrLine: {'line': b'\x1b[01m\x1b[K/home/meng/mDetectRobot/turtlebot3_ws/src/cspc_lidar/sdk/point_cloud_optimize.cpp:158:25:\x1b[m\x1b[K \x1b[01;35m\x1b[Kwarning: \x1b[m\x1b[Kcomparison of integer expressions of different signedness: \xe2\x80\x98\x1b[01m\x1b[Kint\x1b[m\x1b[K\xe2\x80\x99 and \xe2\x80\x98\x1b[01m\x1b[Kstd::vector<LaserPoint>::size_type\x1b[m\x1b[K\xe2\x80\x99 {aka \xe2\x80\x98\x1b[01m\x1b[Klong unsigned int\x1b[m\x1b[K\xe2\x80\x99} [\x1b[01;35m\x1b[K\x1b]8;;https://gcc.gnu.org/onlinedocs/gcc/Warning-Options.html#index-Wsign-compare\x07-Wsign-compare\x1b]8;;\x07\x1b[m\x1b[K]\n'}
[3.377860] (cspc_lidar) StderrLine: {'line': b'  158 |                 i1 = \x1b[01;35m\x1b[Ki1 < Scan->points.size()\x1b[m\x1b[K ? i1 : i1 - Scan->points.size();\n'}
[3.377937] (cspc_lidar) StderrLine: {'line': b'      |                      \x1b[01;35m\x1b[K~~~^~~~~~~~~~~~~~~~~~~~~\x1b[m\x1b[K\n'}
[3.378013] (cspc_lidar) StderrLine: {'line': b'\x1b[01m\x1b[K/home/meng/mDetectRobot/turtlebot3_ws/src/cspc_lidar/sdk/point_cloud_optimize.cpp:160:25:\x1b[m\x1b[K \x1b[01;35m\x1b[Kwarning: \x1b[m\x1b[Kcomparison of integer expressions of different signedness: \xe2\x80\x98\x1b[01m\x1b[Kint\x1b[m\x1b[K\xe2\x80\x99 and \xe2\x80\x98\x1b[01m\x1b[Kstd::vector<LaserPoint>::size_type\x1b[m\x1b[K\xe2\x80\x99 {aka \xe2\x80\x98\x1b[01m\x1b[Klong unsigned int\x1b[m\x1b[K\xe2\x80\x99} [\x1b[01;35m\x1b[K\x1b]8;;https://gcc.gnu.org/onlinedocs/gcc/Warning-Options.html#index-Wsign-compare\x07-Wsign-compare\x1b]8;;\x07\x1b[m\x1b[K]\n'}
[3.378092] (cspc_lidar) StderrLine: {'line': b'  160 |                 i2 = \x1b[01;35m\x1b[Ki2 < Scan->points.size()\x1b[m\x1b[K ? i2 : i2 - Scan->points.size();\n'}
[3.378169] (cspc_lidar) StderrLine: {'line': b'      |                      \x1b[01;35m\x1b[K~~~^~~~~~~~~~~~~~~~~~~~~\x1b[m\x1b[K\n'}
[3.378243] (cspc_lidar) StderrLine: {'line': b'\x1b[01m\x1b[K/home/meng/mDetectRobot/turtlebot3_ws/src/cspc_lidar/sdk/point_cloud_optimize.cpp:162:25:\x1b[m\x1b[K \x1b[01;35m\x1b[Kwarning: \x1b[m\x1b[Kcomparison of integer expressions of different signedness: \xe2\x80\x98\x1b[01m\x1b[Kint\x1b[m\x1b[K\xe2\x80\x99 and \xe2\x80\x98\x1b[01m\x1b[Kstd::vector<LaserPoint>::size_type\x1b[m\x1b[K\xe2\x80\x99 {aka \xe2\x80\x98\x1b[01m\x1b[Klong unsigned int\x1b[m\x1b[K\xe2\x80\x99} [\x1b[01;35m\x1b[K\x1b]8;;https://gcc.gnu.org/onlinedocs/gcc/Warning-Options.html#index-Wsign-compare\x07-Wsign-compare\x1b]8;;\x07\x1b[m\x1b[K]\n'}
[3.378321] (cspc_lidar) StderrLine: {'line': b'  162 |                 i3 = \x1b[01;35m\x1b[Ki3 < Scan->points.size()\x1b[m\x1b[K ? i3 : i3 - Scan->points.size();\n'}
[3.378407] (cspc_lidar) StderrLine: {'line': b'      |                      \x1b[01;35m\x1b[K~~~^~~~~~~~~~~~~~~~~~~~~\x1b[m\x1b[K\n'}
[3.378486] (cspc_lidar) StderrLine: {'line': b'\x1b[01m\x1b[K/home/meng/mDetectRobot/turtlebot3_ws/src/cspc_lidar/sdk/point_cloud_optimize.cpp:164:25:\x1b[m\x1b[K \x1b[01;35m\x1b[Kwarning: \x1b[m\x1b[Kcomparison of integer expressions of different signedness: \xe2\x80\x98\x1b[01m\x1b[Kint\x1b[m\x1b[K\xe2\x80\x99 and \xe2\x80\x98\x1b[01m\x1b[Kstd::vector<LaserPoint>::size_type\x1b[m\x1b[K\xe2\x80\x99 {aka \xe2\x80\x98\x1b[01m\x1b[Klong unsigned int\x1b[m\x1b[K\xe2\x80\x99} [\x1b[01;35m\x1b[K\x1b]8;;https://gcc.gnu.org/onlinedocs/gcc/Warning-Options.html#index-Wsign-compare\x07-Wsign-compare\x1b]8;;\x07\x1b[m\x1b[K]\n'}
[3.378572] (cspc_lidar) StderrLine: {'line': b'  164 |                 i4 = \x1b[01;35m\x1b[Ki4 < Scan->points.size()\x1b[m\x1b[K ? i4 : i4 - Scan->points.size();\n'}
[3.378654] (cspc_lidar) StderrLine: {'line': b'      |                      \x1b[01;35m\x1b[K~~~^~~~~~~~~~~~~~~~~~~~~\x1b[m\x1b[K\n'}
[3.378863] (cspc_lidar) StderrLine: {'line': b'\x1b[01m\x1b[K/home/meng/mDetectRobot/turtlebot3_ws/src/cspc_lidar/sdk/point_cloud_optimize.cpp:\x1b[m\x1b[K In member function \xe2\x80\x98\x1b[01m\x1b[Kint Point_cloud_optimize::UltrasonicSimRanging(LaserPoint&)\x1b[m\x1b[K\xe2\x80\x99:\n'}
[3.378960] (cspc_lidar) StderrLine: {'line': b'\x1b[01m\x1b[K/home/meng/mDetectRobot/turtlebot3_ws/src/cspc_lidar/sdk/point_cloud_optimize.cpp:228:13:\x1b[m\x1b[K \x1b[01;35m\x1b[Kwarning: \x1b[m\x1b[Kunused variable \xe2\x80\x98\x1b[01m\x1b[Ki\x1b[m\x1b[K\xe2\x80\x99 [\x1b[01;35m\x1b[K\x1b]8;;https://gcc.gnu.org/onlinedocs/gcc/Warning-Options.html#index-Wunused-variable\x07-Wunused-variable\x1b]8;;\x07\x1b[m\x1b[K]\n'}
[3.379064] (cspc_lidar) StderrLine: {'line': b'  228 |         int \x1b[01;35m\x1b[Ki\x1b[m\x1b[K, index;\n'}
[3.379142] (cspc_lidar) StderrLine: {'line': b'      |             \x1b[01;35m\x1b[K^\x1b[m\x1b[K\n'}
[3.379218] (cspc_lidar) StderrLine: {'line': b'\x1b[01m\x1b[K/home/meng/mDetectRobot/turtlebot3_ws/src/cspc_lidar/sdk/point_cloud_optimize.cpp:229:15:\x1b[m\x1b[K \x1b[01;35m\x1b[Kwarning: \x1b[m\x1b[Kunused variable \xe2\x80\x98\x1b[01m\x1b[Ktempdep\x1b[m\x1b[K\xe2\x80\x99 [\x1b[01;35m\x1b[K\x1b]8;;https://gcc.gnu.org/onlinedocs/gcc/Warning-Options.html#index-Wunused-variable\x07-Wunused-variable\x1b]8;;\x07\x1b[m\x1b[K]\n'}
[3.379339] (cspc_lidar) StderrLine: {'line': b'  229 |         short \x1b[01;35m\x1b[Ktempdep\x1b[m\x1b[K;\n'}
[3.379462] (cspc_lidar) StderrLine: {'line': b'      |               \x1b[01;35m\x1b[K^~~~~~~\x1b[m\x1b[K\n'}
[3.379543] (cspc_lidar) StderrLine: {'line': b'\x1b[01m\x1b[K/home/meng/mDetectRobot/turtlebot3_ws/src/cspc_lidar/sdk/point_cloud_optimize.cpp:253:1:\x1b[m\x1b[K \x1b[01;35m\x1b[Kwarning: \x1b[m\x1b[Kno return statement in function returning non-void [\x1b[01;35m\x1b[K\x1b]8;;https://gcc.gnu.org/onlinedocs/gcc/Warning-Options.html#index-Wreturn-type\x07-Wreturn-type\x1b]8;;\x07\x1b[m\x1b[K]\n'}
[3.379749] (cspc_lidar) StderrLine: {'line': b'  253 | \x1b[01;35m\x1b[K}\x1b[m\x1b[K\n'}
[3.379842] (cspc_lidar) StderrLine: {'line': b'      | \x1b[01;35m\x1b[K^\x1b[m\x1b[K\n'}
[3.379921] (cspc_lidar) StderrLine: {'line': b'\x1b[01m\x1b[K/home/meng/mDetectRobot/turtlebot3_ws/src/cspc_lidar/sdk/serial_port.cpp:\x1b[m\x1b[K In member function \xe2\x80\x98\x1b[01m\x1b[Kbool Serial_Port::setCustomBaudRate(long unsigned int)\x1b[m\x1b[K\xe2\x80\x99:\n'}
[3.380001] (cspc_lidar) StderrLine: {'line': b'\x1b[01m\x1b[K/home/meng/mDetectRobot/turtlebot3_ws/src/cspc_lidar/sdk/serial_port.cpp:571:1:\x1b[m\x1b[K \x1b[01;35m\x1b[Kwarning: \x1b[m\x1b[Kcontrol reaches end of non-void function [\x1b[01;35m\x1b[K\x1b]8;;https://gcc.gnu.org/onlinedocs/gcc/Warning-Options.html#index-Wreturn-type\x07-Wreturn-type\x1b]8;;\x07\x1b[m\x1b[K]\n'}
[3.380083] (cspc_lidar) StderrLine: {'line': b'  571 | \x1b[01;35m\x1b[K}\x1b[m\x1b[K\n'}
[3.380160] (cspc_lidar) StderrLine: {'line': b'      | \x1b[01;35m\x1b[K^\x1b[m\x1b[K\n'}
[3.380235] (cspc_lidar) StderrLine: {'line': b'\x1b[01m\x1b[K/home/meng/mDetectRobot/turtlebot3_ws/src/cspc_lidar/sdk/point_cloud_optimize.cpp:\x1b[m\x1b[K In member function \xe2\x80\x98\x1b[01m\x1b[Kvoid Point_cloud_optimize::lidar_blocked_init()\x1b[m\x1b[K\xe2\x80\x99:\n'}
[3.380326] (cspc_lidar) StderrLine: {'line': b'\x1b[01m\x1b[K/home/meng/mDetectRobot/turtlebot3_ws/src/cspc_lidar/sdk/point_cloud_optimize.cpp:404:69:\x1b[m\x1b[K \x1b[01;35m\x1b[Kwarning: \x1b[m\x1b[Ksuggest parentheses around \xe2\x80\x98\x1b[01m\x1b[K&&\x1b[m\x1b[K\xe2\x80\x99 within \xe2\x80\x98\x1b[01m\x1b[K||\x1b[m\x1b[K\xe2\x80\x99 [\x1b[01;35m\x1b[K\x1b]8;;https://gcc.gnu.org/onlinedocs/gcc/Warning-Options.html#index-Wparentheses\x07-Wparentheses\x1b]8;;\x07\x1b[m\x1b[K]\n'}
[3.380424] (cspc_lidar) StderrLine: {'line': b'  404 |                         if((angle >= 0 && angle < 90)|| \x1b[01;35m\x1b[Kangle > 270 && angle <=360\x1b[m\x1b[K){\n'}
[3.380507] (cspc_lidar) StderrLine: {'line': b'      |                                                         \x1b[01;35m\x1b[K~~~~~~~~~~~~^~~~~~~~~~~~~~\x1b[m\x1b[K\n'}
[3.380585] (cspc_lidar) StderrLine: {'line': b'\x1b[01m\x1b[K/home/meng/mDetectRobot/turtlebot3_ws/src/cspc_lidar/sdk/point_cloud_optimize.cpp:375:21:\x1b[m\x1b[K \x1b[01;35m\x1b[Kwarning: \x1b[m\x1b[Kunused variable \xe2\x80\x98\x1b[01m\x1b[Ktemp\x1b[m\x1b[K\xe2\x80\x99 [\x1b[01;35m\x1b[K\x1b]8;;https://gcc.gnu.org/onlinedocs/gcc/Warning-Options.html#index-Wunused-variable\x07-Wunused-variable\x1b]8;;\x07\x1b[m\x1b[K]\n'}
[3.380675] (cspc_lidar) StderrLine: {'line': b'  375 |         float r, d, \x1b[01;35m\x1b[Ktemp\x1b[m\x1b[K;\n'}
[3.380751] (cspc_lidar) StderrLine: {'line': b'      |                     \x1b[01;35m\x1b[K^~~~\x1b[m\x1b[K\n'}
[3.400463] (cspc_lidar) StderrLine: {'line': b'\x1b[01m\x1b[K/home/meng/mDetectRobot/turtlebot3_ws/src/cspc_lidar/sdk/lidar_data_processing.cpp:\x1b[m\x1b[K In member function \xe2\x80\x98\x1b[01m\x1b[Kbool Lidar_Data_Processing::wait_start_reply(uint64_t)\x1b[m\x1b[K\xe2\x80\x99:\n'}
[3.400654] (cspc_lidar) StderrLine: {'line': b'\x1b[01m\x1b[K/home/meng/mDetectRobot/turtlebot3_ws/src/cspc_lidar/sdk/lidar_data_processing.cpp:107:49:\x1b[m\x1b[K \x1b[01;35m\x1b[Kwarning: \x1b[m\x1b[Kcomparison of integer expressions of different signedness: \xe2\x80\x98\x1b[01m\x1b[Kint64_t\x1b[m\x1b[K\xe2\x80\x99 {aka \xe2\x80\x98\x1b[01m\x1b[Klong int\x1b[m\x1b[K\xe2\x80\x99} and \xe2\x80\x98\x1b[01m\x1b[Kuint64_t\x1b[m\x1b[K\xe2\x80\x99 {aka \xe2\x80\x98\x1b[01m\x1b[Klong unsigned int\x1b[m\x1b[K\xe2\x80\x99} [\x1b[01;35m\x1b[K\x1b]8;;https://gcc.gnu.org/onlinedocs/gcc/Warning-Options.html#index-Wsign-compare\x07-Wsign-compare\x1b]8;;\x07\x1b[m\x1b[K]\n'}
[3.400752] (cspc_lidar) StderrLine: {'line': b'  107 |   while (\x1b[01;35m\x1b[K(waitTime = current_times() - startTs) <= timeout\x1b[m\x1b[K){\n'}
[3.400830] (cspc_lidar) StderrLine: {'line': b'      |          \x1b[01;35m\x1b[K~~~~~~~~~~~~~~~~~~~~~~~~~~~~~~~~~~~~~~~^~~~~~~~~~\x1b[m\x1b[K\n'}
[3.401306] (cspc_lidar) StderrLine: {'line': b'\x1b[01m\x1b[K/home/meng/mDetectRobot/turtlebot3_ws/src/cspc_lidar/sdk/lidar_data_processing.cpp:\x1b[m\x1b[K In member function \xe2\x80\x98\x1b[01m\x1b[Kresult_t Lidar_Data_Processing::waitSpeedRight(uint8_t, uint64_t)\x1b[m\x1b[K\xe2\x80\x99:\n'}
[3.401429] (cspc_lidar) StderrLine: {'line': b'\x1b[01m\x1b[K/home/meng/mDetectRobot/turtlebot3_ws/src/cspc_lidar/sdk/lidar_data_processing.cpp:209:56:\x1b[m\x1b[K \x1b[01;35m\x1b[Kwarning: \x1b[m\x1b[Kunused parameter \xe2\x80\x98\x1b[01m\x1b[Kcmd\x1b[m\x1b[K\xe2\x80\x99 [\x1b[01;35m\x1b[K\x1b]8;;https://gcc.gnu.org/onlinedocs/gcc/Warning-Options.html#index-Wunused-parameter\x07-Wunused-parameter\x1b]8;;\x07\x1b[m\x1b[K]\n'}
[3.401516] (cspc_lidar) StderrLine: {'line': b'  209 | result_t Lidar_Data_Processing::waitSpeedRight(\x1b[01;35m\x1b[Kuint8_t cmd\x1b[m\x1b[K,uint64_t timeout)\n'}
[3.401594] (cspc_lidar) StderrLine: {'line': b'      |                                                \x1b[01;35m\x1b[K~~~~~~~~^~~\x1b[m\x1b[K\n'}
[3.401962] (cspc_lidar) StderrLine: {'line': b'\x1b[01m\x1b[K/home/meng/mDetectRobot/turtlebot3_ws/src/cspc_lidar/sdk/lidar_data_processing.cpp:\x1b[m\x1b[K In member function \xe2\x80\x98\x1b[01m\x1b[Kresult_t Lidar_Data_Processing::waitResponseHeader(uint8_t, uint64_t)\x1b[m\x1b[K\xe2\x80\x99:\n'}
[3.402086] (cspc_lidar) StderrLine: {'line': b'\x1b[01m\x1b[K/home/meng/mDetectRobot/turtlebot3_ws/src/cspc_lidar/sdk/lidar_data_processing.cpp:481:28:\x1b[m\x1b[K \x1b[01;35m\x1b[Kwarning: \x1b[m\x1b[Kformat \xe2\x80\x98\x1b[01m\x1b[K%d\x1b[m\x1b[K\xe2\x80\x99 expects argument of type \xe2\x80\x98\x1b[01m\x1b[Kint\x1b[m\x1b[K\xe2\x80\x99, but argument 4 has type \xe2\x80\x98\x1b[01m\x1b[Ksize_t\x1b[m\x1b[K\xe2\x80\x99 {aka \xe2\x80\x98\x1b[01m\x1b[Klong unsigned int\x1b[m\x1b[K\xe2\x80\x99} [\x1b[01;35m\x1b[K\x1b]8;;https://gcc.gnu.org/onlinedocs/gcc/Warning-Options.html#index-Wformat=\x07-Wformat=\x1b]8;;\x07\x1b[m\x1b[K]\n'}
[3.402171] (cspc_lidar) StderrLine: {'line': b'  481 |       printf("data**%d,%d,\x1b[01;35m\x1b[K%d\x1b[m\x1b[K\\n",check_sum_cal,recvBuffer[remainSize-1],\x1b[32m\x1b[KremainSize\x1b[m\x1b[K);\n'}
[3.402246] (cspc_lidar) StderrLine: {'line': b'      |                           \x1b[01;35m\x1b[K~^\x1b[m\x1b[K                                           \x1b[32m\x1b[K~~~~~~~~~~\x1b[m\x1b[K\n'}
[3.402318] (cspc_lidar) StderrLine: {'line': b'      |                            \x1b[01;35m\x1b[K|\x1b[m\x1b[K                                           \x1b[32m\x1b[K|\x1b[m\x1b[K\n'}
[3.402411] (cspc_lidar) StderrLine: {'line': b'      |                            \x1b[01;35m\x1b[Kint\x1b[m\x1b[K                                         \x1b[32m\x1b[Ksize_t {aka long unsigned int}\x1b[m\x1b[K\n'}
[3.402487] (cspc_lidar) StderrLine: {'line': b'      |                           \x1b[32m\x1b[K%ld\x1b[m\x1b[K\n'}
[3.404710] (cspc_lidar) StderrLine: {'line': b'\x1b[01m\x1b[K/home/meng/mDetectRobot/turtlebot3_ws/src/cspc_lidar/sdk/lidar_data_processing.cpp:\x1b[m\x1b[K In member function \xe2\x80\x98\x1b[01m\x1b[Kresult_t Lidar_Data_Processing::waitPackage_coin(node_info*, uint32_t)\x1b[m\x1b[K\xe2\x80\x99:\n'}
[3.404981] (cspc_lidar) StderrLine: {'line': b'\x1b[01m\x1b[K/home/meng/mDetectRobot/turtlebot3_ws/src/cspc_lidar/sdk/lidar_data_processing.cpp:973:9:\x1b[m\x1b[K \x1b[01;35m\x1b[Kwarning: \x1b[m\x1b[Kunused variable \xe2\x80\x98\x1b[01m\x1b[Kk\x1b[m\x1b[K\xe2\x80\x99 [\x1b[01;35m\x1b[K\x1b]8;;https://gcc.gnu.org/onlinedocs/gcc/Warning-Options.html#index-Wunused-variable\x07-Wunused-variable\x1b]8;;\x07\x1b[m\x1b[K]\n'}
[3.405116] (cspc_lidar) StderrLine: {'line': b'  973 |     int \x1b[01;35m\x1b[Kk\x1b[m\x1b[K;\n'}
[3.405199] (cspc_lidar) StderrLine: {'line': b'      |         \x1b[01;35m\x1b[K^\x1b[m\x1b[K\n'}
[3.405275] (cspc_lidar) StderrLine: {'line': b'\x1b[01m\x1b[K/home/meng/mDetectRobot/turtlebot3_ws/src/cspc_lidar/sdk/node_lidar.cpp:\x1b[m\x1b[K In function \xe2\x80\x98\x1b[01m\x1b[Kvoid flushSerial()\x1b[m\x1b[K\xe2\x80\x99:\n'}
[3.405350] (cspc_lidar) StderrLine: {'line': b'\x1b[01m\x1b[K/home/meng/mDetectRobot/turtlebot3_ws/src/cspc_lidar/sdk/node_lidar.cpp:53:24:\x1b[m\x1b[K \x1b[01;35m\x1b[Kwarning: \x1b[m\x1b[Kunused variable \xe2\x80\x98\x1b[01m\x1b[Kbytes_read\x1b[m\x1b[K\xe2\x80\x99 [\x1b[01;35m\x1b[K\x1b]8;;https://gcc.gnu.org/onlinedocs/gcc/Warning-Options.html#index-Wunused-variable\x07-Wunused-variable\x1b]8;;\x07\x1b[m\x1b[K]\n'}
[3.405439] (cspc_lidar) StderrLine: {'line': b'   53 |                 size_t \x1b[01;35m\x1b[Kbytes_read\x1b[m\x1b[K = node_lidar.serial_port->read_data(buffer, len);\n'}
[3.405515] (cspc_lidar) StderrLine: {'line': b'      |                        \x1b[01;35m\x1b[K^~~~~~~~~~\x1b[m\x1b[K\n'}
[3.405590] (cspc_lidar) StderrLine: {'line': b'\x1b[01m\x1b[K/home/meng/mDetectRobot/turtlebot3_ws/src/cspc_lidar/sdk/lidar_data_processing.cpp:873:11:\x1b[m\x1b[K \x1b[01;35m\x1b[Kwarning: \x1b[m\x1b[Kvariable \xe2\x80\x98\x1b[01m\x1b[KAngleCorrectForDistance\x1b[m\x1b[K\xe2\x80\x99 set but not used [\x1b[01;35m\x1b[K\x1b]8;;https://gcc.gnu.org/onlinedocs/gcc/Warning-Options.html#index-Wunused-but-set-variable\x07-Wunused-but-set-variable\x1b]8;;\x07\x1b[m\x1b[K]\n'}
[3.405798] (cspc_lidar) StderrLine: {'line': b'  873 |   int32_t \x1b[01;35m\x1b[KAngleCorrectForDistance\x1b[m\x1b[K = 0;\n'}
[3.405887] (cspc_lidar) StderrLine: {'line': b'      |           \x1b[01;35m\x1b[K^~~~~~~~~~~~~~~~~~~~~~~\x1b[m\x1b[K\n'}
[3.405961] (-) TimerEvent: {}
[3.406064] (cspc_lidar) StderrLine: {'line': b'\x1b[01m\x1b[K/home/meng/mDetectRobot/turtlebot3_ws/src/cspc_lidar/sdk/lidar_data_processing.cpp:875:11:\x1b[m\x1b[K \x1b[01;35m\x1b[Kwarning: \x1b[m\x1b[Kunused variable \xe2\x80\x98\x1b[01m\x1b[Kpackage_type\x1b[m\x1b[K\xe2\x80\x99 [\x1b[01;35m\x1b[K\x1b]8;;https://gcc.gnu.org/onlinedocs/gcc/Warning-Options.html#index-Wunused-variable\x07-Wunused-variable\x1b]8;;\x07\x1b[m\x1b[K]\n'}
[3.406186] (cspc_lidar) StderrLine: {'line': b'  875 |   uint8_t \x1b[01;35m\x1b[Kpackage_type\x1b[m\x1b[K = 0;\n'}
[3.406268] (cspc_lidar) StderrLine: {'line': b'      |           \x1b[01;35m\x1b[K^~~~~~~~~~~~\x1b[m\x1b[K\n'}
[3.406342] (cspc_lidar) StderrLine: {'line': b'\x1b[01m\x1b[K/home/meng/mDetectRobot/turtlebot3_ws/src/cspc_lidar/sdk/lidar_data_processing.cpp:877:12:\x1b[m\x1b[K \x1b[01;35m\x1b[Kwarning: \x1b[m\x1b[Kunused variable \xe2\x80\x98\x1b[01m\x1b[Kstart\x1b[m\x1b[K\xe2\x80\x99 [\x1b[01;35m\x1b[K\x1b]8;;https://gcc.gnu.org/onlinedocs/gcc/Warning-Options.html#index-Wunused-variable\x07-Wunused-variable\x1b]8;;\x07\x1b[m\x1b[K]\n'}
[3.406431] (cspc_lidar) StderrLine: {'line': b'  877 |   uint16_t \x1b[01;35m\x1b[Kstart\x1b[m\x1b[K;\n'}
[3.406515] (cspc_lidar) StderrLine: {'line': b'      |            \x1b[01;35m\x1b[K^~~~~\x1b[m\x1b[K\n'}
[3.406587] (cspc_lidar) StderrLine: {'line': b'\x1b[01m\x1b[K/home/meng/mDetectRobot/turtlebot3_ws/src/cspc_lidar/sdk/lidar_data_processing.cpp:878:12:\x1b[m\x1b[K \x1b[01;35m\x1b[Kwarning: \x1b[m\x1b[Kunused variable \xe2\x80\x98\x1b[01m\x1b[Kstop\x1b[m\x1b[K\xe2\x80\x99 [\x1b[01;35m\x1b[K\x1b]8;;https://gcc.gnu.org/onlinedocs/gcc/Warning-Options.html#index-Wunused-variable\x07-Wunused-variable\x1b]8;;\x07\x1b[m\x1b[K]\n'}
[3.406662] (cspc_lidar) StderrLine: {'line': b'  878 |   uint16_t \x1b[01;35m\x1b[Kstop\x1b[m\x1b[K;\n'}
[3.406734] (cspc_lidar) StderrLine: {'line': b'      |            \x1b[01;35m\x1b[K^~~~\x1b[m\x1b[K\n'}
[3.406805] (cspc_lidar) StderrLine: {'line': b'\x1b[01m\x1b[K/home/meng/mDetectRobot/turtlebot3_ws/src/cspc_lidar/sdk/node_lidar.cpp:\x1b[m\x1b[K In function \xe2\x80\x98\x1b[01m\x1b[Kbool lidar_state_judgment()\x1b[m\x1b[K\xe2\x80\x99:\n'}
[3.406885] (cspc_lidar) StderrLine: {'line': b'\x1b[01m\x1b[K/home/meng/mDetectRobot/turtlebot3_ws/src/cspc_lidar/sdk/node_lidar.cpp:86:52:\x1b[m\x1b[K \x1b[01;35m\x1b[Kwarning: \x1b[m\x1b[Kformat \xe2\x80\x98\x1b[01m\x1b[K%lld\x1b[m\x1b[K\xe2\x80\x99 expects argument of type \xe2\x80\x98\x1b[01m\x1b[Klong long int\x1b[m\x1b[K\xe2\x80\x99, but argument 2 has type \xe2\x80\x98\x1b[01m\x1b[Kuint64_t\x1b[m\x1b[K\xe2\x80\x99 {aka \xe2\x80\x98\x1b[01m\x1b[Klong unsigned int\x1b[m\x1b[K\xe2\x80\x99} [\x1b[01;35m\x1b[K\x1b]8;;https://gcc.gnu.org/onlinedocs/gcc/Warning-Options.html#index-Wformat=\x07-Wformat=\x1b]8;;\x07\x1b[m\x1b[K]\n'}
[3.406962] (cspc_lidar) StderrLine: {'line': b'   86 |                 printf("Status abnormal restart \x1b[01;35m\x1b[K%lld\x1b[m\x1b[K\\n",\x1b[32m\x1b[Klidar_status_time\x1b[m\x1b[K);\n'}
[3.407035] (cspc_lidar) StderrLine: {'line': b'      |                                                 \x1b[01;35m\x1b[K~~~^\x1b[m\x1b[K    \x1b[32m\x1b[K~~~~~~~~~~~~~~~~~\x1b[m\x1b[K\n'}
[3.407107] (cspc_lidar) StderrLine: {'line': b'      |                                                    \x1b[01;35m\x1b[K|\x1b[m\x1b[K    \x1b[32m\x1b[K|\x1b[m\x1b[K\n'}
[3.407180] (cspc_lidar) StderrLine: {'line': b'      |                                                    \x1b[01;35m\x1b[K|\x1b[m\x1b[K    \x1b[32m\x1b[Kuint64_t {aka long unsigned int}\x1b[m\x1b[K\n'}
[3.407252] (cspc_lidar) StderrLine: {'line': b'      |                                                    \x1b[01;35m\x1b[Klong long int\x1b[m\x1b[K\n'}
[3.407324] (cspc_lidar) StderrLine: {'line': b'      |                                                 \x1b[32m\x1b[K%ld\x1b[m\x1b[K\n'}
[3.407402] (cspc_lidar) StderrLine: {'line': b'\x1b[01m\x1b[K/home/meng/mDetectRobot/turtlebot3_ws/src/cspc_lidar/sdk/node_lidar.cpp:62:21:\x1b[m\x1b[K \x1b[01;35m\x1b[Kwarning: \x1b[m\x1b[Kunused variable \xe2\x80\x98\x1b[01m\x1b[Kstatus_judge\x1b[m\x1b[K\xe2\x80\x99 [\x1b[01;35m\x1b[K\x1b]8;;https://gcc.gnu.org/onlinedocs/gcc/Warning-Options.html#index-Wunused-variable\x07-Wunused-variable\x1b]8;;\x07\x1b[m\x1b[K]\n'}
[3.407482] (cspc_lidar) StderrLine: {'line': b'   62 |         static bool \x1b[01;35m\x1b[Kstatus_judge\x1b[m\x1b[K = false;     //Overall status judgment\n'}
[3.407555] (cspc_lidar) StderrLine: {'line': b'      |                     \x1b[01;35m\x1b[K^~~~~~~~~~~~\x1b[m\x1b[K\n'}
[3.407628] (cspc_lidar) StderrLine: {'line': b'\x1b[01m\x1b[K/home/meng/mDetectRobot/turtlebot3_ws/src/cspc_lidar/sdk/node_lidar.cpp:65:21:\x1b[m\x1b[K \x1b[01;35m\x1b[Kwarning: \x1b[m\x1b[Kvariable \xe2\x80\x98\x1b[01m\x1b[Klidar_start_flag\x1b[m\x1b[K\xe2\x80\x99 set but not used [\x1b[01;35m\x1b[K\x1b]8;;https://gcc.gnu.org/onlinedocs/gcc/Warning-Options.html#index-Wunused-but-set-variable\x07-Wunused-but-set-variable\x1b]8;;\x07\x1b[m\x1b[K]\n'}
[3.407708] (cspc_lidar) StderrLine: {'line': b'   65 |         static bool \x1b[01;35m\x1b[Klidar_start_flag\x1b[m\x1b[K = false; //Lidar feedback flag after issuing the lidar startup command\n'}
[3.407787] (cspc_lidar) StderrLine: {'line': b'      |                     \x1b[01;35m\x1b[K^~~~~~~~~~~~~~~~\x1b[m\x1b[K\n'}
[3.407858] (cspc_lidar) StderrLine: {'line': b'\x1b[01m\x1b[K/home/meng/mDetectRobot/turtlebot3_ws/src/cspc_lidar/sdk/node_lidar.cpp:\x1b[m\x1b[K In function \xe2\x80\x98\x1b[01m\x1b[Kint read_forever()\x1b[m\x1b[K\xe2\x80\x99:\n'}
[3.407929] (cspc_lidar) StderrLine: {'line': b'\x1b[01m\x1b[K/home/meng/mDetectRobot/turtlebot3_ws/src/cspc_lidar/sdk/node_lidar.cpp:205:82:\x1b[m\x1b[K \x1b[01;35m\x1b[Kwarning: \x1b[m\x1b[Kformat \xe2\x80\x98\x1b[01m\x1b[K%d\x1b[m\x1b[K\xe2\x80\x99 expects argument of type \xe2\x80\x98\x1b[01m\x1b[Kint\x1b[m\x1b[K\xe2\x80\x99, but argument 2 has type \xe2\x80\x98\x1b[01m\x1b[Ksize_t\x1b[m\x1b[K\xe2\x80\x99 {aka \xe2\x80\x98\x1b[01m\x1b[Klong unsigned int\x1b[m\x1b[K\xe2\x80\x99} [\x1b[01;35m\x1b[K\x1b]8;;https://gcc.gnu.org/onlinedocs/gcc/Warning-Options.html#index-Wformat=\x07-Wformat=\x1b]8;;\x07\x1b[m\x1b[K]\n'}
[3.408014] (cspc_lidar) StderrLine: {'line': b'  205 |                                                         printf("full----- count=\x1b[01;35m\x1b[K%d\x1b[m\x1b[K,time=%lld,frequence=%d\\n",\x1b[32m\x1b[Kscan_count\x1b[m\x1b[K,current_times(),local_scan[0].scan_frequence);\n'}
[3.408093] (cspc_lidar) StderrLine: {'line': b'      |                                                                                 \x1b[01;35m\x1b[K~^\x1b[m\x1b[K                           \x1b[32m\x1b[K~~~~~~~~~~\x1b[m\x1b[K\n'}
[3.408167] (cspc_lidar) StderrLine: {'line': b'      |                                                                                  \x1b[01;35m\x1b[K|\x1b[m\x1b[K                           \x1b[32m\x1b[K|\x1b[m\x1b[K\n'}
[3.408239] (cspc_lidar) StderrLine: {'line': b'      |                                                                                  \x1b[01;35m\x1b[Kint\x1b[m\x1b[K                         \x1b[32m\x1b[Ksize_t {aka long unsigned int}\x1b[m\x1b[K\n'}
[3.408311] (cspc_lidar) StderrLine: {'line': b'      |                                                                                 \x1b[32m\x1b[K%ld\x1b[m\x1b[K\n'}
[3.408388] (cspc_lidar) StderrLine: {'line': b'\x1b[01m\x1b[K/home/meng/mDetectRobot/turtlebot3_ws/src/cspc_lidar/sdk/node_lidar.cpp:205:92:\x1b[m\x1b[K \x1b[01;35m\x1b[Kwarning: \x1b[m\x1b[Kformat \xe2\x80\x98\x1b[01m\x1b[K%lld\x1b[m\x1b[K\xe2\x80\x99 expects argument of type \xe2\x80\x98\x1b[01m\x1b[Klong long int\x1b[m\x1b[K\xe2\x80\x99, but argument 3 has type \xe2\x80\x98\x1b[01m\x1b[Kint64_t\x1b[m\x1b[K\xe2\x80\x99 {aka \xe2\x80\x98\x1b[01m\x1b[Klong int\x1b[m\x1b[K\xe2\x80\x99} [\x1b[01;35m\x1b[K\x1b]8;;https://gcc.gnu.org/onlinedocs/gcc/Warning-Options.html#index-Wformat=\x07-Wformat=\x1b]8;;\x07\x1b[m\x1b[K]\n'}
[3.408472] (cspc_lidar) StderrLine: {'line': b'  205 |                                                         printf("full----- count=%d,time=\x1b[01;35m\x1b[K%lld\x1b[m\x1b[K,frequence=%d\\n",scan_count,\x1b[32m\x1b[Kcurrent_times()\x1b[m\x1b[K,local_scan[0].scan_frequence);\n'}
[3.408545] (cspc_lidar) StderrLine: {'line': b'      |                                                                                         \x1b[01;35m\x1b[K~~~^\x1b[m\x1b[K                            \x1b[32m\x1b[K~~~~~~~~~~~~~~~\x1b[m\x1b[K\n'}
[3.408627] (cspc_lidar) StderrLine: {'line': b'      |                                                                                            \x1b[01;35m\x1b[K|\x1b[m\x1b[K                                         \x1b[32m\x1b[K|\x1b[m\x1b[K\n'}
[3.408700] (cspc_lidar) StderrLine: {'line': b'      |                                                                                            \x1b[01;35m\x1b[Klong long int\x1b[m\x1b[K                             \x1b[32m\x1b[Kint64_t {aka long int}\x1b[m\x1b[K\n'}
[3.408772] (cspc_lidar) StderrLine: {'line': b'      |                                                                                         \x1b[32m\x1b[K%ld\x1b[m\x1b[K\n'}
[3.408843] (cspc_lidar) StderrLine: {'line': b'\x1b[01m\x1b[K/home/meng/mDetectRobot/turtlebot3_ws/src/cspc_lidar/sdk/node_lidar.cpp:\x1b[m\x1b[K In function \xe2\x80\x98\x1b[01m\x1b[Kvoid send_lidar_data(LaserScan&)\x1b[m\x1b[K\xe2\x80\x99:\n'}
[3.408920] (cspc_lidar) StderrLine: {'line': b'\x1b[01m\x1b[K/home/meng/mDetectRobot/turtlebot3_ws/src/cspc_lidar/sdk/node_lidar.cpp:311:43:\x1b[m\x1b[K \x1b[01;35m\x1b[Kwarning: \x1b[m\x1b[Kcomparison of integer expressions of different signedness: \xe2\x80\x98\x1b[01m\x1b[Kint\x1b[m\x1b[K\xe2\x80\x99 and \xe2\x80\x98\x1b[01m\x1b[Ksize_t\x1b[m\x1b[K\xe2\x80\x99 {aka \xe2\x80\x98\x1b[01m\x1b[Klong unsigned int\x1b[m\x1b[K\xe2\x80\x99} [\x1b[01;35m\x1b[K\x1b]8;;https://gcc.gnu.org/onlinedocs/gcc/Warning-Options.html#index-Wsign-compare\x07-Wsign-compare\x1b]8;;\x07\x1b[m\x1b[K]\n'}
[3.408995] (cspc_lidar) StderrLine: {'line': b'  311 |                         for (int i = 0; \x1b[01;35m\x1b[Ki < count\x1b[m\x1b[K; i++)\n'}
[3.409067] (cspc_lidar) StderrLine: {'line': b'      |                                         \x1b[01;35m\x1b[K~~^~~~~~~\x1b[m\x1b[K\n'}
[3.451186] (cspc_lidar) StderrLine: {'line': b'\x1b[01m\x1b[K/home/meng/mDetectRobot/turtlebot3_ws/src/cspc_lidar/sdk/calibration.cpp:\x1b[m\x1b[K In function \xe2\x80\x98\x1b[01m\x1b[Kvoid pcloud_build_by_scan(LaserScan&, pcloud_t&)\x1b[m\x1b[K\xe2\x80\x99:\n'}
[3.451331] (cspc_lidar) StderrLine: {'line': b'\x1b[01m\x1b[K/home/meng/mDetectRobot/turtlebot3_ws/src/cspc_lidar/sdk/calibration.cpp:44:21:\x1b[m\x1b[K \x1b[01;35m\x1b[Kwarning: \x1b[m\x1b[Kcomparison of integer expressions of different signedness: \xe2\x80\x98\x1b[01m\x1b[Kint\x1b[m\x1b[K\xe2\x80\x99 and \xe2\x80\x98\x1b[01m\x1b[Kstd::vector<LaserPoint>::size_type\x1b[m\x1b[K\xe2\x80\x99 {aka \xe2\x80\x98\x1b[01m\x1b[Klong unsigned int\x1b[m\x1b[K\xe2\x80\x99} [\x1b[01;35m\x1b[K\x1b]8;;https://gcc.gnu.org/onlinedocs/gcc/Warning-Options.html#index-Wsign-compare\x07-Wsign-compare\x1b]8;;\x07\x1b[m\x1b[K]\n'}
[3.451446] (cspc_lidar) StderrLine: {'line': b'   44 |   for (int i = 0; \x1b[01;35m\x1b[Ki < outscan.points.size()\x1b[m\x1b[K; i++)\n'}
[3.451526] (cspc_lidar) StderrLine: {'line': b'      |                   \x1b[01;35m\x1b[K~~^~~~~~~~~~~~~~~~~~~~~~~\x1b[m\x1b[K\n'}
[3.451603] (cspc_lidar) StderrLine: {'line': b'\x1b[01m\x1b[K/home/meng/mDetectRobot/turtlebot3_ws/src/cspc_lidar/sdk/calibration.cpp:46:11:\x1b[m\x1b[K \x1b[01;35m\x1b[Kwarning: \x1b[m\x1b[K\xe2\x80\x98\x1b[01m\x1b[Kvoid* memset(void*, int, size_t)\x1b[m\x1b[K\xe2\x80\x99 clearing an object of non-trivial type \xe2\x80\x98\x1b[01m\x1b[Kpoint_t\x1b[m\x1b[K\xe2\x80\x99 {aka \xe2\x80\x98\x1b[01m\x1b[Kstruct _point_\x1b[m\x1b[K\xe2\x80\x99}; use assignment or value-initialization instead [\x1b[01;35m\x1b[K\x1b]8;;https://gcc.gnu.org/onlinedocs/gcc/Warning-Options.html#index-Wclass-memaccess\x07-Wclass-memaccess\x1b]8;;\x07\x1b[m\x1b[K]\n'}
[3.451801] (cspc_lidar) StderrLine: {'line': b'   46 |     \x1b[01;35m\x1b[Kmemset(&point, 0, sizeof(point_t))\x1b[m\x1b[K;\n'}
[3.451905] (cspc_lidar) StderrLine: {'line': b'      |     \x1b[01;35m\x1b[K~~~~~~^~~~~~~~~~~~~~~~~~~~~~~~~~~~\x1b[m\x1b[K\n'}
[3.451987] (cspc_lidar) StderrLine: {'line': b'In file included from \x1b[01m\x1b[K/home/meng/mDetectRobot/turtlebot3_ws/src/cspc_lidar/sdk/calibration.cpp:8\x1b[m\x1b[K:\n'}
[3.452104] (cspc_lidar) StderrLine: {'line': b'\x1b[01m\x1b[K/home/meng/mDetectRobot/turtlebot3_ws/src/cspc_lidar/sdk/calibration.h:52:16:\x1b[m\x1b[K \x1b[01;36m\x1b[Knote: \x1b[m\x1b[K\xe2\x80\x98\x1b[01m\x1b[Kpoint_t\x1b[m\x1b[K\xe2\x80\x99 {aka \xe2\x80\x98\x1b[01m\x1b[Kstruct _point_\x1b[m\x1b[K\xe2\x80\x99} declared here\n'}
[3.452189] (cspc_lidar) StderrLine: {'line': b'   52 | typedef struct \x1b[01;36m\x1b[K_point_\x1b[m\x1b[K\n'}
[3.452297] (cspc_lidar) StderrLine: {'line': b'      |                \x1b[01;36m\x1b[K^~~~~~~\x1b[m\x1b[K\n'}
[3.452375] (cspc_lidar) StderrLine: {'line': b'\x1b[01m\x1b[K/home/meng/mDetectRobot/turtlebot3_ws/src/cspc_lidar/sdk/calibration.cpp:\x1b[m\x1b[K In function \xe2\x80\x98\x1b[01m\x1b[Kint find_index(point_t, pcloud_t&)\x1b[m\x1b[K\xe2\x80\x99:\n'}
[3.452456] (cspc_lidar) StderrLine: {'line': b'\x1b[01m\x1b[K/home/meng/mDetectRobot/turtlebot3_ws/src/cspc_lidar/sdk/calibration.cpp:105:9:\x1b[m\x1b[K \x1b[01;35m\x1b[Kwarning: \x1b[m\x1b[K\xe2\x80\x98\x1b[01m\x1b[Kvoid* memset(void*, int, size_t)\x1b[m\x1b[K\xe2\x80\x99 clearing an object of non-trivial type \xe2\x80\x98\x1b[01m\x1b[Kpoint_t\x1b[m\x1b[K\xe2\x80\x99 {aka \xe2\x80\x98\x1b[01m\x1b[Kstruct _point_\x1b[m\x1b[K\xe2\x80\x99}; use assignment or value-initialization instead [\x1b[01;35m\x1b[K\x1b]8;;https://gcc.gnu.org/onlinedocs/gcc/Warning-Options.html#index-Wclass-memaccess\x07-Wclass-memaccess\x1b]8;;\x07\x1b[m\x1b[K]\n'}
[3.452544] (cspc_lidar) StderrLine: {'line': b'  105 |   \x1b[01;35m\x1b[Kmemset(&point_min, 0, sizeof(point_t))\x1b[m\x1b[K;\n'}
[3.452616] (cspc_lidar) StderrLine: {'line': b'      |   \x1b[01;35m\x1b[K~~~~~~^~~~~~~~~~~~~~~~~~~~~~~~~~~~~~~~\x1b[m\x1b[K\n'}
[3.452688] (cspc_lidar) StderrLine: {'line': b'In file included from \x1b[01m\x1b[K/home/meng/mDetectRobot/turtlebot3_ws/src/cspc_lidar/sdk/calibration.cpp:8\x1b[m\x1b[K:\n'}
[3.452759] (cspc_lidar) StderrLine: {'line': b'\x1b[01m\x1b[K/home/meng/mDetectRobot/turtlebot3_ws/src/cspc_lidar/sdk/calibration.h:52:16:\x1b[m\x1b[K \x1b[01;36m\x1b[Knote: \x1b[m\x1b[K\xe2\x80\x98\x1b[01m\x1b[Kpoint_t\x1b[m\x1b[K\xe2\x80\x99 {aka \xe2\x80\x98\x1b[01m\x1b[Kstruct _point_\x1b[m\x1b[K\xe2\x80\x99} declared here\n'}
[3.452830] (cspc_lidar) StderrLine: {'line': b'   52 | typedef struct \x1b[01;36m\x1b[K_point_\x1b[m\x1b[K\n'}
[3.452911] (cspc_lidar) StderrLine: {'line': b'      |                \x1b[01;36m\x1b[K^~~~~~~\x1b[m\x1b[K\n'}
[3.452985] (cspc_lidar) StderrLine: {'line': b'\x1b[01m\x1b[K/home/meng/mDetectRobot/turtlebot3_ws/src/cspc_lidar/sdk/calibration.cpp:124:23:\x1b[m\x1b[K \x1b[01;35m\x1b[Kwarning: \x1b[m\x1b[Kcomparison of integer expressions of different signedness: \xe2\x80\x98\x1b[01m\x1b[Kint\x1b[m\x1b[K\xe2\x80\x99 and \xe2\x80\x98\x1b[01m\x1b[Kstd::vector<_point_>::size_type\x1b[m\x1b[K\xe2\x80\x99 {aka \xe2\x80\x98\x1b[01m\x1b[Klong unsigned int\x1b[m\x1b[K\xe2\x80\x99} [\x1b[01;35m\x1b[K\x1b]8;;https://gcc.gnu.org/onlinedocs/gcc/Warning-Options.html#index-Wsign-compare\x07-Wsign-compare\x1b]8;;\x07\x1b[m\x1b[K]\n'}
[3.453070] (cspc_lidar) StderrLine: {'line': b'  124 |   if (\x1b[01;35m\x1b[Kpoint_min.index > pcloud.data.size()\x1b[m\x1b[K)\n'}
[3.453143] (cspc_lidar) StderrLine: {'line': b'      |       \x1b[01;35m\x1b[K~~~~~~~~~~~~~~~~^~~~~~~~~~~~~~~~~~~~\x1b[m\x1b[K\n'}
[3.453214] (cspc_lidar) StderrLine: {'line': b'\x1b[01m\x1b[K/home/meng/mDetectRobot/turtlebot3_ws/src/cspc_lidar/sdk/calibration.cpp:\x1b[m\x1b[K In function \xe2\x80\x98\x1b[01m\x1b[Kbool intersect(LineSegment, LineSegment, Vector2D&)\x1b[m\x1b[K\xe2\x80\x99:\n'}
[3.453288] (cspc_lidar) StderrLine: {'line': b'\x1b[01m\x1b[K/home/meng/mDetectRobot/turtlebot3_ws/src/cspc_lidar/sdk/calibration.cpp:167:10:\x1b[m\x1b[K \x1b[01;35m\x1b[Kwarning: \x1b[m\x1b[Kunused variable \xe2\x80\x98\x1b[01m\x1b[Kcross1\x1b[m\x1b[K\xe2\x80\x99 [\x1b[01;35m\x1b[K\x1b]8;;https://gcc.gnu.org/onlinedocs/gcc/Warning-Options.html#index-Wunused-variable\x07-Wunused-variable\x1b]8;;\x07\x1b[m\x1b[K]\n'}
[3.453372] (cspc_lidar) StderrLine: {'line': b'  167 |   double \x1b[01;35m\x1b[Kcross1\x1b[m\x1b[K = position1.x * direction1.y - position1.y * direction1.x;\n'}
[3.453453] (cspc_lidar) StderrLine: {'line': b'      |          \x1b[01;35m\x1b[K^~~~~~\x1b[m\x1b[K\n'}
[3.455070] (cspc_lidar) StderrLine: {'line': b'\x1b[01m\x1b[K/home/meng/mDetectRobot/turtlebot3_ws/src/cspc_lidar/sdk/calibration.cpp:\x1b[m\x1b[K In function \xe2\x80\x98\x1b[01m\x1b[Kdouble pointToLineDist(point_t, double, double)\x1b[m\x1b[K\xe2\x80\x99:\n'}
[3.455258] (cspc_lidar) StderrLine: {'line': b'\x1b[01m\x1b[K/home/meng/mDetectRobot/turtlebot3_ws/src/cspc_lidar/sdk/calibration.cpp:439:10:\x1b[m\x1b[K \x1b[01;35m\x1b[Kwarning: \x1b[m\x1b[Kunused variable \xe2\x80\x98\x1b[01m\x1b[Ky0\x1b[m\x1b[K\xe2\x80\x99 [\x1b[01;35m\x1b[K\x1b]8;;https://gcc.gnu.org/onlinedocs/gcc/Warning-Options.html#index-Wunused-variable\x07-Wunused-variable\x1b]8;;\x07\x1b[m\x1b[K]\n'}
[3.455362] (cspc_lidar) StderrLine: {'line': b'  439 |   double \x1b[01;35m\x1b[Ky0\x1b[m\x1b[K = k * x0 + b;\n'}
[3.455455] (cspc_lidar) StderrLine: {'line': b'      |          \x1b[01;35m\x1b[K^~\x1b[m\x1b[K\n'}
[3.455532] (cspc_lidar) StderrLine: {'line': b'\x1b[01m\x1b[K/home/meng/mDetectRobot/turtlebot3_ws/src/cspc_lidar/sdk/calibration.cpp:\x1b[m\x1b[K In function \xe2\x80\x98\x1b[01m\x1b[Kbool line_judgment(std::vector<_point_>, point_t)\x1b[m\x1b[K\xe2\x80\x99:\n'}
[3.455607] (cspc_lidar) StderrLine: {'line': b'\x1b[01m\x1b[K/home/meng/mDetectRobot/turtlebot3_ws/src/cspc_lidar/sdk/calibration.cpp:462:19:\x1b[m\x1b[K \x1b[01;35m\x1b[Kwarning: \x1b[m\x1b[Kcomparison of integer expressions of different signedness: \xe2\x80\x98\x1b[01m\x1b[Kstd::vector<_point_>::size_type\x1b[m\x1b[K\xe2\x80\x99 {aka \xe2\x80\x98\x1b[01m\x1b[Klong unsigned int\x1b[m\x1b[K\xe2\x80\x99} and \xe2\x80\x98\x1b[01m\x1b[Kint\x1b[m\x1b[K\xe2\x80\x99 [\x1b[01;35m\x1b[K\x1b]8;;https://gcc.gnu.org/onlinedocs/gcc/Warning-Options.html#index-Wsign-compare\x07-Wsign-compare\x1b]8;;\x07\x1b[m\x1b[K]\n'}
[3.455692] (cspc_lidar) StderrLine: {'line': b'  462 |   if (\x1b[01;35m\x1b[Kline.size() <= reference\x1b[m\x1b[K)\n'}
[3.455767] (cspc_lidar) StderrLine: {'line': b'      |       \x1b[01;35m\x1b[K~~~~~~~~~~~~^~~~~~~~~~~~\x1b[m\x1b[K\n'}
[3.455841] (cspc_lidar) StderrLine: {'line': b'\x1b[01m\x1b[K/home/meng/mDetectRobot/turtlebot3_ws/src/cspc_lidar/sdk/calibration.cpp:467:19:\x1b[m\x1b[K \x1b[01;35m\x1b[Kwarning: \x1b[m\x1b[Kcomparison of integer expressions of different signedness: \xe2\x80\x98\x1b[01m\x1b[Kstd::vector<_point_>::size_type\x1b[m\x1b[K\xe2\x80\x99 {aka \xe2\x80\x98\x1b[01m\x1b[Klong unsigned int\x1b[m\x1b[K\xe2\x80\x99} and \xe2\x80\x98\x1b[01m\x1b[Kint\x1b[m\x1b[K\xe2\x80\x99 [\x1b[01;35m\x1b[K\x1b]8;;https://gcc.gnu.org/onlinedocs/gcc/Warning-Options.html#index-Wsign-compare\x07-Wsign-compare\x1b]8;;\x07\x1b[m\x1b[K]\n'}
[3.455924] (cspc_lidar) StderrLine: {'line': b'  467 |   if (\x1b[01;35m\x1b[Kline.size() <= reference\x1b[m\x1b[K)\n'}
[3.455996] (cspc_lidar) StderrLine: {'line': b'      |       \x1b[01;35m\x1b[K~~~~~~~~~~~~^~~~~~~~~~~~\x1b[m\x1b[K\n'}
[3.456070] (cspc_lidar) StderrLine: {'line': b'\x1b[01m\x1b[K/home/meng/mDetectRobot/turtlebot3_ws/src/cspc_lidar/sdk/calibration.cpp:471:23:\x1b[m\x1b[K \x1b[01;35m\x1b[Kwarning: \x1b[m\x1b[Kcomparison of integer expressions of different signedness: \xe2\x80\x98\x1b[01m\x1b[Kint\x1b[m\x1b[K\xe2\x80\x99 and \xe2\x80\x98\x1b[01m\x1b[Kstd::vector<_point_>::size_type\x1b[m\x1b[K\xe2\x80\x99 {aka \xe2\x80\x98\x1b[01m\x1b[Klong unsigned int\x1b[m\x1b[K\xe2\x80\x99} [\x1b[01;35m\x1b[K\x1b]8;;https://gcc.gnu.org/onlinedocs/gcc/Warning-Options.html#index-Wsign-compare\x07-Wsign-compare\x1b]8;;\x07\x1b[m\x1b[K]\n'}
[3.456145] (cspc_lidar) StderrLine: {'line': b'  471 |     for (int i = 1; \x1b[01;35m\x1b[Ki < line.size() - 1\x1b[m\x1b[K; i++)\n'}
[3.456218] (cspc_lidar) StderrLine: {'line': b'      |                     \x1b[01;35m\x1b[K~~^~~~~~~~~~~~~~~~~\x1b[m\x1b[K\n'}
[3.457706] (cspc_lidar) StderrLine: {'line': b'\x1b[01m\x1b[K/home/meng/mDetectRobot/turtlebot3_ws/src/cspc_lidar/sdk/calibration.cpp:\x1b[m\x1b[K In function \xe2\x80\x98\x1b[01m\x1b[Kvoid fitting_line(pcloud_t&)\x1b[m\x1b[K\xe2\x80\x99:\n'}
[3.457797] (cspc_lidar) StderrLine: {'line': b'\x1b[01m\x1b[K/home/meng/mDetectRobot/turtlebot3_ws/src/cspc_lidar/sdk/calibration.cpp:542:25:\x1b[m\x1b[K \x1b[01;35m\x1b[Kwarning: \x1b[m\x1b[Kcomparison of integer expressions of different signedness: \xe2\x80\x98\x1b[01m\x1b[Kstd::vector<_point_>::size_type\x1b[m\x1b[K\xe2\x80\x99 {aka \xe2\x80\x98\x1b[01m\x1b[Klong unsigned int\x1b[m\x1b[K\xe2\x80\x99} and \xe2\x80\x98\x1b[01m\x1b[Kint\x1b[m\x1b[K\xe2\x80\x99 [\x1b[01;35m\x1b[K\x1b]8;;https://gcc.gnu.org/onlinedocs/gcc/Warning-Options.html#index-Wsign-compare\x07-Wsign-compare\x1b]8;;\x07\x1b[m\x1b[K]\n'}
[3.457961] (cspc_lidar) StderrLine: {'line': b'  542 |         if (\x1b[01;35m\x1b[Kline.size() >= calibration_params.line_judgment_point_num\x1b[m\x1b[K)\n'}
[3.458064] (cspc_lidar) StderrLine: {'line': b'      |             \x1b[01;35m\x1b[K~~~~~~~~~~~~^~~~~~~~~~~~~~~~~~~~~~~~~~~~~~~~~~~~~~~~~~~~~\x1b[m\x1b[K\n'}
[3.458168] (cspc_lidar) StderrLine: {'line': b'\x1b[01m\x1b[K/home/meng/mDetectRobot/turtlebot3_ws/src/cspc_lidar/sdk/calibration.cpp:560:63:\x1b[m\x1b[K \x1b[01;35m\x1b[Kwarning: \x1b[m\x1b[Kcomparison of integer expressions of different signedness: \xe2\x80\x98\x1b[01m\x1b[Kstd::vector<_point_>::size_type\x1b[m\x1b[K\xe2\x80\x99 {aka \xe2\x80\x98\x1b[01m\x1b[Klong unsigned int\x1b[m\x1b[K\xe2\x80\x99} and \xe2\x80\x98\x1b[01m\x1b[Kint\x1b[m\x1b[K\xe2\x80\x99 [\x1b[01;35m\x1b[K\x1b]8;;https://gcc.gnu.org/onlinedocs/gcc/Warning-Options.html#index-Wsign-compare\x07-Wsign-compare\x1b]8;;\x07\x1b[m\x1b[K]\n'}
[3.458275] (cspc_lidar) StderrLine: {'line': b'  560 |         if(point.index == point_last_one.index && \x1b[01;35m\x1b[Kline.size() >= calibration_params.line_judgment_point_num\x1b[m\x1b[K)\n'}
[3.458350] (cspc_lidar) StderrLine: {'line': b'      |                                                   \x1b[01;35m\x1b[K~~~~~~~~~~~~^~~~~~~~~~~~~~~~~~~~~~~~~~~~~~~~~~~~~~~~~~~~~\x1b[m\x1b[K\n'}
[3.458460] (cspc_lidar) StderrLine: {'line': b'\x1b[01m\x1b[K/home/meng/mDetectRobot/turtlebot3_ws/src/cspc_lidar/sdk/calibration.cpp:571:26:\x1b[m\x1b[K \x1b[01;35m\x1b[Kwarning: \x1b[m\x1b[Kcomparison of integer expressions of different signedness: \xe2\x80\x98\x1b[01m\x1b[Kint\x1b[m\x1b[K\xe2\x80\x99 and \xe2\x80\x98\x1b[01m\x1b[Kstd::vector<_point_>::size_type\x1b[m\x1b[K\xe2\x80\x99 {aka \xe2\x80\x98\x1b[01m\x1b[Klong unsigned int\x1b[m\x1b[K\xe2\x80\x99} [\x1b[01;35m\x1b[K\x1b]8;;https://gcc.gnu.org/onlinedocs/gcc/Warning-Options.html#index-Wsign-compare\x07-Wsign-compare\x1b]8;;\x07\x1b[m\x1b[K]\n'}
[3.458539] (cspc_lidar) StderrLine: {'line': b'  571 |   if(\x1b[01;35m\x1b[Kpoint_record2.index < pcloud.data.size()\x1b[m\x1b[K\n'}
[3.458611] (cspc_lidar) StderrLine: {'line': b'      |      \x1b[01;35m\x1b[K~~~~~~~~~~~~~~~~~~~~^~~~~~~~~~~~~~~~~~~~\x1b[m\x1b[K\n'}
[3.458682] (cspc_lidar) StderrLine: {'line': b'\x1b[01m\x1b[K/home/meng/mDetectRobot/turtlebot3_ws/src/cspc_lidar/sdk/calibration.cpp:572:28:\x1b[m\x1b[K \x1b[01;35m\x1b[Kwarning: \x1b[m\x1b[Kcomparison of integer expressions of different signedness: \xe2\x80\x98\x1b[01m\x1b[Kint\x1b[m\x1b[K\xe2\x80\x99 and \xe2\x80\x98\x1b[01m\x1b[Kstd::vector<_point_>::size_type\x1b[m\x1b[K\xe2\x80\x99 {aka \xe2\x80\x98\x1b[01m\x1b[Klong unsigned int\x1b[m\x1b[K\xe2\x80\x99} [\x1b[01;35m\x1b[K\x1b]8;;https://gcc.gnu.org/onlinedocs/gcc/Warning-Options.html#index-Wsign-compare\x07-Wsign-compare\x1b]8;;\x07\x1b[m\x1b[K]\n'}
[3.458763] (cspc_lidar) StderrLine: {'line': b'  572 |   &&  \x1b[01;35m\x1b[Kpoint_last_one.index < pcloud.data.size()\x1b[m\x1b[K\n'}
[3.458835] (cspc_lidar) StderrLine: {'line': b'      |       \x1b[01;35m\x1b[K~~~~~~~~~~~~~~~~~~~~~^~~~~~~~~~~~~~~~~~~~\x1b[m\x1b[K\n'}
[3.458912] (cspc_lidar) StderrLine: {'line': b'\x1b[01m\x1b[K/home/meng/mDetectRobot/turtlebot3_ws/src/cspc_lidar/sdk/calibration.cpp:573:27:\x1b[m\x1b[K \x1b[01;35m\x1b[Kwarning: \x1b[m\x1b[Kcomparison of integer expressions of different signedness: \xe2\x80\x98\x1b[01m\x1b[Kint\x1b[m\x1b[K\xe2\x80\x99 and \xe2\x80\x98\x1b[01m\x1b[Kstd::vector<_point_>::size_type\x1b[m\x1b[K\xe2\x80\x99 {aka \xe2\x80\x98\x1b[01m\x1b[Klong unsigned int\x1b[m\x1b[K\xe2\x80\x99} [\x1b[01;35m\x1b[K\x1b]8;;https://gcc.gnu.org/onlinedocs/gcc/Warning-Options.html#index-Wsign-compare\x07-Wsign-compare\x1b]8;;\x07\x1b[m\x1b[K]\n'}
[3.458988] (cspc_lidar) StderrLine: {'line': b'  573 |   &&  \x1b[01;35m\x1b[Kpoint_record1.index < pcloud.data.size()\x1b[m\x1b[K)\n'}
[3.459061] (cspc_lidar) StderrLine: {'line': b'      |       \x1b[01;35m\x1b[K~~~~~~~~~~~~~~~~~~~~^~~~~~~~~~~~~~~~~~~~\x1b[m\x1b[K\n'}
[3.459133] (cspc_lidar) StderrLine: {'line': b'\x1b[01m\x1b[K/home/meng/mDetectRobot/turtlebot3_ws/src/cspc_lidar/sdk/calibration.cpp:597:28:\x1b[m\x1b[K \x1b[01;35m\x1b[Kwarning: \x1b[m\x1b[Kcomparison of integer expressions of different signedness: \xe2\x80\x98\x1b[01m\x1b[Kstd::vector<_point_>::size_type\x1b[m\x1b[K\xe2\x80\x99 {aka \xe2\x80\x98\x1b[01m\x1b[Klong unsigned int\x1b[m\x1b[K\xe2\x80\x99} and \xe2\x80\x98\x1b[01m\x1b[Kint\x1b[m\x1b[K\xe2\x80\x99 [\x1b[01;35m\x1b[K\x1b]8;;https://gcc.gnu.org/onlinedocs/gcc/Warning-Options.html#index-Wsign-compare\x07-Wsign-compare\x1b]8;;\x07\x1b[m\x1b[K]\n'}
[3.459213] (cspc_lidar) StderrLine: {'line': b'  597 |     if (\x1b[01;35m\x1b[Kline_append.size() >= calibration_params.line_judgment_point_num\x1b[m\x1b[K)\n'}
[3.459285] (cspc_lidar) StderrLine: {'line': b'      |         \x1b[01;35m\x1b[K~~~~~~~~~~~~~~~~~~~^~~~~~~~~~~~~~~~~~~~~~~~~~~~~~~~~~~~~~~~~~~~~\x1b[m\x1b[K\n'}
[3.459415] (cspc_lidar) StderrLine: {'line': b'\x1b[01m\x1b[K/home/meng/mDetectRobot/turtlebot3_ws/src/cspc_lidar/sdk/calibration.cpp:606:29:\x1b[m\x1b[K \x1b[01;35m\x1b[Kwarning: \x1b[m\x1b[Kcomparison of integer expressions of different signedness: \xe2\x80\x98\x1b[01m\x1b[Kstd::vector<_point_>::size_type\x1b[m\x1b[K\xe2\x80\x99 {aka \xe2\x80\x98\x1b[01m\x1b[Klong unsigned int\x1b[m\x1b[K\xe2\x80\x99} and \xe2\x80\x98\x1b[01m\x1b[Kint\x1b[m\x1b[K\xe2\x80\x99 [\x1b[01;35m\x1b[K\x1b]8;;https://gcc.gnu.org/onlinedocs/gcc/Warning-Options.html#index-Wsign-compare\x07-Wsign-compare\x1b]8;;\x07\x1b[m\x1b[K]\n'}
[3.459493] (cspc_lidar) StderrLine: {'line': b'  606 |             if (\x1b[01;35m\x1b[Kline.size() >= calibration_params.line_judgment_point_num\x1b[m\x1b[K)\n'}
[3.459564] (cspc_lidar) StderrLine: {'line': b'      |                 \x1b[01;35m\x1b[K~~~~~~~~~~~~^~~~~~~~~~~~~~~~~~~~~~~~~~~~~~~~~~~~~~~~~~~~~\x1b[m\x1b[K\n'}
[3.459636] (cspc_lidar) StderrLine: {'line': b'\x1b[01m\x1b[K/home/meng/mDetectRobot/turtlebot3_ws/src/cspc_lidar/sdk/calibration.cpp:617:68:\x1b[m\x1b[K \x1b[01;35m\x1b[Kwarning: \x1b[m\x1b[Kcomparison of integer expressions of different signedness: \xe2\x80\x98\x1b[01m\x1b[Kstd::vector<_point_>::size_type\x1b[m\x1b[K\xe2\x80\x99 {aka \xe2\x80\x98\x1b[01m\x1b[Klong unsigned int\x1b[m\x1b[K\xe2\x80\x99} and \xe2\x80\x98\x1b[01m\x1b[Kint\x1b[m\x1b[K\xe2\x80\x99 [\x1b[01;35m\x1b[K\x1b]8;;https://gcc.gnu.org/onlinedocs/gcc/Warning-Options.html#index-Wsign-compare\x07-Wsign-compare\x1b]8;;\x07\x1b[m\x1b[K]\n'}
[3.459715] (cspc_lidar) StderrLine: {'line': b'  617 |           if(point.index == point_append_last.index && \x1b[01;35m\x1b[Kline.size() >= calibration_params.line_judgment_point_num\x1b[m\x1b[K)\n'}
[3.459788] (cspc_lidar) StderrLine: {'line': b'      |                                                        \x1b[01;35m\x1b[K~~~~~~~~~~~~^~~~~~~~~~~~~~~~~~~~~~~~~~~~~~~~~~~~~~~~~~~~~\x1b[m\x1b[K\n'}
[3.459860] (cspc_lidar) StderrLine: {'line': b'\x1b[01m\x1b[K/home/meng/mDetectRobot/turtlebot3_ws/src/cspc_lidar/sdk/calibration.cpp:632:23:\x1b[m\x1b[K \x1b[01;35m\x1b[Kwarning: \x1b[m\x1b[Kcomparison of integer expressions of different signedness: \xe2\x80\x98\x1b[01m\x1b[Kint\x1b[m\x1b[K\xe2\x80\x99 and \xe2\x80\x98\x1b[01m\x1b[Kstd::vector<std::vector<_point_> >::size_type\x1b[m\x1b[K\xe2\x80\x99 {aka \xe2\x80\x98\x1b[01m\x1b[Klong unsigned int\x1b[m\x1b[K\xe2\x80\x99} [\x1b[01;35m\x1b[K\x1b]8;;https://gcc.gnu.org/onlinedocs/gcc/Warning-Options.html#index-Wsign-compare\x07-Wsign-compare\x1b]8;;\x07\x1b[m\x1b[K]\n'}
[3.459934] (cspc_lidar) StderrLine: {'line': b'  632 |     for (int i = 0; \x1b[01;35m\x1b[Ki < lines.size() - 1\x1b[m\x1b[K; i++)\n'}
[3.460005] (cspc_lidar) StderrLine: {'line': b'      |                     \x1b[01;35m\x1b[K~~^~~~~~~~~~~~~~~~~~\x1b[m\x1b[K\n'}
[3.460076] (cspc_lidar) StderrLine: {'line': b'\x1b[01m\x1b[K/home/meng/mDetectRobot/turtlebot3_ws/src/cspc_lidar/sdk/calibration.cpp:\x1b[m\x1b[K In function \xe2\x80\x98\x1b[01m\x1b[Kvoid lidar_calibration(LaserScan&)\x1b[m\x1b[K\xe2\x80\x99:\n'}
[3.460148] (cspc_lidar) StderrLine: {'line': b'\x1b[01m\x1b[K/home/meng/mDetectRobot/turtlebot3_ws/src/cspc_lidar/sdk/calibration.cpp:662:11:\x1b[m\x1b[K \x1b[01;35m\x1b[Kwarning: \x1b[m\x1b[K\xe2\x80\x98\x1b[01m\x1b[Kvoid* memset(void*, int, size_t)\x1b[m\x1b[K\xe2\x80\x99 clearing an object of type \xe2\x80\x98\x1b[01m\x1b[Kstruct LaserPoint\x1b[m\x1b[K\xe2\x80\x99 with no trivial copy-assignment; use assignment or value-initialization instead [\x1b[01;35m\x1b[K\x1b]8;;https://gcc.gnu.org/onlinedocs/gcc/Warning-Options.html#index-Wclass-memaccess\x07-Wclass-memaccess\x1b]8;;\x07\x1b[m\x1b[K]\n'}
[3.460234] (cspc_lidar) StderrLine: {'line': b'  662 |     \x1b[01;35m\x1b[Kmemset(&outscan_point, 0, sizeof(LaserPoint))\x1b[m\x1b[K;\n'}
[3.460305] (cspc_lidar) StderrLine: {'line': b'      |     \x1b[01;35m\x1b[K~~~~~~^~~~~~~~~~~~~~~~~~~~~~~~~~~~~~~~~~~~~~~\x1b[m\x1b[K\n'}
[3.460381] (cspc_lidar) StderrLine: {'line': b'In file included from \x1b[01m\x1b[K/home/meng/mDetectRobot/turtlebot3_ws/src/cspc_lidar/sdk/calibration.h:4\x1b[m\x1b[K,\n'}
[3.460466] (cspc_lidar) StderrLine: {'line': b'                 from \x1b[01m\x1b[K/home/meng/mDetectRobot/turtlebot3_ws/src/cspc_lidar/sdk/calibration.cpp:8\x1b[m\x1b[K:\n'}
[3.460539] (cspc_lidar) StderrLine: {'line': b'\x1b[01m\x1b[K/home/meng/mDetectRobot/turtlebot3_ws/src/cspc_lidar/sdk/lidar_information.h:210:8:\x1b[m\x1b[K \x1b[01;36m\x1b[Knote: \x1b[m\x1b[K\xe2\x80\x98\x1b[01m\x1b[Kstruct LaserPoint\x1b[m\x1b[K\xe2\x80\x99 declared here\n'}
[3.460613] (cspc_lidar) StderrLine: {'line': b'  210 | struct \x1b[01;36m\x1b[KLaserPoint\x1b[m\x1b[K\n'}
[3.460683] (cspc_lidar) StderrLine: {'line': b'      |        \x1b[01;36m\x1b[K^~~~~~~~~~\x1b[m\x1b[K\n'}
[3.478075] (cspc_lidar) StderrLine: {'line': b'\x1b[01m\x1b[K/home/meng/mDetectRobot/turtlebot3_ws/src/cspc_lidar/sdk/node_lidar.cpp:\x1b[m\x1b[K At global scope:\n'}
[3.478247] (cspc_lidar) StderrLine: {'line': b'\x1b[01m\x1b[K/home/meng/mDetectRobot/turtlebot3_ws/src/cspc_lidar/sdk/node_lidar.cpp:62:21:\x1b[m\x1b[K \x1b[01;35m\x1b[Kwarning: \x1b[m\x1b[K\xe2\x80\x98\x1b[01m\x1b[Kstatus_judge\x1b[m\x1b[K\xe2\x80\x99 defined but not used [\x1b[01;35m\x1b[K\x1b]8;;https://gcc.gnu.org/onlinedocs/gcc/Warning-Options.html#index-Wunused-variable\x07-Wunused-variable\x1b]8;;\x07\x1b[m\x1b[K]\n'}
[3.478326] (cspc_lidar) StderrLine: {'line': b'   62 |         static bool \x1b[01;35m\x1b[Kstatus_judge\x1b[m\x1b[K = false;     //Overall status judgment\n'}
[3.478406] (cspc_lidar) StderrLine: {'line': b'      |                     \x1b[01;35m\x1b[K^~~~~~~~~~~~\x1b[m\x1b[K\n'}
[3.506109] (-) TimerEvent: {}
[3.606533] (-) TimerEvent: {}
[3.706948] (-) TimerEvent: {}
[3.807248] (-) TimerEvent: {}
[3.907561] (-) TimerEvent: {}
[4.008022] (-) TimerEvent: {}
[4.108451] (-) TimerEvent: {}
[4.208878] (-) TimerEvent: {}
[4.309306] (-) TimerEvent: {}
[4.409753] (-) TimerEvent: {}
[4.510091] (-) TimerEvent: {}
[4.610402] (-) TimerEvent: {}
[4.710754] (-) TimerEvent: {}
[4.811146] (-) TimerEvent: {}
[4.911542] (-) TimerEvent: {}
[5.011790] (-) TimerEvent: {}
[5.112130] (-) TimerEvent: {}
[5.212473] (-) TimerEvent: {}
[5.312804] (-) TimerEvent: {}
[5.413138] (-) TimerEvent: {}
[5.513485] (-) TimerEvent: {}
[5.613723] (-) TimerEvent: {}
[5.714131] (-) TimerEvent: {}
[5.814482] (-) TimerEvent: {}
[5.914719] (-) TimerEvent: {}
[6.014950] (-) TimerEvent: {}
[6.115281] (-) TimerEvent: {}
[6.215523] (-) TimerEvent: {}
[6.315759] (-) TimerEvent: {}
[6.416125] (-) TimerEvent: {}
[6.516495] (-) TimerEvent: {}
[6.616725] (-) TimerEvent: {}
[6.717000] (-) TimerEvent: {}
[6.817349] (-) TimerEvent: {}
[6.917623] (-) TimerEvent: {}
[7.017895] (-) TimerEvent: {}
[7.118224] (-) TimerEvent: {}
[7.218529] (-) TimerEvent: {}
[7.318873] (-) TimerEvent: {}
[7.419201] (-) TimerEvent: {}
[7.519536] (-) TimerEvent: {}
[7.619871] (-) TimerEvent: {}
[7.720230] (-) TimerEvent: {}
[7.820598] (-) TimerEvent: {}
[7.920942] (-) TimerEvent: {}
[8.021200] (-) TimerEvent: {}
[8.121524] (-) TimerEvent: {}
[8.221771] (-) TimerEvent: {}
[8.322089] (-) TimerEvent: {}
[8.422346] (-) TimerEvent: {}
[8.522698] (-) TimerEvent: {}
[8.622942] (-) TimerEvent: {}
[8.723291] (-) TimerEvent: {}
[8.753221] (cspc_lidar) StdoutLine: {'line': b'[100%] \x1b[32m\x1b[1mLinking CXX executable cspc_lidar\x1b[0m\n'}
[8.823427] (-) TimerEvent: {}
[8.923663] (-) TimerEvent: {}
[9.023941] (-) TimerEvent: {}
[9.044976] (cspc_lidar) StdoutLine: {'line': b'[100%] Built target cspc_lidar\n'}
[9.056635] (cspc_lidar) CommandEnded: {'returncode': 0}
[9.057056] (cspc_lidar) JobProgress: {'identifier': 'cspc_lidar', 'progress': 'install'}
[9.064595] (cspc_lidar) Command: {'cmd': ['/usr/bin/cmake', '--install', '/home/meng/mDetectRobot/turtlebot3_ws/build/cspc_lidar'], 'cwd': '/home/meng/mDetectRobot/turtlebot3_ws/build/cspc_lidar', 'env': OrderedDict([('LESSOPEN', '| /usr/bin/lesspipe %s'), ('LANGUAGE', 'en_AU:en'), ('USER', 'meng'), ('XDG_SESSION_TYPE', 'wayland'), ('SHLVL', '1'), ('LD_LIBRARY_PATH', '/usr/lib/x86_64-linux-gnu/gazebo-11/plugins:/opt/ros/humble/opt/rviz_ogre_vendor/lib:/opt/ros/humble/lib/x86_64-linux-gnu:/opt/ros/humble/lib'), ('HOME', '/home/meng'), ('OLDPWD', '/home/meng/mDetectRobot/turtlebot3_ws'), ('DESKTOP_SESSION', 'ubuntu'), ('ROS_PYTHON_VERSION', '3'), ('GNOME_SHELL_SESSION_MODE', 'ubuntu'), ('GTK_MODULES', 'gail:atk-bridge'), ('SYSTEMD_EXEC_PID', '2993'), ('DBUS_SESSION_BUS_ADDRESS', 'unix:path=/run/user/1000/bus'), ('COLORTERM', 'truecolor'), ('_colcon_cd_root', '/opt/ros/humble/'), ('IM_CONFIG_PHASE', '1'), ('WAYLAND_DISPLAY', 'wayland-0'), ('COLCON_PREFIX_PATH', '/home/meng/mDetectRobot/turtlebot3_ws/install:/home/meng/mdetect_ws/install:/home/meng/ldlidar_ros2_ws/install'), ('ROS_DISTRO', 'humble'), ('LOGNAME', 'meng'), ('_', '/usr/bin/colcon'), ('ROS_VERSION', '2'), ('XDG_SESSION_CLASS', 'user'), ('USERNAME', 'meng'), ('TERM', 'xterm-256color'), ('GNOME_DESKTOP_SESSION_ID', 'this-is-deprecated'), ('ROS_LOCALHOST_ONLY', '0'), ('PATH', '/home/meng/mDetectRobot/turtlebot3_ws/install/arduino_bridge/bin:/opt/ros/humble/bin:/home/meng/.local/bin:/usr/local/sbin:/usr/local/bin:/usr/sbin:/usr/bin:/sbin:/bin:/usr/games:/usr/local/games:/snap/bin:/snap/bin'), ('SESSION_MANAGER', 'local/meng-Flow-Z13-GZ301VV:@/tmp/.ICE-unix/1508,unix/meng-Flow-Z13-GZ301VV:/tmp/.ICE-unix/1508'), ('XDG_MENU_PREFIX', 'gnome-'), ('GNOME_TERMINAL_SCREEN', '/org/gnome/Terminal/screen/39e6668d_c80b_46d9_8590_87d994dc84dd'), ('GNOME_SETUP_DISPLAY', ':1'), ('XDG_RUNTIME_DIR', '/run/user/1000'), ('DISPLAY', ':0'), ('LANG', 'en_US.UTF-8'), ('XDG_CURRENT_DESKTOP', 'ubuntu:GNOME'), ('RMW_IMPLEMENTATION', 'rmw_cyclonedds_cpp'), ('XMODIFIERS', '@im=ibus'), ('XDG_SESSION_DESKTOP', 'ubuntu'), ('XAUTHORITY', '/run/user/1000/.mutter-Xwaylandauth.W3NWR3'), ('LS_COLORS', 'rs=0:di=01;34:ln=01;36:mh=00:pi=40;33:so=01;35:do=01;35:bd=40;33;01:cd=40;33;01:or=40;31;01:mi=00:su=37;41:sg=30;43:ca=30;41:tw=30;42:ow=34;42:st=37;44:ex=01;32:*.tar=01;31:*.tgz=01;31:*.arc=01;31:*.arj=01;31:*.taz=01;31:*.lha=01;31:*.lz4=01;31:*.lzh=01;31:*.lzma=01;31:*.tlz=01;31:*.txz=01;31:*.tzo=01;31:*.t7z=01;31:*.zip=01;31:*.z=01;31:*.dz=01;31:*.gz=01;31:*.lrz=01;31:*.lz=01;31:*.lzo=01;31:*.xz=01;31:*.zst=01;31:*.tzst=01;31:*.bz2=01;31:*.bz=01;31:*.tbz=01;31:*.tbz2=01;31:*.tz=01;31:*.deb=01;31:*.rpm=01;31:*.jar=01;31:*.war=01;31:*.ear=01;31:*.sar=01;31:*.rar=01;31:*.alz=01;31:*.ace=01;31:*.zoo=01;31:*.cpio=01;31:*.7z=01;31:*.rz=01;31:*.cab=01;31:*.wim=01;31:*.swm=01;31:*.dwm=01;31:*.esd=01;31:*.jpg=01;35:*.jpeg=01;35:*.mjpg=01;35:*.mjpeg=01;35:*.gif=01;35:*.bmp=01;35:*.pbm=01;35:*.pgm=01;35:*.ppm=01;35:*.tga=01;35:*.xbm=01;35:*.xpm=01;35:*.tif=01;35:*.tiff=01;35:*.png=01;35:*.svg=01;35:*.svgz=01;35:*.mng=01;35:*.pcx=01;35:*.mov=01;35:*.mpg=01;35:*.mpeg=01;35:*.m2v=01;35:*.mkv=01;35:*.webm=01;35:*.webp=01;35:*.ogm=01;35:*.mp4=01;35:*.m4v=01;35:*.mp4v=01;35:*.vob=01;35:*.qt=01;35:*.nuv=01;35:*.wmv=01;35:*.asf=01;35:*.rm=01;35:*.rmvb=01;35:*.flc=01;35:*.avi=01;35:*.fli=01;35:*.flv=01;35:*.gl=01;35:*.dl=01;35:*.xcf=01;35:*.xwd=01;35:*.yuv=01;35:*.cgm=01;35:*.emf=01;35:*.ogv=01;35:*.ogx=01;35:*.aac=00;36:*.au=00;36:*.flac=00;36:*.m4a=00;36:*.mid=00;36:*.midi=00;36:*.mka=00;36:*.mp3=00;36:*.mpc=00;36:*.ogg=00;36:*.ra=00;36:*.wav=00;36:*.oga=00;36:*.opus=00;36:*.spx=00;36:*.xspf=00;36:'), ('GNOME_TERMINAL_SERVICE', ':1.111'), ('SSH_AGENT_LAUNCHER', 'gnome-keyring'), ('SSH_AUTH_SOCK', '/run/user/1000/keyring/ssh'), ('ROS_DOMAIN_ID', '30'), ('AMENT_PREFIX_PATH', '/home/meng/mDetectRobot/turtlebot3_ws/install/cspc_lidar:/home/meng/mDetectRobot/turtlebot3_ws/install/arduino_bridge:/home/meng/mdetect_ws/install/mdetect_navigation:/home/meng/mdetect_ws/install/mdetect_description:/home/meng/ldlidar_ros2_ws/install/ldlidar_ros2:/opt/ros/humble'), ('SHELL', '/bin/bash'), ('QT_ACCESSIBILITY', '1'), ('GDMSESSION', 'ubuntu'), ('LESSCLOSE', '/usr/bin/lesspipe %s %s'), ('QT_IM_MODULE', 'ibus'), ('PWD', '/home/meng/mDetectRobot/turtlebot3_ws/build/cspc_lidar'), ('TURTLEBOT3_MODEL', 'burger'), ('LC_ALL', 'en_US.UTF-8'), ('XDG_CONFIG_DIRS', '/etc/xdg/xdg-ubuntu:/etc/xdg'), ('GAZEBO_PLUGIN_PATH', '/home/meng/{your_ws}/build/turtlebot3_gazebo:/home/meng/{your_ws}/build/turtlebot3_gazebo:'), ('XDG_DATA_DIRS', '/usr/share/ubuntu:/usr/local/share/:/usr/share/:/var/lib/snapd/desktop'), ('PYTHONPATH', '/home/meng/mDetectRobot/turtlebot3_ws/install/arduino_bridge/lib/python3.10/site-packages:/home/meng/mdetect_ws/build/mdetect_navigation:/home/meng/mdetect_ws/install/mdetect_navigation/lib/python3.10/site-packages:/opt/ros/humble/lib/python3.10/site-packages:/opt/ros/humble/local/lib/python3.10/dist-packages'), ('COLCON', '1'), ('VTE_VERSION', '6800'), ('CMAKE_PREFIX_PATH', '/home/meng/mDetectRobot/turtlebot3_ws/install/cspc_lidar:/home/meng/mdetect_ws/install/mdetect_description:/home/meng/ldlidar_ros2_ws/install/ldlidar_ros2:/home/meng/mDetectRobot/turtlebot3_ws/install/arduino_bridge:/home/meng/mdetect_ws/install/mdetect_navigation:/opt/ros/humble')]), 'shell': False}
[9.073142] (cspc_lidar) StdoutLine: {'line': b'-- Install configuration: ""\n'}
[9.073263] (cspc_lidar) StdoutLine: {'line': b'-- Installing: /home/meng/mDetectRobot/turtlebot3_ws/install/cspc_lidar/lib/cspc_lidar/cspc_lidar\n'}
[9.076898] (cspc_lidar) StdoutLine: {'line': b'-- Set runtime path of "/home/meng/mDetectRobot/turtlebot3_ws/install/cspc_lidar/lib/cspc_lidar/cspc_lidar" to ""\n'}
[9.076948] (cspc_lidar) StdoutLine: {'line': b'-- Installing: /home/meng/mDetectRobot/turtlebot3_ws/install/cspc_lidar/share/cspc_lidar/launch\n'}
[9.077008] (cspc_lidar) StdoutLine: {'line': b'-- Installing: /home/meng/mDetectRobot/turtlebot3_ws/install/cspc_lidar/share/cspc_lidar/launch/cspc_lidar.launch.py\n'}
[9.077070] (cspc_lidar) StdoutLine: {'line': b'-- Installing: /home/meng/mDetectRobot/turtlebot3_ws/install/cspc_lidar/share/cspc_lidar/params\n'}
[9.077134] (cspc_lidar) StdoutLine: {'line': b'-- Installing: /home/meng/mDetectRobot/turtlebot3_ws/install/cspc_lidar/share/cspc_lidar/params/cspc_lidar.yaml\n'}
[9.077193] (cspc_lidar) StdoutLine: {'line': b'-- Installing: /home/meng/mDetectRobot/turtlebot3_ws/install/cspc_lidar/share/ament_index/resource_index/package_run_dependencies/cspc_lidar\n'}
[9.077250] (cspc_lidar) StdoutLine: {'line': b'-- Installing: /home/meng/mDetectRobot/turtlebot3_ws/install/cspc_lidar/share/ament_index/resource_index/parent_prefix_path/cspc_lidar\n'}
[9.077323] (cspc_lidar) StdoutLine: {'line': b'-- Installing: /home/meng/mDetectRobot/turtlebot3_ws/install/cspc_lidar/share/cspc_lidar/environment/ament_prefix_path.sh\n'}
[9.077386] (cspc_lidar) StdoutLine: {'line': b'-- Installing: /home/meng/mDetectRobot/turtlebot3_ws/install/cspc_lidar/share/cspc_lidar/environment/ament_prefix_path.dsv\n'}
[9.077449] (cspc_lidar) StdoutLine: {'line': b'-- Installing: /home/meng/mDetectRobot/turtlebot3_ws/install/cspc_lidar/share/cspc_lidar/environment/path.sh\n'}
[9.077506] (cspc_lidar) StdoutLine: {'line': b'-- Installing: /home/meng/mDetectRobot/turtlebot3_ws/install/cspc_lidar/share/cspc_lidar/environment/path.dsv\n'}
[9.077569] (cspc_lidar) StdoutLine: {'line': b'-- Installing: /home/meng/mDetectRobot/turtlebot3_ws/install/cspc_lidar/share/cspc_lidar/local_setup.bash\n'}
[9.077629] (cspc_lidar) StdoutLine: {'line': b'-- Installing: /home/meng/mDetectRobot/turtlebot3_ws/install/cspc_lidar/share/cspc_lidar/local_setup.sh\n'}
[9.077690] (cspc_lidar) StdoutLine: {'line': b'-- Installing: /home/meng/mDetectRobot/turtlebot3_ws/install/cspc_lidar/share/cspc_lidar/local_setup.zsh\n'}
[9.077748] (cspc_lidar) StdoutLine: {'line': b'-- Installing: /home/meng/mDetectRobot/turtlebot3_ws/install/cspc_lidar/share/cspc_lidar/local_setup.dsv\n'}
[9.077804] (cspc_lidar) StdoutLine: {'line': b'-- Installing: /home/meng/mDetectRobot/turtlebot3_ws/install/cspc_lidar/share/cspc_lidar/package.dsv\n'}
[9.077883] (cspc_lidar) StdoutLine: {'line': b'-- Installing: /home/meng/mDetectRobot/turtlebot3_ws/install/cspc_lidar/share/ament_index/resource_index/packages/cspc_lidar\n'}
[9.077957] (cspc_lidar) StdoutLine: {'line': b'-- Installing: /home/meng/mDetectRobot/turtlebot3_ws/install/cspc_lidar/share/cspc_lidar/cmake/cspc_lidarConfig.cmake\n'}
[9.078013] (cspc_lidar) StdoutLine: {'line': b'-- Installing: /home/meng/mDetectRobot/turtlebot3_ws/install/cspc_lidar/share/cspc_lidar/cmake/cspc_lidarConfig-version.cmake\n'}
[9.078069] (cspc_lidar) StdoutLine: {'line': b'-- Installing: /home/meng/mDetectRobot/turtlebot3_ws/install/cspc_lidar/share/cspc_lidar/package.xml\n'}
[9.079529] (cspc_lidar) CommandEnded: {'returncode': 0}
[9.087751] (cspc_lidar) JobEnded: {'identifier': 'cspc_lidar', 'rc': 0}
[9.088260] (-) EventReactorShutdown: {}
