[0.000000] (-) TimerEvent: {}
[0.000297] (cspc_lidar) JobQueued: {'identifier': 'cspc_lidar', 'dependencies': OrderedDict()}
[0.000317] (cspc_lidar) JobStarted: {'identifier': 'cspc_lidar'}
[0.006794] (cspc_lidar) JobProgress: {'identifier': 'cspc_lidar', 'progress': 'cmake'}
[0.007958] (cspc_lidar) JobProgress: {'identifier': 'cspc_lidar', 'progress': 'build'}
[0.008718] (cspc_lidar) Command: {'cmd': ['/usr/bin/cmake', '--build', '/home/meng/mDetectRobot/mDetectRobot/cspc_lidar_sdk_ros2_D4/build/cspc_lidar', '--', '-j20', '-l20'], 'cwd': '/home/meng/mDetectRobot/mDetectRobot/cspc_lidar_sdk_ros2_D4/build/cspc_lidar', 'env': OrderedDict([('GJS_DEBUG_TOPICS', 'JS ERROR;JS LOG'), ('PYTHON_BASIC_REPL', '1'), ('LESSOPEN', '| /usr/bin/lesspipe %s'), ('AI_AGENT', 'github_copilot_vscode_agent'), ('LANGUAGE', 'en_AU:en'), ('USER', 'meng'), ('GIT_EDITOR', ':'), ('XDG_SESSION_TYPE', 'wayland'), ('GIT_ASKPASS', '/usr/share/code/resources/app/extensions/git/dist/askpass.sh'), ('SHLVL', '1'), ('LD_LIBRARY_PATH', '/usr/lib/x86_64-linux-gnu/gazebo-11/plugins:/opt/ros/humble/opt/rviz_ogre_vendor/lib:/opt/ros/humble/lib/x86_64-linux-gnu:/opt/ros/humble/lib'), ('COPILOT_AGENT', '1'), ('HOME', '/home/meng'), ('CHROME_DESKTOP', 'code.desktop'), ('OLDPWD', '/home/meng/mDetectRobot/mDetectRobot/cspc_lidar_sdk_ros2_D4'), ('TERM_PROGRAM_VERSION', '1.126.0'), ('DESKTOP_SESSION', 'ubuntu'), ('GIO_LAUNCHED_DESKTOP_FILE', '/usr/share/applications/code.desktop'), ('ROS_PYTHON_VERSION', '3'), ('GNOME_SHELL_SESSION_MODE', 'ubuntu'), ('GTK_MODULES', 'gail:atk-bridge'), ('VSCODE_GIT_ASKPASS_MAIN', '/usr/share/code/resources/app/extensions/git/dist/askpass-main.js'), ('VSCODE_GIT_ASKPASS_NODE', '/usr/share/code/code'), ('MANAGERPID', '1367'), ('PYDEVD_DISABLE_FILE_VALIDATION', '1'), ('SYSTEMD_EXEC_PID', '1532'), ('BUNDLED_DEBUGPY_PATH', '/home/meng/.vscode/extensions/ms-python.debugpy-2026.6.0-linux-x64/bundled/libs/debugpy'), ('IM_CONFIG_CHECK_ENV', '1'), ('VSCODE_PYTHON_AUTOACTIVATE_GUARD', '1'), ('DBUS_SESSION_BUS_ADDRESS', 'unix:path=/run/user/1000/bus'), ('COLORTERM', 'truecolor'), ('GIO_LAUNCHED_DESKTOP_FILE_PID', '4163'), ('_colcon_cd_root', '/opt/ros/humble/'), ('IM_CONFIG_PHASE', '1'), ('WAYLAND_DISPLAY', 'wayland-0'), ('COLCON_PREFIX_PATH', '/home/meng/mDetectRobot/mDetectRobot/turtlebot3_ws/install:/home/meng/mdetect_ws/install:/home/meng/ldlidar_ros2_ws/install'), ('ROS_DISTRO', 'humble'), ('LOGNAME', 'meng'), ('JOURNAL_STREAM', '8:9536'), ('_', '/usr/bin/colcon'), ('ROS_VERSION', '2'), ('CLAUDE_CODE_SSE_PORT', '20350'), ('XDG_SESSION_CLASS', 'user'), ('USERNAME', 'meng'), ('TERM', 'xterm-256color'), ('GNOME_DESKTOP_SESSION_ID', 'this-is-deprecated'), ('FC_FONTATIONS', '1'), ('ROS_LOCALHOST_ONLY', '0'), ('HISTCONTROL', 'ignorespace'), ('PATH', '/home/meng/.config/Code/User/globalStorage/github.copilot-chat/debugCommand:/home/meng/.config/Code/User/globalStorage/github.copilot-chat/copilotCli:/home/meng/.local/bin:/opt/ros/humble/bin:/home/meng/.local/bin:/usr/local/sbin:/usr/local/bin:/usr/sbin:/usr/bin:/sbin:/bin:/usr/games:/usr/local/games:/snap/bin:/snap/bin:/home/meng/.vscode/extensions/ms-python.debugpy-2026.6.0-linux-x64/bundled/scripts/noConfigScripts'), ('SESSION_MANAGER', 'local/meng-Flow-Z13-GZ301VV:@/tmp/.ICE-unix/1490,unix/meng-Flow-Z13-GZ301VV:/tmp/.ICE-unix/1490'), ('INVOCATION_ID', '6b401bab7e294708b0ddf11b79367663'), ('XDG_MENU_PREFIX', 'gnome-'), ('GNOME_SETUP_DISPLAY', ':1'), ('XDG_RUNTIME_DIR', '/run/user/1000'), ('GDK_BACKEND', 'wayland'), ('DISPLAY', ':0'), ('VSCODE_DEBUGPY_ADAPTER_ENDPOINTS', '/home/meng/.vscode/extensions/ms-python.debugpy-2026.6.0-linux-x64/.noConfigDebugAdapterEndpoints/endpoint-a63bc4f07a9a10a4.txt'), ('LANG', 'en_US.UTF-8'), ('XDG_CURRENT_DESKTOP', 'ubuntu:GNOME'), ('PYTHONSTARTUP', '/home/meng/.config/Code/User/workspaceStorage/c4033becfd9816a2b6fcad9abb4ec217/ms-python.python/pythonrc.py'), ('XMODIFIERS', '@im=ibus'), ('XDG_SESSION_DESKTOP', 'ubuntu'), ('XAUTHORITY', '/run/user/1000/.mutter-Xwaylandauth.OG5XR3'), ('LS_COLORS', 'rs=0:di=01;34:ln=01;36:mh=00:pi=40;33:so=01;35:do=01;35:bd=40;33;01:cd=40;33;01:or=40;31;01:mi=00:su=37;41:sg=30;43:ca=30;41:tw=30;42:ow=34;42:st=37;44:ex=01;32:*.tar=01;31:*.tgz=01;31:*.arc=01;31:*.arj=01;31:*.taz=01;31:*.lha=01;31:*.lz4=01;31:*.lzh=01;31:*.lzma=01;31:*.tlz=01;31:*.txz=01;31:*.tzo=01;31:*.t7z=01;31:*.zip=01;31:*.z=01;31:*.dz=01;31:*.gz=01;31:*.lrz=01;31:*.lz=01;31:*.lzo=01;31:*.xz=01;31:*.zst=01;31:*.tzst=01;31:*.bz2=01;31:*.bz=01;31:*.tbz=01;31:*.tbz2=01;31:*.tz=01;31:*.deb=01;31:*.rpm=01;31:*.jar=01;31:*.war=01;31:*.ear=01;31:*.sar=01;31:*.rar=01;31:*.alz=01;31:*.ace=01;31:*.zoo=01;31:*.cpio=01;31:*.7z=01;31:*.rz=01;31:*.cab=01;31:*.wim=01;31:*.swm=01;31:*.dwm=01;31:*.esd=01;31:*.jpg=01;35:*.jpeg=01;35:*.mjpg=01;35:*.mjpeg=01;35:*.gif=01;35:*.bmp=01;35:*.pbm=01;35:*.pgm=01;35:*.ppm=01;35:*.tga=01;35:*.xbm=01;35:*.xpm=01;35:*.tif=01;35:*.tiff=01;35:*.png=01;35:*.svg=01;35:*.svgz=01;35:*.mng=01;35:*.pcx=01;35:*.mov=01;35:*.mpg=01;35:*.mpeg=01;35:*.m2v=01;35:*.mkv=01;35:*.webm=01;35:*.webp=01;35:*.ogm=01;35:*.mp4=01;35:*.m4v=01;35:*.mp4v=01;35:*.vob=01;35:*.qt=01;35:*.nuv=01;35:*.wmv=01;35:*.asf=01;35:*.rm=01;35:*.rmvb=01;35:*.flc=01;35:*.avi=01;35:*.fli=01;35:*.flv=01;35:*.gl=01;35:*.dl=01;35:*.xcf=01;35:*.xwd=01;35:*.yuv=01;35:*.cgm=01;35:*.emf=01;35:*.ogv=01;35:*.ogx=01;35:*.aac=00;36:*.au=00;36:*.flac=00;36:*.m4a=00;36:*.mid=00;36:*.midi=00;36:*.mka=00;36:*.mp3=00;36:*.mpc=00;36:*.ogg=00;36:*.ra=00;36:*.wav=00;36:*.oga=00;36:*.opus=00;36:*.spx=00;36:*.xspf=00;36:'), ('VSCODE_GIT_IPC_HANDLE', '/run/user/1000/vscode-git-667b85c3d0.sock'), ('TERM_PROGRAM', 'vscode'), ('SSH_AGENT_LAUNCHER', 'gnome-keyring'), ('SSH_AUTH_SOCK', '/run/user/1000/keyring/ssh'), ('ROS_DOMAIN_ID', '30'), ('AMENT_PREFIX_PATH', '/home/meng/mDetectRobot/mDetectRobot/turtlebot3_ws/install/turtlebot3_simulations:/home/meng/mDetectRobot/mDetectRobot/turtlebot3_ws/install/turtlebot3_gazebo:/home/meng/mDetectRobot/mDetectRobot/turtlebot3_ws/install/turtlebot3_description:/home/meng/mdetect_ws/install/mdetect_navigation:/home/meng/mdetect_ws/install/mdetect_description:/home/meng/ldlidar_ros2_ws/install/ldlidar_ros2:/opt/ros/humble'), ('DEBIAN_FRONTEND', 'noninteractive'), ('SHELL', '/bin/bash'), ('QT_ACCESSIBILITY', '1'), ('GDMSESSION', 'ubuntu'), ('LESSCLOSE', '/usr/bin/lesspipe %s %s'), ('GJS_DEBUG_OUTPUT', 'stderr'), ('VSCODE_GIT_ASKPASS_EXTRA_ARGS', ''), ('GIT_PAGER', 'cat'), ('QT_IM_MODULE', 'ibus'), ('PWD', '/home/meng/mDetectRobot/mDetectRobot/cspc_lidar_sdk_ros2_D4/build/cspc_lidar'), ('GIT_MERGE_AUTOEDIT', 'no'), ('TURTLEBOT3_MODEL', 'burger_cam'), ('LC_ALL', 'en_US.UTF-8'), ('XDG_CONFIG_DIRS', '/etc/xdg/xdg-ubuntu:/etc/xdg'), ('COPILOT_DEBUG_NONCE', '009ede1767eb8d62c4391edd2a978127'), ('GAZEBO_PLUGIN_PATH', '/home/meng/{your_ws}/build/turtlebot3_gazebo:/home/meng/{your_ws}/build/turtlebot3_gazebo:'), ('XDG_DATA_DIRS', '/usr/share/ubuntu:/usr/local/share/:/usr/share/:/var/lib/snapd/desktop'), ('PYTHONPATH', '/home/meng/mdetect_ws/build/mdetect_navigation:/home/meng/mdetect_ws/install/mdetect_navigation/lib/python3.10/site-packages:/opt/ros/humble/lib/python3.10/site-packages:/opt/ros/humble/local/lib/python3.10/dist-packages'), ('COLCON', '1'), ('CMAKE_PREFIX_PATH', '/home/meng/mDetectRobot/mDetectRobot/turtlebot3_ws/install/turtlebot3_simulations:/home/meng/mDetectRobot/mDetectRobot/turtlebot3_ws/install/turtlebot3_gazebo:/home/meng/mDetectRobot/mDetectRobot/turtlebot3_ws/install/turtlebot3_description:/home/meng/mdetect_ws/install/mdetect_description:/home/meng/ldlidar_ros2_ws/install/ldlidar_ros2:/home/meng/mdetect_ws/install/mdetect_navigation:/opt/ros/humble')]), 'shell': False}
[0.034676] (cspc_lidar) StdoutLine: {'line': b'-- Found ament_cmake: 1.3.14 (/opt/ros/humble/share/ament_cmake/cmake)\n'}
[0.099733] (-) TimerEvent: {}
[0.121876] (cspc_lidar) StdoutLine: {'line': b'-- Found rclcpp: 16.0.19 (/opt/ros/humble/share/rclcpp/cmake)\n'}
[0.140846] (cspc_lidar) StdoutLine: {'line': b'-- Found rosidl_generator_c: 3.1.8 (/opt/ros/humble/share/rosidl_generator_c/cmake)\n'}
[0.142347] (cspc_lidar) StdoutLine: {'line': b'-- Found rosidl_adapter: 3.1.8 (/opt/ros/humble/share/rosidl_adapter/cmake)\n'}
[0.146184] (cspc_lidar) StdoutLine: {'line': b'-- Found rosidl_generator_cpp: 3.1.8 (/opt/ros/humble/share/rosidl_generator_cpp/cmake)\n'}
[0.152289] (cspc_lidar) StdoutLine: {'line': b'-- Using all available rosidl_typesupport_c: rosidl_typesupport_fastrtps_c;rosidl_typesupport_introspection_c\n'}
[0.160117] (cspc_lidar) StdoutLine: {'line': b'-- Using all available rosidl_typesupport_cpp: rosidl_typesupport_fastrtps_cpp;rosidl_typesupport_introspection_cpp\n'}
[0.180697] (cspc_lidar) StdoutLine: {'line': b'-- Found rmw_implementation_cmake: 6.1.2 (/opt/ros/humble/share/rmw_implementation_cmake/cmake)\n'}
[0.181709] (cspc_lidar) StdoutLine: {'line': b'-- Found rmw_fastrtps_cpp: 6.2.10 (/opt/ros/humble/share/rmw_fastrtps_cpp/cmake)\n'}
[0.199808] (-) TimerEvent: {}
[0.267483] (cspc_lidar) StdoutLine: {'line': b"-- Using RMW implementation 'rmw_fastrtps_cpp' as default\n"}
[0.299913] (-) TimerEvent: {}
[0.300732] (cspc_lidar) StdoutLine: {'line': b'-- Found sensor_msgs: 4.9.1 (/opt/ros/humble/share/sensor_msgs/cmake)\n'}
[0.321923] (cspc_lidar) StdoutLine: {'line': b'-- Found visualization_msgs: 4.9.1 (/opt/ros/humble/share/visualization_msgs/cmake)\n'}
[0.334493] (cspc_lidar) StdoutLine: {'line': b'-- Found pcl_conversions: 2.4.5 (/opt/ros/humble/share/pcl_conversions/cmake)\n'}
[0.360592] (cspc_lidar) StdoutLine: {'line': b'-- Eigen found (include: /usr/include/eigen3, version: 3.4.0)\n'}
[0.384108] (cspc_lidar) StdoutLine: {'line': b'-- FLANN found (include: /usr/include, lib: /usr/lib/x86_64-linux-gnu/libflann_cpp.so)\n'}
[0.399992] (-) TimerEvent: {}
[0.500294] (-) TimerEvent: {}
[0.600631] (-) TimerEvent: {}
[0.635782] (cspc_lidar) StdoutLine: {'line': b'-- OpenNI found (version: 1.5.4.0, include: /usr/include/ni, lib: /usr/lib/libOpenNI.so;libusb::libusb)\n'}
[0.642463] (cspc_lidar) StdoutLine: {'line': b'-- OpenNI2 found (version: 2.2.0.33, include: /usr/include/openni2, lib: /usr/lib/x86_64-linux-gnu/libOpenNI2.so;libusb::libusb)\n'}
[0.700737] (-) TimerEvent: {}
[0.764837] (cspc_lidar) StdoutLine: {'line': b'-- Eigen found (include: /usr/include/eigen3, version: 3.4.0)\n'}
[0.770930] (cspc_lidar) StdoutLine: {'line': b'-- OpenNI found (version: 1.5.4.0, include: /usr/include/ni, lib: /usr/lib/libOpenNI.so;libusb::libusb)\n'}
[0.777573] (cspc_lidar) StdoutLine: {'line': b'-- OpenNI2 found (version: 2.2.0.33, include: /usr/include/openni2, lib: /usr/lib/x86_64-linux-gnu/libOpenNI2.so;libusb::libusb)\n'}
[0.800821] (-) TimerEvent: {}
[0.887514] (cspc_lidar) StdoutLine: {'line': b'-- Found Qhull version 8.0.2\n'}
[0.900928] (-) TimerEvent: {}
[1.000305] (cspc_lidar) StdoutLine: {'line': b'-- OpenNI found (version: 1.5.4.0, include: /usr/include/ni, lib: /usr/lib/libOpenNI.so;libusb::libusb)\n'}
[1.000993] (-) TimerEvent: {}
[1.101334] (-) TimerEvent: {}
[1.122810] (cspc_lidar) StderrLine: {'line': b'\x1b[33mCMake Warning (dev) at CMakeLists.txt:19 (find_package):\n'}
[1.123031] (cspc_lidar) StderrLine: {'line': b'  Policy CMP0074 is not set: find_package uses <PackageName>_ROOT variables.\n'}
[1.123120] (cspc_lidar) StderrLine: {'line': b'  Run "cmake --help-policy CMP0074" for policy details.  Use the cmake_policy\n'}
[1.123200] (cspc_lidar) StderrLine: {'line': b'  command to set the policy and suppress this warning.\n'}
[1.123275] (cspc_lidar) StderrLine: {'line': b'\n'}
[1.123349] (cspc_lidar) StderrLine: {'line': b'  CMake variable PCL_ROOT is set to:\n'}
[1.123427] (cspc_lidar) StderrLine: {'line': b'\n'}
[1.123502] (cspc_lidar) StderrLine: {'line': b'    /usr\n'}
[1.123587] (cspc_lidar) StderrLine: {'line': b'\n'}
[1.123671] (cspc_lidar) StderrLine: {'line': b'  For compatibility, CMake is ignoring the variable.\n'}
[1.123749] (cspc_lidar) StderrLine: {'line': b'This warning is for project developers.  Use -Wno-dev to suppress it.\n'}
[1.123825] (cspc_lidar) StderrLine: {'line': b'\x1b[0m\n'}
[1.134864] (cspc_lidar) StdoutLine: {'line': b'-- Found ament_lint_auto: 0.12.15 (/opt/ros/humble/share/ament_lint_auto/cmake)\n'}
[1.190894] (cspc_lidar) StdoutLine: {'line': b'-- Found eigen3_cmake_module: 0.1.1 (/opt/ros/humble/share/eigen3_cmake_module/cmake)\n'}
[1.191873] (cspc_lidar) StdoutLine: {'line': b'-- Ensuring Eigen3 include directory is part of orocos-kdl CMake target\n'}
[1.201560] (-) TimerEvent: {}
[1.244355] (cspc_lidar) StdoutLine: {'line': b"-- Added test 'copyright' to check source files copyright and LICENSE\n"}
[1.245166] (cspc_lidar) StdoutLine: {'line': b"-- Added test 'cppcheck' to perform static code analysis on C / C++ code\n"}
[1.245292] (cspc_lidar) StdoutLine: {'line': b'-- Configured cppcheck include dirs: /home/meng/mDetectRobot/mDetectRobot/cspc_lidar_sdk_ros2_D4/cspc_lidar_sdk_ros2/include/cspc_lidar;/home/meng/mDetectRobot/mDetectRobot/cspc_lidar_sdk_ros2_D4/cspc_lidar_sdk_ros2/sdk\n'}
[1.245329] (cspc_lidar) StdoutLine: {'line': b'-- Configured cppcheck exclude dirs and/or files: \n'}
[1.246181] (cspc_lidar) StdoutLine: {'line': b"-- Added test 'cpplint' to check C / C++ code against the Google style\n"}
[1.246219] (cspc_lidar) StdoutLine: {'line': b'-- Configured cpplint exclude dirs and/or files: \n'}
[1.246501] (cspc_lidar) StdoutLine: {'line': b"-- Added test 'lint_cmake' to check CMake code style\n"}
[1.247444] (cspc_lidar) StdoutLine: {'line': b"-- Added test 'uncrustify' to check C / C++ code style\n"}
[1.247509] (cspc_lidar) StdoutLine: {'line': b'-- Configured uncrustify additional arguments: \n'}
[1.247582] (cspc_lidar) StdoutLine: {'line': b"-- Added test 'xmllint' to check XML markup files\n"}
[1.248100] (cspc_lidar) StdoutLine: {'line': b'-- Configuring done\n'}
[1.287686] (cspc_lidar) StdoutLine: {'line': b'-- Generating done\n'}
[1.293582] (cspc_lidar) StdoutLine: {'line': b'-- Build files have been written to: /home/meng/mDetectRobot/mDetectRobot/cspc_lidar_sdk_ros2_D4/build/cspc_lidar\n'}
[1.301649] (-) TimerEvent: {}
[1.325168] (cspc_lidar) StdoutLine: {'line': b'\x1b[35m\x1b[1mConsolidate compiler generated dependencies of target cspc_lidar\x1b[0m\n'}
[1.343815] (cspc_lidar) StdoutLine: {'line': b'[ 11%] \x1b[32mBuilding CXX object CMakeFiles/cspc_lidar.dir/sdk/node_lidar.cpp.o\x1b[0m\n'}
[1.344217] (cspc_lidar) StdoutLine: {'line': b'[ 22%] \x1b[32mBuilding CXX object CMakeFiles/cspc_lidar.dir/sdk/timer.cpp.o\x1b[0m\n'}
[1.345260] (cspc_lidar) StdoutLine: {'line': b'[ 55%] \x1b[32mBuilding CXX object CMakeFiles/cspc_lidar.dir/sdk/point_cloud_optimize.cpp.o\x1b[0m\n'}
[1.345476] (cspc_lidar) StdoutLine: {'line': b'[ 33%] \x1b[32mBuilding CXX object CMakeFiles/cspc_lidar.dir/sdk/calibration.cpp.o\x1b[0m\n'}
[1.345588] (cspc_lidar) StdoutLine: {'line': b'[ 55%] \x1b[32mBuilding CXX object CMakeFiles/cspc_lidar.dir/src/node_lidar_ros.cpp.o\x1b[0m\n'}
[1.345730] (cspc_lidar) StdoutLine: {'line': b'[ 66%] \x1b[32mBuilding CXX object CMakeFiles/cspc_lidar.dir/sdk/mtime.cpp.o\x1b[0m\n'}
[1.346626] (cspc_lidar) StdoutLine: {'line': b'[ 77%] \x1b[32mBuilding CXX object CMakeFiles/cspc_lidar.dir/sdk/serial_port.cpp.o\x1b[0m\n'}
[1.346806] (cspc_lidar) StdoutLine: {'line': b'[ 88%] \x1b[32mBuilding CXX object CMakeFiles/cspc_lidar.dir/sdk/lidar_data_processing.cpp.o\x1b[0m\n'}
[1.401790] (-) TimerEvent: {}
[1.502068] (-) TimerEvent: {}
[1.597644] (cspc_lidar) StderrLine: {'line': b'In file included from \x1b[01m\x1b[K/home/meng/mDetectRobot/mDetectRobot/cspc_lidar_sdk_ros2_D4/cspc_lidar_sdk_ros2/sdk/serial_port.cpp:12\x1b[m\x1b[K:\n'}
[1.597861] (cspc_lidar) StderrLine: {'line': b'\x1b[01m\x1b[K/home/meng/mDetectRobot/mDetectRobot/cspc_lidar_sdk_ros2_D4/cspc_lidar_sdk_ros2/sdk/serial_port.h:\x1b[m\x1b[K In constructor \xe2\x80\x98\x1b[01m\x1b[KSerial_Port::Serial_Port(const string&, uint32_t, Timeout, bytesize_t, parity_t, stopbits_t, flowcontrol_t)\x1b[m\x1b[K\xe2\x80\x99:\n'}
[1.597961] (cspc_lidar) StderrLine: {'line': b'\x1b[01m\x1b[K/home/meng/mDetectRobot/mDetectRobot/cspc_lidar_sdk_ros2_D4/cspc_lidar_sdk_ros2/sdk/serial_port.h:102:14:\x1b[m\x1b[K \x1b[01;35m\x1b[Kwarning: \x1b[m\x1b[K\xe2\x80\x98\x1b[01m\x1b[KSerial_Port::bytesize_\x1b[m\x1b[K\xe2\x80\x99 will be initialized after [\x1b[01;35m\x1b[K\x1b]8;;https://gcc.gnu.org/onlinedocs/gcc/Warning-Options.html#index-Wreorder\x07-Wreorder\x1b]8;;\x07\x1b[m\x1b[K]\n'}
[1.598067] (cspc_lidar) StderrLine: {'line': b'  102 |   bytesize_t \x1b[01;35m\x1b[Kbytesize_\x1b[m\x1b[K;       // Size of the bytes\n'}
[1.598154] (cspc_lidar) StderrLine: {'line': b'      |              \x1b[01;35m\x1b[K^~~~~~~~~\x1b[m\x1b[K\n'}
[1.598236] (cspc_lidar) StderrLine: {'line': b'\x1b[01m\x1b[K/home/meng/mDetectRobot/mDetectRobot/cspc_lidar_sdk_ros2_D4/cspc_lidar_sdk_ros2/sdk/serial_port.h:101:12:\x1b[m\x1b[K \x1b[01;35m\x1b[Kwarning: \x1b[m\x1b[K  \xe2\x80\x98\x1b[01m\x1b[Kparity_t Serial_Port::parity_\x1b[m\x1b[K\xe2\x80\x99 [\x1b[01;35m\x1b[K\x1b]8;;https://gcc.gnu.org/onlinedocs/gcc/Warning-Options.html#index-Wreorder\x07-Wreorder\x1b]8;;\x07\x1b[m\x1b[K]\n'}
[1.598321] (cspc_lidar) StderrLine: {'line': b'  101 |   parity_t \x1b[01;35m\x1b[Kparity_\x1b[m\x1b[K;           // Parity\n'}
[1.598401] (cspc_lidar) StderrLine: {'line': b'      |            \x1b[01;35m\x1b[K^~~~~~~\x1b[m\x1b[K\n'}
[1.598480] (cspc_lidar) StderrLine: {'line': b'\x1b[01m\x1b[K/home/meng/mDetectRobot/mDetectRobot/cspc_lidar_sdk_ros2_D4/cspc_lidar_sdk_ros2/sdk/serial_port.cpp:31:1:\x1b[m\x1b[K \x1b[01;35m\x1b[Kwarning: \x1b[m\x1b[K  when initialized here [\x1b[01;35m\x1b[K\x1b]8;;https://gcc.gnu.org/onlinedocs/gcc/Warning-Options.html#index-Wreorder\x07-Wreorder\x1b]8;;\x07\x1b[m\x1b[K]\n'}
[1.598562] (cspc_lidar) StderrLine: {'line': b'   31 | \x1b[01;35m\x1b[KSerial_Port\x1b[m\x1b[K::Serial_Port(const string &port, uint32_t baudrate, Timeout timeout,\n'}
[1.598652] (cspc_lidar) StderrLine: {'line': b'      | \x1b[01;35m\x1b[K^~~~~~~~~~~\x1b[m\x1b[K\n'}
[1.600289] (cspc_lidar) StderrLine: {'line': b'\x1b[01m\x1b[K/home/meng/mDetectRobot/mDetectRobot/cspc_lidar_sdk_ros2_D4/cspc_lidar_sdk_ros2/sdk/serial_port.cpp:\x1b[m\x1b[K In member function \xe2\x80\x98\x1b[01m\x1b[Kbool Serial_Port::setBaudrate(long unsigned int)\x1b[m\x1b[K\xe2\x80\x99:\n'}
[1.600459] (cspc_lidar) StderrLine: {'line': b'\x1b[01m\x1b[K/home/meng/mDetectRobot/mDetectRobot/cspc_lidar_sdk_ros2_D4/cspc_lidar_sdk_ros2/sdk/serial_port.cpp:578:11:\x1b[m\x1b[K \x1b[01;35m\x1b[Kwarning: \x1b[m\x1b[Kunused variable \xe2\x80\x98\x1b[01m\x1b[Knew_baud\x1b[m\x1b[K\xe2\x80\x99 [\x1b[01;35m\x1b[K\x1b]8;;https://gcc.gnu.org/onlinedocs/gcc/Warning-Options.html#index-Wunused-variable\x07-Wunused-variable\x1b]8;;\x07\x1b[m\x1b[K]\n'}
[1.600559] (cspc_lidar) StderrLine: {'line': b'  578 |   speed_t \x1b[01;35m\x1b[Knew_baud\x1b[m\x1b[K = static_cast<speed_t>(baudrate);\n'}
[1.600657] (cspc_lidar) StderrLine: {'line': b'      |           \x1b[01;35m\x1b[K^~~~~~~~\x1b[m\x1b[K\n'}
[1.602173] (-) TimerEvent: {}
[1.621855] (cspc_lidar) StderrLine: {'line': b'\x1b[01m\x1b[K/home/meng/mDetectRobot/mDetectRobot/cspc_lidar_sdk_ros2_D4/cspc_lidar_sdk_ros2/sdk/point_cloud_optimize.cpp:\x1b[m\x1b[K In member function \xe2\x80\x98\x1b[01m\x1b[Kvoid Point_cloud_optimize::PointCloudFilter(LaserScan*)\x1b[m\x1b[K\xe2\x80\x99:\n'}
[1.622092] (cspc_lidar) StderrLine: {'line': b'\x1b[01m\x1b[K/home/meng/mDetectRobot/mDetectRobot/cspc_lidar_sdk_ros2_D4/cspc_lidar_sdk_ros2/sdk/point_cloud_optimize.cpp:25:25:\x1b[m\x1b[K \x1b[01;35m\x1b[Kwarning: \x1b[m\x1b[Kcomparison of integer expressions of different signedness: \xe2\x80\x98\x1b[01m\x1b[Kint\x1b[m\x1b[K\xe2\x80\x99 and \xe2\x80\x98\x1b[01m\x1b[Kstd::vector<LaserPoint>::size_type\x1b[m\x1b[K\xe2\x80\x99 {aka \xe2\x80\x98\x1b[01m\x1b[Klong unsigned int\x1b[m\x1b[K\xe2\x80\x99} [\x1b[01;35m\x1b[K\x1b]8;;https://gcc.gnu.org/onlinedocs/gcc/Warning-Options.html#index-Wsign-compare\x07-Wsign-compare\x1b]8;;\x07\x1b[m\x1b[K]\n'}
[1.622189] (cspc_lidar) StderrLine: {'line': b'   25 |         for (i0 = 0; \x1b[01;35m\x1b[Ki0 < Scan->points.size()\x1b[m\x1b[K; i0++)\n'}
[1.622267] (cspc_lidar) StderrLine: {'line': b'      |                      \x1b[01;35m\x1b[K~~~^~~~~~~~~~~~~~~~~~~~~\x1b[m\x1b[K\n'}
[1.622340] (cspc_lidar) StderrLine: {'line': b'\x1b[01m\x1b[K/home/meng/mDetectRobot/mDetectRobot/cspc_lidar_sdk_ros2_D4/cspc_lidar_sdk_ros2/sdk/point_cloud_optimize.cpp:28:25:\x1b[m\x1b[K \x1b[01;35m\x1b[Kwarning: \x1b[m\x1b[Kcomparison of integer expressions of different signedness: \xe2\x80\x98\x1b[01m\x1b[Kint\x1b[m\x1b[K\xe2\x80\x99 and \xe2\x80\x98\x1b[01m\x1b[Kstd::vector<LaserPoint>::size_type\x1b[m\x1b[K\xe2\x80\x99 {aka \xe2\x80\x98\x1b[01m\x1b[Klong unsigned int\x1b[m\x1b[K\xe2\x80\x99} [\x1b[01;35m\x1b[K\x1b]8;;https://gcc.gnu.org/onlinedocs/gcc/Warning-Options.html#index-Wsign-compare\x07-Wsign-compare\x1b]8;;\x07\x1b[m\x1b[K]\n'}
[1.622423] (cspc_lidar) StderrLine: {'line': b'   28 |                 i1 = \x1b[01;35m\x1b[Ki1 < Scan->points.size()\x1b[m\x1b[K ? i1 : i1 - Scan->points.size();\n'}
[1.622502] (cspc_lidar) StderrLine: {'line': b'      |                      \x1b[01;35m\x1b[K~~~^~~~~~~~~~~~~~~~~~~~~\x1b[m\x1b[K\n'}
[1.622580] (cspc_lidar) StderrLine: {'line': b'\x1b[01m\x1b[K/home/meng/mDetectRobot/mDetectRobot/cspc_lidar_sdk_ros2_D4/cspc_lidar_sdk_ros2/sdk/point_cloud_optimize.cpp:30:25:\x1b[m\x1b[K \x1b[01;35m\x1b[Kwarning: \x1b[m\x1b[Kcomparison of integer expressions of different signedness: \xe2\x80\x98\x1b[01m\x1b[Kint\x1b[m\x1b[K\xe2\x80\x99 and \xe2\x80\x98\x1b[01m\x1b[Kstd::vector<LaserPoint>::size_type\x1b[m\x1b[K\xe2\x80\x99 {aka \xe2\x80\x98\x1b[01m\x1b[Klong unsigned int\x1b[m\x1b[K\xe2\x80\x99} [\x1b[01;35m\x1b[K\x1b]8;;https://gcc.gnu.org/onlinedocs/gcc/Warning-Options.html#index-Wsign-compare\x07-Wsign-compare\x1b]8;;\x07\x1b[m\x1b[K]\n'}
[1.622850] (cspc_lidar) StderrLine: {'line': b'   30 |                 i2 = \x1b[01;35m\x1b[Ki2 < Scan->points.size()\x1b[m\x1b[K ? i2 : i2 - Scan->points.size();\n'}
[1.622895] (cspc_lidar) StderrLine: {'line': b'      |                      \x1b[01;35m\x1b[K~~~^~~~~~~~~~~~~~~~~~~~~\x1b[m\x1b[K\n'}
[1.622931] (cspc_lidar) StderrLine: {'line': b'\x1b[01m\x1b[K/home/meng/mDetectRobot/mDetectRobot/cspc_lidar_sdk_ros2_D4/cspc_lidar_sdk_ros2/sdk/point_cloud_optimize.cpp:32:25:\x1b[m\x1b[K \x1b[01;35m\x1b[Kwarning: \x1b[m\x1b[Kcomparison of integer expressions of different signedness: \xe2\x80\x98\x1b[01m\x1b[Kint\x1b[m\x1b[K\xe2\x80\x99 and \xe2\x80\x98\x1b[01m\x1b[Kstd::vector<LaserPoint>::size_type\x1b[m\x1b[K\xe2\x80\x99 {aka \xe2\x80\x98\x1b[01m\x1b[Klong unsigned int\x1b[m\x1b[K\xe2\x80\x99} [\x1b[01;35m\x1b[K\x1b]8;;https://gcc.gnu.org/onlinedocs/gcc/Warning-Options.html#index-Wsign-compare\x07-Wsign-compare\x1b]8;;\x07\x1b[m\x1b[K]\n'}
[1.622970] (cspc_lidar) StderrLine: {'line': b'   32 |                 i3 = \x1b[01;35m\x1b[Ki3 < Scan->points.size()\x1b[m\x1b[K ? i3 : i3 - Scan->points.size();\n'}
[1.623008] (cspc_lidar) StderrLine: {'line': b'      |                      \x1b[01;35m\x1b[K~~~^~~~~~~~~~~~~~~~~~~~~\x1b[m\x1b[K\n'}
[1.623178] (cspc_lidar) StderrLine: {'line': b'\x1b[01m\x1b[K/home/meng/mDetectRobot/mDetectRobot/cspc_lidar_sdk_ros2_D4/cspc_lidar_sdk_ros2/sdk/point_cloud_optimize.cpp:155:25:\x1b[m\x1b[K \x1b[01;35m\x1b[Kwarning: \x1b[m\x1b[Kcomparison of integer expressions of different signedness: \xe2\x80\x98\x1b[01m\x1b[Kint\x1b[m\x1b[K\xe2\x80\x99 and \xe2\x80\x98\x1b[01m\x1b[Kstd::vector<LaserPoint>::size_type\x1b[m\x1b[K\xe2\x80\x99 {aka \xe2\x80\x98\x1b[01m\x1b[Klong unsigned int\x1b[m\x1b[K\xe2\x80\x99} [\x1b[01;35m\x1b[K\x1b]8;;https://gcc.gnu.org/onlinedocs/gcc/Warning-Options.html#index-Wsign-compare\x07-Wsign-compare\x1b]8;;\x07\x1b[m\x1b[K]\n'}
[1.623268] (cspc_lidar) StderrLine: {'line': b'  155 |         for (i0 = 0; \x1b[01;35m\x1b[Ki0 < Scan->points.size()\x1b[m\x1b[K; i0++)\n'}
[1.623310] (cspc_lidar) StderrLine: {'line': b'      |                      \x1b[01;35m\x1b[K~~~^~~~~~~~~~~~~~~~~~~~~\x1b[m\x1b[K\n'}
[1.623344] (cspc_lidar) StderrLine: {'line': b'\x1b[01m\x1b[K/home/meng/mDetectRobot/mDetectRobot/cspc_lidar_sdk_ros2_D4/cspc_lidar_sdk_ros2/sdk/point_cloud_optimize.cpp:158:25:\x1b[m\x1b[K \x1b[01;35m\x1b[Kwarning: \x1b[m\x1b[Kcomparison of integer expressions of different signedness: \xe2\x80\x98\x1b[01m\x1b[Kint\x1b[m\x1b[K\xe2\x80\x99 and \xe2\x80\x98\x1b[01m\x1b[Kstd::vector<LaserPoint>::size_type\x1b[m\x1b[K\xe2\x80\x99 {aka \xe2\x80\x98\x1b[01m\x1b[Klong unsigned int\x1b[m\x1b[K\xe2\x80\x99} [\x1b[01;35m\x1b[K\x1b]8;;https://gcc.gnu.org/onlinedocs/gcc/Warning-Options.html#index-Wsign-compare\x07-Wsign-compare\x1b]8;;\x07\x1b[m\x1b[K]\n'}
[1.623386] (cspc_lidar) StderrLine: {'line': b'  158 |                 i1 = \x1b[01;35m\x1b[Ki1 < Scan->points.size()\x1b[m\x1b[K ? i1 : i1 - Scan->points.size();\n'}
[1.623419] (cspc_lidar) StderrLine: {'line': b'      |                      \x1b[01;35m\x1b[K~~~^~~~~~~~~~~~~~~~~~~~~\x1b[m\x1b[K\n'}
[1.623449] (cspc_lidar) StderrLine: {'line': b'\x1b[01m\x1b[K/home/meng/mDetectRobot/mDetectRobot/cspc_lidar_sdk_ros2_D4/cspc_lidar_sdk_ros2/sdk/point_cloud_optimize.cpp:160:25:\x1b[m\x1b[K \x1b[01;35m\x1b[Kwarning: \x1b[m\x1b[Kcomparison of integer expressions of different signedness: \xe2\x80\x98\x1b[01m\x1b[Kint\x1b[m\x1b[K\xe2\x80\x99 and \xe2\x80\x98\x1b[01m\x1b[Kstd::vector<LaserPoint>::size_type\x1b[m\x1b[K\xe2\x80\x99 {aka \xe2\x80\x98\x1b[01m\x1b[Klong unsigned int\x1b[m\x1b[K\xe2\x80\x99} [\x1b[01;35m\x1b[K\x1b]8;;https://gcc.gnu.org/onlinedocs/gcc/Warning-Options.html#index-Wsign-compare\x07-Wsign-compare\x1b]8;;\x07\x1b[m\x1b[K]\n'}
[1.623482] (cspc_lidar) StderrLine: {'line': b'  160 |                 i2 = \x1b[01;35m\x1b[Ki2 < Scan->points.size()\x1b[m\x1b[K ? i2 : i2 - Scan->points.size();\n'}
[1.623515] (cspc_lidar) StderrLine: {'line': b'      |                      \x1b[01;35m\x1b[K~~~^~~~~~~~~~~~~~~~~~~~~\x1b[m\x1b[K\n'}
[1.623545] (cspc_lidar) StderrLine: {'line': b'\x1b[01m\x1b[K/home/meng/mDetectRobot/mDetectRobot/cspc_lidar_sdk_ros2_D4/cspc_lidar_sdk_ros2/sdk/point_cloud_optimize.cpp:162:25:\x1b[m\x1b[K \x1b[01;35m\x1b[Kwarning: \x1b[m\x1b[Kcomparison of integer expressions of different signedness: \xe2\x80\x98\x1b[01m\x1b[Kint\x1b[m\x1b[K\xe2\x80\x99 and \xe2\x80\x98\x1b[01m\x1b[Kstd::vector<LaserPoint>::size_type\x1b[m\x1b[K\xe2\x80\x99 {aka \xe2\x80\x98\x1b[01m\x1b[Klong unsigned int\x1b[m\x1b[K\xe2\x80\x99} [\x1b[01;35m\x1b[K\x1b]8;;https://gcc.gnu.org/onlinedocs/gcc/Warning-Options.html#index-Wsign-compare\x07-Wsign-compare\x1b]8;;\x07\x1b[m\x1b[K]\n'}
[1.623582] (cspc_lidar) StderrLine: {'line': b'  162 |                 i3 = \x1b[01;35m\x1b[Ki3 < Scan->points.size()\x1b[m\x1b[K ? i3 : i3 - Scan->points.size();\n'}
[1.623616] (cspc_lidar) StderrLine: {'line': b'      |                      \x1b[01;35m\x1b[K~~~^~~~~~~~~~~~~~~~~~~~~\x1b[m\x1b[K\n'}
[1.623645] (cspc_lidar) StderrLine: {'line': b'\x1b[01m\x1b[K/home/meng/mDetectRobot/mDetectRobot/cspc_lidar_sdk_ros2_D4/cspc_lidar_sdk_ros2/sdk/point_cloud_optimize.cpp:164:25:\x1b[m\x1b[K \x1b[01;35m\x1b[Kwarning: \x1b[m\x1b[Kcomparison of integer expressions of different signedness: \xe2\x80\x98\x1b[01m\x1b[Kint\x1b[m\x1b[K\xe2\x80\x99 and \xe2\x80\x98\x1b[01m\x1b[Kstd::vector<LaserPoint>::size_type\x1b[m\x1b[K\xe2\x80\x99 {aka \xe2\x80\x98\x1b[01m\x1b[Klong unsigned int\x1b[m\x1b[K\xe2\x80\x99} [\x1b[01;35m\x1b[K\x1b]8;;https://gcc.gnu.org/onlinedocs/gcc/Warning-Options.html#index-Wsign-compare\x07-Wsign-compare\x1b]8;;\x07\x1b[m\x1b[K]\n'}
[1.623683] (cspc_lidar) StderrLine: {'line': b'  164 |                 i4 = \x1b[01;35m\x1b[Ki4 < Scan->points.size()\x1b[m\x1b[K ? i4 : i4 - Scan->points.size();\n'}
[1.623712] (cspc_lidar) StderrLine: {'line': b'      |                      \x1b[01;35m\x1b[K~~~^~~~~~~~~~~~~~~~~~~~~\x1b[m\x1b[K\n'}
[1.624913] (cspc_lidar) StderrLine: {'line': b'\x1b[01m\x1b[K/home/meng/mDetectRobot/mDetectRobot/cspc_lidar_sdk_ros2_D4/cspc_lidar_sdk_ros2/sdk/point_cloud_optimize.cpp:\x1b[m\x1b[K In member function \xe2\x80\x98\x1b[01m\x1b[Kint Point_cloud_optimize::UltrasonicSimRanging(LaserPoint&)\x1b[m\x1b[K\xe2\x80\x99:\n'}
[1.625005] (cspc_lidar) StderrLine: {'line': b'\x1b[01m\x1b[K/home/meng/mDetectRobot/mDetectRobot/cspc_lidar_sdk_ros2_D4/cspc_lidar_sdk_ros2/sdk/point_cloud_optimize.cpp:228:13:\x1b[m\x1b[K \x1b[01;35m\x1b[Kwarning: \x1b[m\x1b[Kunused variable \xe2\x80\x98\x1b[01m\x1b[Ki\x1b[m\x1b[K\xe2\x80\x99 [\x1b[01;35m\x1b[K\x1b]8;;https://gcc.gnu.org/onlinedocs/gcc/Warning-Options.html#index-Wunused-variable\x07-Wunused-variable\x1b]8;;\x07\x1b[m\x1b[K]\n'}
[1.625048] (cspc_lidar) StderrLine: {'line': b'  228 |         int \x1b[01;35m\x1b[Ki\x1b[m\x1b[K, index;\n'}
[1.625088] (cspc_lidar) StderrLine: {'line': b'      |             \x1b[01;35m\x1b[K^\x1b[m\x1b[K\n'}
[1.625122] (cspc_lidar) StderrLine: {'line': b'\x1b[01m\x1b[K/home/meng/mDetectRobot/mDetectRobot/cspc_lidar_sdk_ros2_D4/cspc_lidar_sdk_ros2/sdk/point_cloud_optimize.cpp:229:15:\x1b[m\x1b[K \x1b[01;35m\x1b[Kwarning: \x1b[m\x1b[Kunused variable \xe2\x80\x98\x1b[01m\x1b[Ktempdep\x1b[m\x1b[K\xe2\x80\x99 [\x1b[01;35m\x1b[K\x1b]8;;https://gcc.gnu.org/onlinedocs/gcc/Warning-Options.html#index-Wunused-variable\x07-Wunused-variable\x1b]8;;\x07\x1b[m\x1b[K]\n'}
[1.625155] (cspc_lidar) StderrLine: {'line': b'  229 |         short \x1b[01;35m\x1b[Ktempdep\x1b[m\x1b[K;\n'}
[1.625186] (cspc_lidar) StderrLine: {'line': b'      |               \x1b[01;35m\x1b[K^~~~~~~\x1b[m\x1b[K\n'}
[1.625217] (cspc_lidar) StderrLine: {'line': b'\x1b[01m\x1b[K/home/meng/mDetectRobot/mDetectRobot/cspc_lidar_sdk_ros2_D4/cspc_lidar_sdk_ros2/sdk/point_cloud_optimize.cpp:253:1:\x1b[m\x1b[K \x1b[01;35m\x1b[Kwarning: \x1b[m\x1b[Kno return statement in function returning non-void [\x1b[01;35m\x1b[K\x1b]8;;https://gcc.gnu.org/onlinedocs/gcc/Warning-Options.html#index-Wreturn-type\x07-Wreturn-type\x1b]8;;\x07\x1b[m\x1b[K]\n'}
[1.625250] (cspc_lidar) StderrLine: {'line': b'  253 | \x1b[01;35m\x1b[K}\x1b[m\x1b[K\n'}
[1.625279] (cspc_lidar) StderrLine: {'line': b'      | \x1b[01;35m\x1b[K^\x1b[m\x1b[K\n'}
[1.625580] (cspc_lidar) StderrLine: {'line': b'\x1b[01m\x1b[K/home/meng/mDetectRobot/mDetectRobot/cspc_lidar_sdk_ros2_D4/cspc_lidar_sdk_ros2/sdk/point_cloud_optimize.cpp:\x1b[m\x1b[K In member function \xe2\x80\x98\x1b[01m\x1b[Kvoid Point_cloud_optimize::lidar_blocked_judge(int)\x1b[m\x1b[K\xe2\x80\x99:\n'}
[1.625619] (cspc_lidar) StderrLine: {'line': b'\x1b[01m\x1b[K/home/meng/mDetectRobot/mDetectRobot/cspc_lidar_sdk_ros2_D4/cspc_lidar_sdk_ros2/sdk/point_cloud_optimize.cpp:341:60:\x1b[m\x1b[K \x1b[01;35m\x1b[Kwarning: \x1b[m\x1b[Kformat \xe2\x80\x98\x1b[01m\x1b[K%d\x1b[m\x1b[K\xe2\x80\x99 expects argument of type \xe2\x80\x98\x1b[01m\x1b[Kint\x1b[m\x1b[K\xe2\x80\x99, but argument 3 has type \xe2\x80\x98\x1b[01m\x1b[Ksize_t\x1b[m\x1b[K\xe2\x80\x99 {aka \xe2\x80\x98\x1b[01m\x1b[Klong unsigned int\x1b[m\x1b[K\xe2\x80\x99} [\x1b[01;35m\x1b[K\x1b]8;;https://gcc.gnu.org/onlinedocs/gcc/Warning-Options.html#index-Wformat=\x07-Wformat=\x1b]8;;\x07\x1b[m\x1b[K]\n'}
[1.625657] (cspc_lidar) StderrLine: {'line': b'  341 |                 printf("lidar \xe9\x9b\xb7\xe8\xbe\xbe\xe8\xa2\xab\xe4\xb8\xa5\xe9\x87\x8d\xe9\x81\xae\xe6\x8c\xa1\xe7\x99\xbe\xe5\x88\x86\xe4\xb9\x8b\xe4\xb8\x83\xe5\x8d\x81 %d,\x1b[01;35m\x1b[K%d\x1b[m\x1b[K\\n",node_lidar.lidar_block.lidar_zero_count,\x1b[32m\x1b[Knode_lidar.scan_node_count\x1b[m\x1b[K);\n'}
[1.625689] (cspc_lidar) StderrLine: {'line': b'      |                                                           \x1b[01;35m\x1b[K~^\x1b[m\x1b[K                                            \x1b[32m\x1b[K~~~~~~~~~~~~~~~~~~~~~~~~~~\x1b[m\x1b[K\n'}
[1.625720] (cspc_lidar) StderrLine: {'line': b'      |                                                            \x1b[01;35m\x1b[K|\x1b[m\x1b[K                                                       \x1b[32m\x1b[K|\x1b[m\x1b[K\n'}
[1.625752] (cspc_lidar) StderrLine: {'line': b'      |                                                            \x1b[01;35m\x1b[Kint\x1b[m\x1b[K                                                     \x1b[32m\x1b[Ksize_t {aka long unsigned int}\x1b[m\x1b[K\n'}
[1.625782] (cspc_lidar) StderrLine: {'line': b'      |                                                           \x1b[32m\x1b[K%ld\x1b[m\x1b[K\n'}
[1.625930] (cspc_lidar) StderrLine: {'line': b'\x1b[01m\x1b[K/home/meng/mDetectRobot/mDetectRobot/cspc_lidar_sdk_ros2_D4/cspc_lidar_sdk_ros2/sdk/point_cloud_optimize.cpp:\x1b[m\x1b[K In member function \xe2\x80\x98\x1b[01m\x1b[Kvoid Point_cloud_optimize::lidar_blocked_init()\x1b[m\x1b[K\xe2\x80\x99:\n'}
[1.626016] (cspc_lidar) StderrLine: {'line': b'\x1b[01m\x1b[K/home/meng/mDetectRobot/mDetectRobot/cspc_lidar_sdk_ros2_D4/cspc_lidar_sdk_ros2/sdk/point_cloud_optimize.cpp:404:69:\x1b[m\x1b[K \x1b[01;35m\x1b[Kwarning: \x1b[m\x1b[Ksuggest parentheses around \xe2\x80\x98\x1b[01m\x1b[K&&\x1b[m\x1b[K\xe2\x80\x99 within \xe2\x80\x98\x1b[01m\x1b[K||\x1b[m\x1b[K\xe2\x80\x99 [\x1b[01;35m\x1b[K\x1b]8;;https://gcc.gnu.org/onlinedocs/gcc/Warning-Options.html#index-Wparentheses\x07-Wparentheses\x1b]8;;\x07\x1b[m\x1b[K]\n'}
[1.626068] (cspc_lidar) StderrLine: {'line': b'  404 |                         if((angle >= 0 && angle < 90)|| \x1b[01;35m\x1b[Kangle > 270 && angle <=360\x1b[m\x1b[K){\n'}
[1.626103] (cspc_lidar) StderrLine: {'line': b'      |                                                         \x1b[01;35m\x1b[K~~~~~~~~~~~~^~~~~~~~~~~~~~\x1b[m\x1b[K\n'}
[1.626137] (cspc_lidar) StderrLine: {'line': b'\x1b[01m\x1b[K/home/meng/mDetectRobot/mDetectRobot/cspc_lidar_sdk_ros2_D4/cspc_lidar_sdk_ros2/sdk/point_cloud_optimize.cpp:375:21:\x1b[m\x1b[K \x1b[01;35m\x1b[Kwarning: \x1b[m\x1b[Kunused variable \xe2\x80\x98\x1b[01m\x1b[Ktemp\x1b[m\x1b[K\xe2\x80\x99 [\x1b[01;35m\x1b[K\x1b]8;;https://gcc.gnu.org/onlinedocs/gcc/Warning-Options.html#index-Wunused-variable\x07-Wunused-variable\x1b]8;;\x07\x1b[m\x1b[K]\n'}
[1.626176] (cspc_lidar) StderrLine: {'line': b'  375 |         float r, d, \x1b[01;35m\x1b[Ktemp\x1b[m\x1b[K;\n'}
[1.626208] (cspc_lidar) StderrLine: {'line': b'      |                     \x1b[01;35m\x1b[K^~~~\x1b[m\x1b[K\n'}
[1.629537] (cspc_lidar) StderrLine: {'line': b'\x1b[01m\x1b[K/home/meng/mDetectRobot/mDetectRobot/cspc_lidar_sdk_ros2_D4/cspc_lidar_sdk_ros2/sdk/serial_port.cpp:\x1b[m\x1b[K In member function \xe2\x80\x98\x1b[01m\x1b[Kbool Serial_Port::setCustomBaudRate(long unsigned int)\x1b[m\x1b[K\xe2\x80\x99:\n'}
[1.629622] (cspc_lidar) StderrLine: {'line': b'\x1b[01m\x1b[K/home/meng/mDetectRobot/mDetectRobot/cspc_lidar_sdk_ros2_D4/cspc_lidar_sdk_ros2/sdk/serial_port.cpp:571:1:\x1b[m\x1b[K \x1b[01;35m\x1b[Kwarning: \x1b[m\x1b[Kcontrol reaches end of non-void function [\x1b[01;35m\x1b[K\x1b]8;;https://gcc.gnu.org/onlinedocs/gcc/Warning-Options.html#index-Wreturn-type\x07-Wreturn-type\x1b]8;;\x07\x1b[m\x1b[K]\n'}
[1.629662] (cspc_lidar) StderrLine: {'line': b'  571 | \x1b[01;35m\x1b[K}\x1b[m\x1b[K\n'}
[1.629695] (cspc_lidar) StderrLine: {'line': b'      | \x1b[01;35m\x1b[K^\x1b[m\x1b[K\n'}
[1.659751] (cspc_lidar) StderrLine: {'line': b'\x1b[01m\x1b[K/home/meng/mDetectRobot/mDetectRobot/cspc_lidar_sdk_ros2_D4/cspc_lidar_sdk_ros2/sdk/lidar_data_processing.cpp:\x1b[m\x1b[K In member function \xe2\x80\x98\x1b[01m\x1b[Kbool Lidar_Data_Processing::wait_start_reply(uint64_t)\x1b[m\x1b[K\xe2\x80\x99:\n'}
[1.659970] (cspc_lidar) StderrLine: {'line': b'\x1b[01m\x1b[K/home/meng/mDetectRobot/mDetectRobot/cspc_lidar_sdk_ros2_D4/cspc_lidar_sdk_ros2/sdk/lidar_data_processing.cpp:107:49:\x1b[m\x1b[K \x1b[01;35m\x1b[Kwarning: \x1b[m\x1b[Kcomparison of integer expressions of different signedness: \xe2\x80\x98\x1b[01m\x1b[Kint64_t\x1b[m\x1b[K\xe2\x80\x99 {aka \xe2\x80\x98\x1b[01m\x1b[Klong int\x1b[m\x1b[K\xe2\x80\x99} and \xe2\x80\x98\x1b[01m\x1b[Kuint64_t\x1b[m\x1b[K\xe2\x80\x99 {aka \xe2\x80\x98\x1b[01m\x1b[Klong unsigned int\x1b[m\x1b[K\xe2\x80\x99} [\x1b[01;35m\x1b[K\x1b]8;;https://gcc.gnu.org/onlinedocs/gcc/Warning-Options.html#index-Wsign-compare\x07-Wsign-compare\x1b]8;;\x07\x1b[m\x1b[K]\n'}
[1.660094] (cspc_lidar) StderrLine: {'line': b'  107 |   while (\x1b[01;35m\x1b[K(waitTime = current_times() - startTs) <= timeout\x1b[m\x1b[K){\n'}
[1.660189] (cspc_lidar) StderrLine: {'line': b'      |          \x1b[01;35m\x1b[K~~~~~~~~~~~~~~~~~~~~~~~~~~~~~~~~~~~~~~~^~~~~~~~~~\x1b[m\x1b[K\n'}
[1.660728] (cspc_lidar) StderrLine: {'line': b'\x1b[01m\x1b[K/home/meng/mDetectRobot/mDetectRobot/cspc_lidar_sdk_ros2_D4/cspc_lidar_sdk_ros2/sdk/lidar_data_processing.cpp:\x1b[m\x1b[K In member function \xe2\x80\x98\x1b[01m\x1b[Kresult_t Lidar_Data_Processing::waitSpeedRight(uint8_t, uint64_t)\x1b[m\x1b[K\xe2\x80\x99:\n'}
[1.660830] (cspc_lidar) StderrLine: {'line': b'\x1b[01m\x1b[K/home/meng/mDetectRobot/mDetectRobot/cspc_lidar_sdk_ros2_D4/cspc_lidar_sdk_ros2/sdk/lidar_data_processing.cpp:209:56:\x1b[m\x1b[K \x1b[01;35m\x1b[Kwarning: \x1b[m\x1b[Kunused parameter \xe2\x80\x98\x1b[01m\x1b[Kcmd\x1b[m\x1b[K\xe2\x80\x99 [\x1b[01;35m\x1b[K\x1b]8;;https://gcc.gnu.org/onlinedocs/gcc/Warning-Options.html#index-Wunused-parameter\x07-Wunused-parameter\x1b]8;;\x07\x1b[m\x1b[K]\n'}
[1.660929] (cspc_lidar) StderrLine: {'line': b'  209 | result_t Lidar_Data_Processing::waitSpeedRight(\x1b[01;35m\x1b[Kuint8_t cmd\x1b[m\x1b[K,uint64_t timeout)\n'}
[1.661014] (cspc_lidar) StderrLine: {'line': b'      |                                                \x1b[01;35m\x1b[K~~~~~~~~^~~\x1b[m\x1b[K\n'}
[1.661400] (cspc_lidar) StderrLine: {'line': b'\x1b[01m\x1b[K/home/meng/mDetectRobot/mDetectRobot/cspc_lidar_sdk_ros2_D4/cspc_lidar_sdk_ros2/sdk/lidar_data_processing.cpp:\x1b[m\x1b[K In member function \xe2\x80\x98\x1b[01m\x1b[Kresult_t Lidar_Data_Processing::waitResponseHeader(uint8_t, uint64_t)\x1b[m\x1b[K\xe2\x80\x99:\n'}
[1.661493] (cspc_lidar) StderrLine: {'line': b'\x1b[01m\x1b[K/home/meng/mDetectRobot/mDetectRobot/cspc_lidar_sdk_ros2_D4/cspc_lidar_sdk_ros2/sdk/lidar_data_processing.cpp:481:28:\x1b[m\x1b[K \x1b[01;35m\x1b[Kwarning: \x1b[m\x1b[Kformat \xe2\x80\x98\x1b[01m\x1b[K%d\x1b[m\x1b[K\xe2\x80\x99 expects argument of type \xe2\x80\x98\x1b[01m\x1b[Kint\x1b[m\x1b[K\xe2\x80\x99, but argument 4 has type \xe2\x80\x98\x1b[01m\x1b[Ksize_t\x1b[m\x1b[K\xe2\x80\x99 {aka \xe2\x80\x98\x1b[01m\x1b[Klong unsigned int\x1b[m\x1b[K\xe2\x80\x99} [\x1b[01;35m\x1b[K\x1b]8;;https://gcc.gnu.org/onlinedocs/gcc/Warning-Options.html#index-Wformat=\x07-Wformat=\x1b]8;;\x07\x1b[m\x1b[K]\n'}
[1.661596] (cspc_lidar) StderrLine: {'line': b'  481 |       printf("data**%d,%d,\x1b[01;35m\x1b[K%d\x1b[m\x1b[K\\n",check_sum_cal,recvBuffer[remainSize-1],\x1b[32m\x1b[KremainSize\x1b[m\x1b[K);\n'}
[1.661684] (cspc_lidar) StderrLine: {'line': b'      |                           \x1b[01;35m\x1b[K~^\x1b[m\x1b[K                                           \x1b[32m\x1b[K~~~~~~~~~~\x1b[m\x1b[K\n'}
[1.661772] (cspc_lidar) StderrLine: {'line': b'      |                            \x1b[01;35m\x1b[K|\x1b[m\x1b[K                                           \x1b[32m\x1b[K|\x1b[m\x1b[K\n'}
[1.661854] (cspc_lidar) StderrLine: {'line': b'      |                            \x1b[01;35m\x1b[Kint\x1b[m\x1b[K                                         \x1b[32m\x1b[Ksize_t {aka long unsigned int}\x1b[m\x1b[K\n'}
[1.661937] (cspc_lidar) StderrLine: {'line': b'      |                           \x1b[32m\x1b[K%ld\x1b[m\x1b[K\n'}
[1.664483] (cspc_lidar) StderrLine: {'line': b'\x1b[01m\x1b[K/home/meng/mDetectRobot/mDetectRobot/cspc_lidar_sdk_ros2_D4/cspc_lidar_sdk_ros2/sdk/lidar_data_processing.cpp:\x1b[m\x1b[K In member function \xe2\x80\x98\x1b[01m\x1b[Kresult_t Lidar_Data_Processing::waitPackage_coin(node_info*, uint32_t)\x1b[m\x1b[K\xe2\x80\x99:\n'}
[1.664590] (cspc_lidar) StderrLine: {'line': b'\x1b[01m\x1b[K/home/meng/mDetectRobot/mDetectRobot/cspc_lidar_sdk_ros2_D4/cspc_lidar_sdk_ros2/sdk/lidar_data_processing.cpp:973:9:\x1b[m\x1b[K \x1b[01;35m\x1b[Kwarning: \x1b[m\x1b[Kunused variable \xe2\x80\x98\x1b[01m\x1b[Kk\x1b[m\x1b[K\xe2\x80\x99 [\x1b[01;35m\x1b[K\x1b]8;;https://gcc.gnu.org/onlinedocs/gcc/Warning-Options.html#index-Wunused-variable\x07-Wunused-variable\x1b]8;;\x07\x1b[m\x1b[K]\n'}
[1.664754] (cspc_lidar) StderrLine: {'line': b'  973 |     int \x1b[01;35m\x1b[Kk\x1b[m\x1b[K;\n'}
[1.664834] (cspc_lidar) StderrLine: {'line': b'      |         \x1b[01;35m\x1b[K^\x1b[m\x1b[K\n'}
[1.664910] (cspc_lidar) StderrLine: {'line': b'\x1b[01m\x1b[K/home/meng/mDetectRobot/mDetectRobot/cspc_lidar_sdk_ros2_D4/cspc_lidar_sdk_ros2/sdk/lidar_data_processing.cpp:873:11:\x1b[m\x1b[K \x1b[01;35m\x1b[Kwarning: \x1b[m\x1b[Kvariable \xe2\x80\x98\x1b[01m\x1b[KAngleCorrectForDistance\x1b[m\x1b[K\xe2\x80\x99 set but not used [\x1b[01;35m\x1b[K\x1b]8;;https://gcc.gnu.org/onlinedocs/gcc/Warning-Options.html#index-Wunused-but-set-variable\x07-Wunused-but-set-variable\x1b]8;;\x07\x1b[m\x1b[K]\n'}
[1.664992] (cspc_lidar) StderrLine: {'line': b'  873 |   int32_t \x1b[01;35m\x1b[KAngleCorrectForDistance\x1b[m\x1b[K = 0;\n'}
[1.665076] (cspc_lidar) StderrLine: {'line': b'      |           \x1b[01;35m\x1b[K^~~~~~~~~~~~~~~~~~~~~~~\x1b[m\x1b[K\n'}
[1.665155] (cspc_lidar) StderrLine: {'line': b'\x1b[01m\x1b[K/home/meng/mDetectRobot/mDetectRobot/cspc_lidar_sdk_ros2_D4/cspc_lidar_sdk_ros2/sdk/lidar_data_processing.cpp:875:11:\x1b[m\x1b[K \x1b[01;35m\x1b[Kwarning: \x1b[m\x1b[Kunused variable \xe2\x80\x98\x1b[01m\x1b[Kpackage_type\x1b[m\x1b[K\xe2\x80\x99 [\x1b[01;35m\x1b[K\x1b]8;;https://gcc.gnu.org/onlinedocs/gcc/Warning-Options.html#index-Wunused-variable\x07-Wunused-variable\x1b]8;;\x07\x1b[m\x1b[K]\n'}
[1.665237] (cspc_lidar) StderrLine: {'line': b'  875 |   uint8_t \x1b[01;35m\x1b[Kpackage_type\x1b[m\x1b[K = 0;\n'}
[1.665314] (cspc_lidar) StderrLine: {'line': b'      |           \x1b[01;35m\x1b[K^~~~~~~~~~~~\x1b[m\x1b[K\n'}
[1.665392] (cspc_lidar) StderrLine: {'line': b'\x1b[01m\x1b[K/home/meng/mDetectRobot/mDetectRobot/cspc_lidar_sdk_ros2_D4/cspc_lidar_sdk_ros2/sdk/lidar_data_processing.cpp:877:12:\x1b[m\x1b[K \x1b[01;35m\x1b[Kwarning: \x1b[m\x1b[Kunused variable \xe2\x80\x98\x1b[01m\x1b[Kstart\x1b[m\x1b[K\xe2\x80\x99 [\x1b[01;35m\x1b[K\x1b]8;;https://gcc.gnu.org/onlinedocs/gcc/Warning-Options.html#index-Wunused-variable\x07-Wunused-variable\x1b]8;;\x07\x1b[m\x1b[K]\n'}
[1.665480] (cspc_lidar) StderrLine: {'line': b'  877 |   uint16_t \x1b[01;35m\x1b[Kstart\x1b[m\x1b[K;\n'}
[1.665558] (cspc_lidar) StderrLine: {'line': b'      |            \x1b[01;35m\x1b[K^~~~~\x1b[m\x1b[K\n'}
[1.665644] (cspc_lidar) StderrLine: {'line': b'\x1b[01m\x1b[K/home/meng/mDetectRobot/mDetectRobot/cspc_lidar_sdk_ros2_D4/cspc_lidar_sdk_ros2/sdk/lidar_data_processing.cpp:878:12:\x1b[m\x1b[K \x1b[01;35m\x1b[Kwarning: \x1b[m\x1b[Kunused variable \xe2\x80\x98\x1b[01m\x1b[Kstop\x1b[m\x1b[K\xe2\x80\x99 [\x1b[01;35m\x1b[K\x1b]8;;https://gcc.gnu.org/onlinedocs/gcc/Warning-Options.html#index-Wunused-variable\x07-Wunused-variable\x1b]8;;\x07\x1b[m\x1b[K]\n'}
[1.665730] (cspc_lidar) StderrLine: {'line': b'  878 |   uint16_t \x1b[01;35m\x1b[Kstop\x1b[m\x1b[K;\n'}
[1.665808] (cspc_lidar) StderrLine: {'line': b'      |            \x1b[01;35m\x1b[K^~~~\x1b[m\x1b[K\n'}
[1.702326] (-) TimerEvent: {}
[1.796947] (cspc_lidar) StderrLine: {'line': b'\x1b[01m\x1b[K/home/meng/mDetectRobot/mDetectRobot/cspc_lidar_sdk_ros2_D4/cspc_lidar_sdk_ros2/sdk/calibration.cpp:\x1b[m\x1b[K In function \xe2\x80\x98\x1b[01m\x1b[Kvoid pcloud_build_by_scan(LaserScan&, pcloud_t&)\x1b[m\x1b[K\xe2\x80\x99:\n'}
[1.797151] (cspc_lidar) StderrLine: {'line': b'\x1b[01m\x1b[K/home/meng/mDetectRobot/mDetectRobot/cspc_lidar_sdk_ros2_D4/cspc_lidar_sdk_ros2/sdk/calibration.cpp:44:21:\x1b[m\x1b[K \x1b[01;35m\x1b[Kwarning: \x1b[m\x1b[Kcomparison of integer expressions of different signedness: \xe2\x80\x98\x1b[01m\x1b[Kint\x1b[m\x1b[K\xe2\x80\x99 and \xe2\x80\x98\x1b[01m\x1b[Kstd::vector<LaserPoint>::size_type\x1b[m\x1b[K\xe2\x80\x99 {aka \xe2\x80\x98\x1b[01m\x1b[Klong unsigned int\x1b[m\x1b[K\xe2\x80\x99} [\x1b[01;35m\x1b[K\x1b]8;;https://gcc.gnu.org/onlinedocs/gcc/Warning-Options.html#index-Wsign-compare\x07-Wsign-compare\x1b]8;;\x07\x1b[m\x1b[K]\n'}
[1.797262] (cspc_lidar) StderrLine: {'line': b'   44 |   for (int i = 0; \x1b[01;35m\x1b[Ki < outscan.points.size()\x1b[m\x1b[K; i++)\n'}
[1.797345] (cspc_lidar) StderrLine: {'line': b'      |                   \x1b[01;35m\x1b[K~~^~~~~~~~~~~~~~~~~~~~~~~\x1b[m\x1b[K\n'}
[1.797426] (cspc_lidar) StderrLine: {'line': b'\x1b[01m\x1b[K/home/meng/mDetectRobot/mDetectRobot/cspc_lidar_sdk_ros2_D4/cspc_lidar_sdk_ros2/sdk/calibration.cpp:46:11:\x1b[m\x1b[K \x1b[01;35m\x1b[Kwarning: \x1b[m\x1b[K\xe2\x80\x98\x1b[01m\x1b[Kvoid* memset(void*, int, size_t)\x1b[m\x1b[K\xe2\x80\x99 clearing an object of non-trivial type \xe2\x80\x98\x1b[01m\x1b[Kpoint_t\x1b[m\x1b[K\xe2\x80\x99 {aka \xe2\x80\x98\x1b[01m\x1b[Kstruct _point_\x1b[m\x1b[K\xe2\x80\x99}; use assignment or value-initialization instead [\x1b[01;35m\x1b[K\x1b]8;;https://gcc.gnu.org/onlinedocs/gcc/Warning-Options.html#index-Wclass-memaccess\x07-Wclass-memaccess\x1b]8;;\x07\x1b[m\x1b[K]\n'}
[1.797509] (cspc_lidar) StderrLine: {'line': b'   46 |     \x1b[01;35m\x1b[Kmemset(&point, 0, sizeof(point_t))\x1b[m\x1b[K;\n'}
[1.797725] (cspc_lidar) StderrLine: {'line': b'      |     \x1b[01;35m\x1b[K~~~~~~^~~~~~~~~~~~~~~~~~~~~~~~~~~~\x1b[m\x1b[K\n'}
[1.797817] (cspc_lidar) StderrLine: {'line': b'In file included from \x1b[01m\x1b[K/home/meng/mDetectRobot/mDetectRobot/cspc_lidar_sdk_ros2_D4/cspc_lidar_sdk_ros2/sdk/calibration.cpp:8\x1b[m\x1b[K:\n'}
[1.797900] (cspc_lidar) StderrLine: {'line': b'\x1b[01m\x1b[K/home/meng/mDetectRobot/mDetectRobot/cspc_lidar_sdk_ros2_D4/cspc_lidar_sdk_ros2/sdk/calibration.h:52:16:\x1b[m\x1b[K \x1b[01;36m\x1b[Knote: \x1b[m\x1b[K\xe2\x80\x98\x1b[01m\x1b[Kpoint_t\x1b[m\x1b[K\xe2\x80\x99 {aka \xe2\x80\x98\x1b[01m\x1b[Kstruct _point_\x1b[m\x1b[K\xe2\x80\x99} declared here\n'}
[1.797983] (cspc_lidar) StderrLine: {'line': b'   52 | typedef struct \x1b[01;36m\x1b[K_point_\x1b[m\x1b[K\n'}
[1.798067] (cspc_lidar) StderrLine: {'line': b'      |                \x1b[01;36m\x1b[K^~~~~~~\x1b[m\x1b[K\n'}
[1.798251] (cspc_lidar) StderrLine: {'line': b'\x1b[01m\x1b[K/home/meng/mDetectRobot/mDetectRobot/cspc_lidar_sdk_ros2_D4/cspc_lidar_sdk_ros2/sdk/calibration.cpp:\x1b[m\x1b[K In function \xe2\x80\x98\x1b[01m\x1b[Kint find_index(point_t, pcloud_t&)\x1b[m\x1b[K\xe2\x80\x99:\n'}
[1.798356] (cspc_lidar) StderrLine: {'line': b'\x1b[01m\x1b[K/home/meng/mDetectRobot/mDetectRobot/cspc_lidar_sdk_ros2_D4/cspc_lidar_sdk_ros2/sdk/calibration.cpp:105:9:\x1b[m\x1b[K \x1b[01;35m\x1b[Kwarning: \x1b[m\x1b[K\xe2\x80\x98\x1b[01m\x1b[Kvoid* memset(void*, int, size_t)\x1b[m\x1b[K\xe2\x80\x99 clearing an object of non-trivial type \xe2\x80\x98\x1b[01m\x1b[Kpoint_t\x1b[m\x1b[K\xe2\x80\x99 {aka \xe2\x80\x98\x1b[01m\x1b[Kstruct _point_\x1b[m\x1b[K\xe2\x80\x99}; use assignment or value-initialization instead [\x1b[01;35m\x1b[K\x1b]8;;https://gcc.gnu.org/onlinedocs/gcc/Warning-Options.html#index-Wclass-memaccess\x07-Wclass-memaccess\x1b]8;;\x07\x1b[m\x1b[K]\n'}
[1.798447] (cspc_lidar) StderrLine: {'line': b'  105 |   \x1b[01;35m\x1b[Kmemset(&point_min, 0, sizeof(point_t))\x1b[m\x1b[K;\n'}
[1.798526] (cspc_lidar) StderrLine: {'line': b'      |   \x1b[01;35m\x1b[K~~~~~~^~~~~~~~~~~~~~~~~~~~~~~~~~~~~~~~\x1b[m\x1b[K\n'}
[1.798619] (cspc_lidar) StderrLine: {'line': b'In file included from \x1b[01m\x1b[K/home/meng/mDetectRobot/mDetectRobot/cspc_lidar_sdk_ros2_D4/cspc_lidar_sdk_ros2/sdk/calibration.cpp:8\x1b[m\x1b[K:\n'}
[1.798702] (cspc_lidar) StderrLine: {'line': b'\x1b[01m\x1b[K/home/meng/mDetectRobot/mDetectRobot/cspc_lidar_sdk_ros2_D4/cspc_lidar_sdk_ros2/sdk/calibration.h:52:16:\x1b[m\x1b[K \x1b[01;36m\x1b[Knote: \x1b[m\x1b[K\xe2\x80\x98\x1b[01m\x1b[Kpoint_t\x1b[m\x1b[K\xe2\x80\x99 {aka \xe2\x80\x98\x1b[01m\x1b[Kstruct _point_\x1b[m\x1b[K\xe2\x80\x99} declared here\n'}
[1.798780] (cspc_lidar) StderrLine: {'line': b'   52 | typedef struct \x1b[01;36m\x1b[K_point_\x1b[m\x1b[K\n'}
[1.798855] (cspc_lidar) StderrLine: {'line': b'      |                \x1b[01;36m\x1b[K^~~~~~~\x1b[m\x1b[K\n'}
[1.798928] (cspc_lidar) StderrLine: {'line': b'\x1b[01m\x1b[K/home/meng/mDetectRobot/mDetectRobot/cspc_lidar_sdk_ros2_D4/cspc_lidar_sdk_ros2/sdk/calibration.cpp:124:23:\x1b[m\x1b[K \x1b[01;35m\x1b[Kwarning: \x1b[m\x1b[Kcomparison of integer expressions of different signedness: \xe2\x80\x98\x1b[01m\x1b[Kint\x1b[m\x1b[K\xe2\x80\x99 and \xe2\x80\x98\x1b[01m\x1b[Kstd::vector<_point_>::size_type\x1b[m\x1b[K\xe2\x80\x99 {aka \xe2\x80\x98\x1b[01m\x1b[Klong unsigned int\x1b[m\x1b[K\xe2\x80\x99} [\x1b[01;35m\x1b[K\x1b]8;;https://gcc.gnu.org/onlinedocs/gcc/Warning-Options.html#index-Wsign-compare\x07-Wsign-compare\x1b]8;;\x07\x1b[m\x1b[K]\n'}
[1.799013] (cspc_lidar) StderrLine: {'line': b'  124 |   if (\x1b[01;35m\x1b[Kpoint_min.index > pcloud.data.size()\x1b[m\x1b[K)\n'}
[1.799089] (cspc_lidar) StderrLine: {'line': b'      |       \x1b[01;35m\x1b[K~~~~~~~~~~~~~~~~^~~~~~~~~~~~~~~~~~~~\x1b[m\x1b[K\n'}
[1.799162] (cspc_lidar) StderrLine: {'line': b'\x1b[01m\x1b[K/home/meng/mDetectRobot/mDetectRobot/cspc_lidar_sdk_ros2_D4/cspc_lidar_sdk_ros2/sdk/calibration.cpp:\x1b[m\x1b[K In function \xe2\x80\x98\x1b[01m\x1b[Kbool intersect(LineSegment, LineSegment, Vector2D&)\x1b[m\x1b[K\xe2\x80\x99:\n'}
[1.799244] (cspc_lidar) StderrLine: {'line': b'\x1b[01m\x1b[K/home/meng/mDetectRobot/mDetectRobot/cspc_lidar_sdk_ros2_D4/cspc_lidar_sdk_ros2/sdk/calibration.cpp:167:10:\x1b[m\x1b[K \x1b[01;35m\x1b[Kwarning: \x1b[m\x1b[Kunused variable \xe2\x80\x98\x1b[01m\x1b[Kcross1\x1b[m\x1b[K\xe2\x80\x99 [\x1b[01;35m\x1b[K\x1b]8;;https://gcc.gnu.org/onlinedocs/gcc/Warning-Options.html#index-Wunused-variable\x07-Wunused-variable\x1b]8;;\x07\x1b[m\x1b[K]\n'}
[1.799326] (cspc_lidar) StderrLine: {'line': b'  167 |   double \x1b[01;35m\x1b[Kcross1\x1b[m\x1b[K = position1.x * direction1.y - position1.y * direction1.x;\n'}
[1.799409] (cspc_lidar) StderrLine: {'line': b'      |          \x1b[01;35m\x1b[K^~~~~~\x1b[m\x1b[K\n'}
[1.801100] (cspc_lidar) StderrLine: {'line': b'\x1b[01m\x1b[K/home/meng/mDetectRobot/mDetectRobot/cspc_lidar_sdk_ros2_D4/cspc_lidar_sdk_ros2/sdk/calibration.cpp:\x1b[m\x1b[K In function \xe2\x80\x98\x1b[01m\x1b[Kdouble pointToLineDist(point_t, double, double)\x1b[m\x1b[K\xe2\x80\x99:\n'}
[1.801329] (cspc_lidar) StderrLine: {'line': b'\x1b[01m\x1b[K/home/meng/mDetectRobot/mDetectRobot/cspc_lidar_sdk_ros2_D4/cspc_lidar_sdk_ros2/sdk/calibration.cpp:439:10:\x1b[m\x1b[K \x1b[01;35m\x1b[Kwarning: \x1b[m\x1b[Kunused variable \xe2\x80\x98\x1b[01m\x1b[Ky0\x1b[m\x1b[K\xe2\x80\x99 [\x1b[01;35m\x1b[K\x1b]8;;https://gcc.gnu.org/onlinedocs/gcc/Warning-Options.html#index-Wunused-variable\x07-Wunused-variable\x1b]8;;\x07\x1b[m\x1b[K]\n'}
[1.801482] (cspc_lidar) StderrLine: {'line': b'  439 |   double \x1b[01;35m\x1b[Ky0\x1b[m\x1b[K = k * x0 + b;\n'}
[1.801570] (cspc_lidar) StderrLine: {'line': b'      |          \x1b[01;35m\x1b[K^~\x1b[m\x1b[K\n'}
[1.801667] (cspc_lidar) StderrLine: {'line': b'\x1b[01m\x1b[K/home/meng/mDetectRobot/mDetectRobot/cspc_lidar_sdk_ros2_D4/cspc_lidar_sdk_ros2/sdk/calibration.cpp:\x1b[m\x1b[K In function \xe2\x80\x98\x1b[01m\x1b[Kbool line_judgment(std::vector<_point_>, point_t)\x1b[m\x1b[K\xe2\x80\x99:\n'}
[1.801750] (cspc_lidar) StderrLine: {'line': b'\x1b[01m\x1b[K/home/meng/mDetectRobot/mDetectRobot/cspc_lidar_sdk_ros2_D4/cspc_lidar_sdk_ros2/sdk/calibration.cpp:462:19:\x1b[m\x1b[K \x1b[01;35m\x1b[Kwarning: \x1b[m\x1b[Kcomparison of integer expressions of different signedness: \xe2\x80\x98\x1b[01m\x1b[Kstd::vector<_point_>::size_type\x1b[m\x1b[K\xe2\x80\x99 {aka \xe2\x80\x98\x1b[01m\x1b[Klong unsigned int\x1b[m\x1b[K\xe2\x80\x99} and \xe2\x80\x98\x1b[01m\x1b[Kint\x1b[m\x1b[K\xe2\x80\x99 [\x1b[01;35m\x1b[K\x1b]8;;https://gcc.gnu.org/onlinedocs/gcc/Warning-Options.html#index-Wsign-compare\x07-Wsign-compare\x1b]8;;\x07\x1b[m\x1b[K]\n'}
[1.801855] (cspc_lidar) StderrLine: {'line': b'  462 |   if (\x1b[01;35m\x1b[Kline.size() <= reference\x1b[m\x1b[K)\n'}
[1.801934] (cspc_lidar) StderrLine: {'line': b'      |       \x1b[01;35m\x1b[K~~~~~~~~~~~~^~~~~~~~~~~~\x1b[m\x1b[K\n'}
[1.802012] (cspc_lidar) StderrLine: {'line': b'\x1b[01m\x1b[K/home/meng/mDetectRobot/mDetectRobot/cspc_lidar_sdk_ros2_D4/cspc_lidar_sdk_ros2/sdk/calibration.cpp:467:19:\x1b[m\x1b[K \x1b[01;35m\x1b[Kwarning: \x1b[m\x1b[Kcomparison of integer expressions of different signedness: \xe2\x80\x98\x1b[01m\x1b[Kstd::vector<_point_>::size_type\x1b[m\x1b[K\xe2\x80\x99 {aka \xe2\x80\x98\x1b[01m\x1b[Klong unsigned int\x1b[m\x1b[K\xe2\x80\x99} and \xe2\x80\x98\x1b[01m\x1b[Kint\x1b[m\x1b[K\xe2\x80\x99 [\x1b[01;35m\x1b[K\x1b]8;;https://gcc.gnu.org/onlinedocs/gcc/Warning-Options.html#index-Wsign-compare\x07-Wsign-compare\x1b]8;;\x07\x1b[m\x1b[K]\n'}
[1.802107] (cspc_lidar) StderrLine: {'line': b'  467 |   if (\x1b[01;35m\x1b[Kline.size() <= reference\x1b[m\x1b[K)\n'}
[1.802188] (cspc_lidar) StderrLine: {'line': b'      |       \x1b[01;35m\x1b[K~~~~~~~~~~~~^~~~~~~~~~~~\x1b[m\x1b[K\n'}
[1.802263] (cspc_lidar) StderrLine: {'line': b'\x1b[01m\x1b[K/home/meng/mDetectRobot/mDetectRobot/cspc_lidar_sdk_ros2_D4/cspc_lidar_sdk_ros2/sdk/calibration.cpp:471:23:\x1b[m\x1b[K \x1b[01;35m\x1b[Kwarning: \x1b[m\x1b[Kcomparison of integer expressions of different signedness: \xe2\x80\x98\x1b[01m\x1b[Kint\x1b[m\x1b[K\xe2\x80\x99 and \xe2\x80\x98\x1b[01m\x1b[Kstd::vector<_point_>::size_type\x1b[m\x1b[K\xe2\x80\x99 {aka \xe2\x80\x98\x1b[01m\x1b[Klong unsigned int\x1b[m\x1b[K\xe2\x80\x99} [\x1b[01;35m\x1b[K\x1b]8;;https://gcc.gnu.org/onlinedocs/gcc/Warning-Options.html#index-Wsign-compare\x07-Wsign-compare\x1b]8;;\x07\x1b[m\x1b[K]\n'}
[1.802351] (-) TimerEvent: {}
[1.802511] (cspc_lidar) StderrLine: {'line': b'  471 |     for (int i = 1; \x1b[01;35m\x1b[Ki < line.size() - 1\x1b[m\x1b[K; i++)\n'}
[1.802609] (cspc_lidar) StderrLine: {'line': b'      |                     \x1b[01;35m\x1b[K~~^~~~~~~~~~~~~~~~~\x1b[m\x1b[K\n'}
[1.802694] (cspc_lidar) StderrLine: {'line': b'\x1b[01m\x1b[K/home/meng/mDetectRobot/mDetectRobot/cspc_lidar_sdk_ros2_D4/cspc_lidar_sdk_ros2/sdk/node_lidar.cpp:\x1b[m\x1b[K In function \xe2\x80\x98\x1b[01m\x1b[Kvoid flushSerial()\x1b[m\x1b[K\xe2\x80\x99:\n'}
[1.802776] (cspc_lidar) StderrLine: {'line': b'\x1b[01m\x1b[K/home/meng/mDetectRobot/mDetectRobot/cspc_lidar_sdk_ros2_D4/cspc_lidar_sdk_ros2/sdk/node_lidar.cpp:53:24:\x1b[m\x1b[K \x1b[01;35m\x1b[Kwarning: \x1b[m\x1b[Kunused variable \xe2\x80\x98\x1b[01m\x1b[Kbytes_read\x1b[m\x1b[K\xe2\x80\x99 [\x1b[01;35m\x1b[K\x1b]8;;https://gcc.gnu.org/onlinedocs/gcc/Warning-Options.html#index-Wunused-variable\x07-Wunused-variable\x1b]8;;\x07\x1b[m\x1b[K]\n'}
[1.802955] (cspc_lidar) StderrLine: {'line': b'   53 |                 size_t \x1b[01;35m\x1b[Kbytes_read\x1b[m\x1b[K = node_lidar.serial_port->read_data(buffer, len);\n'}
[1.803034] (cspc_lidar) StderrLine: {'line': b'      |                        \x1b[01;35m\x1b[K^~~~~~~~~~\x1b[m\x1b[K\n'}
[1.803109] (cspc_lidar) StderrLine: {'line': b'\x1b[01m\x1b[K/home/meng/mDetectRobot/mDetectRobot/cspc_lidar_sdk_ros2_D4/cspc_lidar_sdk_ros2/sdk/node_lidar.cpp:\x1b[m\x1b[K In function \xe2\x80\x98\x1b[01m\x1b[Kbool lidar_state_judgment()\x1b[m\x1b[K\xe2\x80\x99:\n'}
[1.803184] (cspc_lidar) StderrLine: {'line': b'\x1b[01m\x1b[K/home/meng/mDetectRobot/mDetectRobot/cspc_lidar_sdk_ros2_D4/cspc_lidar_sdk_ros2/sdk/node_lidar.cpp:86:45:\x1b[m\x1b[K \x1b[01;35m\x1b[Kwarning: \x1b[m\x1b[Kformat \xe2\x80\x98\x1b[01m\x1b[K%lld\x1b[m\x1b[K\xe2\x80\x99 expects argument of type \xe2\x80\x98\x1b[01m\x1b[Klong long int\x1b[m\x1b[K\xe2\x80\x99, but argument 2 has type \xe2\x80\x98\x1b[01m\x1b[Kuint64_t\x1b[m\x1b[K\xe2\x80\x99 {aka \xe2\x80\x98\x1b[01m\x1b[Klong unsigned int\x1b[m\x1b[K\xe2\x80\x99} [\x1b[01;35m\x1b[K\x1b]8;;https://gcc.gnu.org/onlinedocs/gcc/Warning-Options.html#index-Wformat=\x07-Wformat=\x1b]8;;\x07\x1b[m\x1b[K]\n'}
[1.803264] (cspc_lidar) StderrLine: {'line': b'   86 |                 printf("\xe7\x8a\xb6\xe6\x80\x81\xe5\xbc\x82\xe5\xb8\xb8\xe9\x87\x8d\xe6\x96\xb0\xe5\x90\xaf\xe5\x8a\xa8 \x1b[01;35m\x1b[K%lld\x1b[m\x1b[K\\n",\x1b[32m\x1b[Klidar_status_time\x1b[m\x1b[K);\n'}
[1.803397] (cspc_lidar) StderrLine: {'line': b'      |                                          \x1b[01;35m\x1b[K~~~^\x1b[m\x1b[K    \x1b[32m\x1b[K~~~~~~~~~~~~~~~~~\x1b[m\x1b[K\n'}
[1.803477] (cspc_lidar) StderrLine: {'line': b'      |                                             \x1b[01;35m\x1b[K|\x1b[m\x1b[K    \x1b[32m\x1b[K|\x1b[m\x1b[K\n'}
[1.803553] (cspc_lidar) StderrLine: {'line': b'      |                                             \x1b[01;35m\x1b[K|\x1b[m\x1b[K    \x1b[32m\x1b[Kuint64_t {aka long unsigned int}\x1b[m\x1b[K\n'}
[1.803640] (cspc_lidar) StderrLine: {'line': b'      |                                             \x1b[01;35m\x1b[Klong long int\x1b[m\x1b[K\n'}
[1.803717] (cspc_lidar) StderrLine: {'line': b'      |                                          \x1b[32m\x1b[K%ld\x1b[m\x1b[K\n'}
[1.803790] (cspc_lidar) StderrLine: {'line': b'\x1b[01m\x1b[K/home/meng/mDetectRobot/mDetectRobot/cspc_lidar_sdk_ros2_D4/cspc_lidar_sdk_ros2/sdk/node_lidar.cpp:62:21:\x1b[m\x1b[K \x1b[01;35m\x1b[Kwarning: \x1b[m\x1b[Kunused variable \xe2\x80\x98\x1b[01m\x1b[Kstatus_judge\x1b[m\x1b[K\xe2\x80\x99 [\x1b[01;35m\x1b[K\x1b]8;;https://gcc.gnu.org/onlinedocs/gcc/Warning-Options.html#index-Wunused-variable\x07-Wunused-variable\x1b]8;;\x07\x1b[m\x1b[K]\n'}
[1.803877] (cspc_lidar) StderrLine: {'line': b'   62 |         static bool \x1b[01;35m\x1b[Kstatus_judge\x1b[m\x1b[K = false;     //\xe6\x95\xb4\xe4\xbd\x93\xe7\x8a\xb6\xe6\x80\x81\xe5\x88\xa4\xe6\x96\xad\n'}
[1.804007] (cspc_lidar) StderrLine: {'line': b'      |                     \x1b[01;35m\x1b[K^~~~~~~~~~~~\x1b[m\x1b[K\n'}
[1.804162] (cspc_lidar) StderrLine: {'line': b'\x1b[01m\x1b[K/home/meng/mDetectRobot/mDetectRobot/cspc_lidar_sdk_ros2_D4/cspc_lidar_sdk_ros2/sdk/node_lidar.cpp:65:21:\x1b[m\x1b[K \x1b[01;35m\x1b[Kwarning: \x1b[m\x1b[Kvariable \xe2\x80\x98\x1b[01m\x1b[Klidar_start_flag\x1b[m\x1b[K\xe2\x80\x99 set but not used [\x1b[01;35m\x1b[K\x1b]8;;https://gcc.gnu.org/onlinedocs/gcc/Warning-Options.html#index-Wunused-but-set-variable\x07-Wunused-but-set-variable\x1b]8;;\x07\x1b[m\x1b[K]\n'}
[1.804274] (cspc_lidar) StderrLine: {'line': b'   65 |         static bool \x1b[01;35m\x1b[Klidar_start_flag\x1b[m\x1b[K = false; //\xe4\xb8\x8b\xe5\x8f\x91\xe9\x9b\xb7\xe8\xbe\xbe\xe5\x90\xaf\xe5\x8a\xa8\xe6\x8c\x87\xe4\xbb\xa4\xe5\x90\x8e\xe7\x9a\x84\xe9\x9b\xb7\xe8\xbe\xbe\xe5\x8f\x8d\xe9\xa6\x88\xe6\xa0\x87\xe5\xbf\x97\n'}
[1.804371] (cspc_lidar) StderrLine: {'line': b'      |                     \x1b[01;35m\x1b[K^~~~~~~~~~~~~~~~\x1b[m\x1b[K\n'}
[1.804474] (cspc_lidar) StderrLine: {'line': b'\x1b[01m\x1b[K/home/meng/mDetectRobot/mDetectRobot/cspc_lidar_sdk_ros2_D4/cspc_lidar_sdk_ros2/sdk/node_lidar.cpp:\x1b[m\x1b[K In function \xe2\x80\x98\x1b[01m\x1b[Kint read_forever()\x1b[m\x1b[K\xe2\x80\x99:\n'}
[1.804550] (cspc_lidar) StderrLine: {'line': b'\x1b[01m\x1b[K/home/meng/mDetectRobot/mDetectRobot/cspc_lidar_sdk_ros2_D4/cspc_lidar_sdk_ros2/sdk/node_lidar.cpp:206:82:\x1b[m\x1b[K \x1b[01;35m\x1b[Kwarning: \x1b[m\x1b[Kformat \xe2\x80\x98\x1b[01m\x1b[K%d\x1b[m\x1b[K\xe2\x80\x99 expects argument of type \xe2\x80\x98\x1b[01m\x1b[Kint\x1b[m\x1b[K\xe2\x80\x99, but argument 2 has type \xe2\x80\x98\x1b[01m\x1b[Ksize_t\x1b[m\x1b[K\xe2\x80\x99 {aka \xe2\x80\x98\x1b[01m\x1b[Klong unsigned int\x1b[m\x1b[K\xe2\x80\x99} [\x1b[01;35m\x1b[K\x1b]8;;https://gcc.gnu.org/onlinedocs/gcc/Warning-Options.html#index-Wformat=\x07-Wformat=\x1b]8;;\x07\x1b[m\x1b[K]\n'}
[1.804664] (cspc_lidar) StderrLine: {'line': b'  206 |                                                         printf("full----- count=\x1b[01;35m\x1b[K%d\x1b[m\x1b[K,time=%lld,frequence=%d\\n",\x1b[32m\x1b[Kscan_count\x1b[m\x1b[K,current_times(),local_scan[0].scan_frequence);\n'}
[1.804749] (cspc_lidar) StderrLine: {'line': b'      |                                                                                 \x1b[01;35m\x1b[K~^\x1b[m\x1b[K                           \x1b[32m\x1b[K~~~~~~~~~~\x1b[m\x1b[K\n'}
[1.804826] (cspc_lidar) StderrLine: {'line': b'      |                                                                                  \x1b[01;35m\x1b[K|\x1b[m\x1b[K                           \x1b[32m\x1b[K|\x1b[m\x1b[K\n'}
[1.804902] (cspc_lidar) StderrLine: {'line': b'      |                                                                                  \x1b[01;35m\x1b[Kint\x1b[m\x1b[K                         \x1b[32m\x1b[Ksize_t {aka long unsigned int}\x1b[m\x1b[K\n'}
[1.804979] (cspc_lidar) StderrLine: {'line': b'      |                                                                                 \x1b[32m\x1b[K%ld\x1b[m\x1b[K\n'}
[1.805053] (cspc_lidar) StderrLine: {'line': b'\x1b[01m\x1b[K/home/meng/mDetectRobot/mDetectRobot/cspc_lidar_sdk_ros2_D4/cspc_lidar_sdk_ros2/sdk/node_lidar.cpp:206:92:\x1b[m\x1b[K \x1b[01;35m\x1b[Kwarning: \x1b[m\x1b[Kformat \xe2\x80\x98\x1b[01m\x1b[K%lld\x1b[m\x1b[K\xe2\x80\x99 expects argument of type \xe2\x80\x98\x1b[01m\x1b[Klong long int\x1b[m\x1b[K\xe2\x80\x99, but argument 3 has type \xe2\x80\x98\x1b[01m\x1b[Kint64_t\x1b[m\x1b[K\xe2\x80\x99 {aka \xe2\x80\x98\x1b[01m\x1b[Klong int\x1b[m\x1b[K\xe2\x80\x99} [\x1b[01;35m\x1b[K\x1b]8;;https://gcc.gnu.org/onlinedocs/gcc/Warning-Options.html#index-Wformat=\x07-Wformat=\x1b]8;;\x07\x1b[m\x1b[K]\n'}
[1.805132] (cspc_lidar) StderrLine: {'line': b'  206 |                                                         printf("full----- count=%d,time=\x1b[01;35m\x1b[K%lld\x1b[m\x1b[K,frequence=%d\\n",scan_count,\x1b[32m\x1b[Kcurrent_times()\x1b[m\x1b[K,local_scan[0].scan_frequence);\n'}
[1.805214] (cspc_lidar) StderrLine: {'line': b'      |                                                                                         \x1b[01;35m\x1b[K~~~^\x1b[m\x1b[K                            \x1b[32m\x1b[K~~~~~~~~~~~~~~~\x1b[m\x1b[K\n'}
[1.805290] (cspc_lidar) StderrLine: {'line': b'      |                                                                                            \x1b[01;35m\x1b[K|\x1b[m\x1b[K                                         \x1b[32m\x1b[K|\x1b[m\x1b[K\n'}
[1.805367] (cspc_lidar) StderrLine: {'line': b'      |                                                                                            \x1b[01;35m\x1b[Klong long int\x1b[m\x1b[K                             \x1b[32m\x1b[Kint64_t {aka long int}\x1b[m\x1b[K\n'}
[1.805442] (cspc_lidar) StderrLine: {'line': b'      |                                                                                         \x1b[32m\x1b[K%ld\x1b[m\x1b[K\n'}
[1.805516] (cspc_lidar) StderrLine: {'line': b'\x1b[01m\x1b[K/home/meng/mDetectRobot/mDetectRobot/cspc_lidar_sdk_ros2_D4/cspc_lidar_sdk_ros2/sdk/calibration.cpp:\x1b[m\x1b[K In function \xe2\x80\x98\x1b[01m\x1b[Kvoid fitting_line(pcloud_t&)\x1b[m\x1b[K\xe2\x80\x99:\n'}
[1.805622] (cspc_lidar) StderrLine: {'line': b'\x1b[01m\x1b[K/home/meng/mDetectRobot/mDetectRobot/cspc_lidar_sdk_ros2_D4/cspc_lidar_sdk_ros2/sdk/calibration.cpp:542:25:\x1b[m\x1b[K \x1b[01;35m\x1b[Kwarning: \x1b[m\x1b[Kcomparison of integer expressions of different signedness: \xe2\x80\x98\x1b[01m\x1b[Kstd::vector<_point_>::size_type\x1b[m\x1b[K\xe2\x80\x99 {aka \xe2\x80\x98\x1b[01m\x1b[Klong unsigned int\x1b[m\x1b[K\xe2\x80\x99} and \xe2\x80\x98\x1b[01m\x1b[Kint\x1b[m\x1b[K\xe2\x80\x99 [\x1b[01;35m\x1b[K\x1b]8;;https://gcc.gnu.org/onlinedocs/gcc/Warning-Options.html#index-Wsign-compare\x07-Wsign-compare\x1b]8;;\x07\x1b[m\x1b[K]\n'}
[1.805737] (cspc_lidar) StderrLine: {'line': b'  542 |         if (\x1b[01;35m\x1b[Kline.size() >= calibration_params.line_judgment_point_num\x1b[m\x1b[K)\n'}
[1.805813] (cspc_lidar) StderrLine: {'line': b'      |             \x1b[01;35m\x1b[K~~~~~~~~~~~~^~~~~~~~~~~~~~~~~~~~~~~~~~~~~~~~~~~~~~~~~~~~~\x1b[m\x1b[K\n'}
[1.805887] (cspc_lidar) StderrLine: {'line': b'\x1b[01m\x1b[K/home/meng/mDetectRobot/mDetectRobot/cspc_lidar_sdk_ros2_D4/cspc_lidar_sdk_ros2/sdk/calibration.cpp:560:63:\x1b[m\x1b[K \x1b[01;35m\x1b[Kwarning: \x1b[m\x1b[Kcomparison of integer expressions of different signedness: \xe2\x80\x98\x1b[01m\x1b[Kstd::vector<_point_>::size_type\x1b[m\x1b[K\xe2\x80\x99 {aka \xe2\x80\x98\x1b[01m\x1b[Klong unsigned int\x1b[m\x1b[K\xe2\x80\x99} and \xe2\x80\x98\x1b[01m\x1b[Kint\x1b[m\x1b[K\xe2\x80\x99 [\x1b[01;35m\x1b[K\x1b]8;;https://gcc.gnu.org/onlinedocs/gcc/Warning-Options.html#index-Wsign-compare\x07-Wsign-compare\x1b]8;;\x07\x1b[m\x1b[K]\n'}
[1.805967] (cspc_lidar) StderrLine: {'line': b'  560 |         if(point.index == point_last_one.index && \x1b[01;35m\x1b[Kline.size() >= calibration_params.line_judgment_point_num\x1b[m\x1b[K)\n'}
[1.806043] (cspc_lidar) StderrLine: {'line': b'      |                                                   \x1b[01;35m\x1b[K~~~~~~~~~~~~^~~~~~~~~~~~~~~~~~~~~~~~~~~~~~~~~~~~~~~~~~~~~\x1b[m\x1b[K\n'}
[1.806118] (cspc_lidar) StderrLine: {'line': b'\x1b[01m\x1b[K/home/meng/mDetectRobot/mDetectRobot/cspc_lidar_sdk_ros2_D4/cspc_lidar_sdk_ros2/sdk/node_lidar.cpp:\x1b[m\x1b[K In function \xe2\x80\x98\x1b[01m\x1b[Kvoid send_lidar_data(LaserScan&)\x1b[m\x1b[K\xe2\x80\x99:\n'}
[1.806194] (cspc_lidar) StderrLine: {'line': b'\x1b[01m\x1b[K/home/meng/mDetectRobot/mDetectRobot/cspc_lidar_sdk_ros2_D4/cspc_lidar_sdk_ros2/sdk/node_lidar.cpp:312:43:\x1b[m\x1b[K \x1b[01;35m\x1b[Kwarning: \x1b[m\x1b[Kcomparison of integer expressions of different signedness: \xe2\x80\x98\x1b[01m\x1b[Kint\x1b[m\x1b[K\xe2\x80\x99 and \xe2\x80\x98\x1b[01m\x1b[Ksize_t\x1b[m\x1b[K\xe2\x80\x99 {aka \xe2\x80\x98\x1b[01m\x1b[Klong unsigned int\x1b[m\x1b[K\xe2\x80\x99} [\x1b[01;35m\x1b[K\x1b]8;;https://gcc.gnu.org/onlinedocs/gcc/Warning-Options.html#index-Wsign-compare\x07-Wsign-compare\x1b]8;;\x07\x1b[m\x1b[K]\n'}
[1.806284] (cspc_lidar) StderrLine: {'line': b'  312 |                         for (int i = 0; \x1b[01;35m\x1b[Ki < count\x1b[m\x1b[K; i++)\n'}
[1.806359] (cspc_lidar) StderrLine: {'line': b'      |                                         \x1b[01;35m\x1b[K~~^~~~~~~\x1b[m\x1b[K\n'}
[1.806434] (cspc_lidar) StderrLine: {'line': b'\x1b[01m\x1b[K/home/meng/mDetectRobot/mDetectRobot/cspc_lidar_sdk_ros2_D4/cspc_lidar_sdk_ros2/sdk/calibration.cpp:571:26:\x1b[m\x1b[K \x1b[01;35m\x1b[Kwarning: \x1b[m\x1b[Kcomparison of integer expressions of different signedness: \xe2\x80\x98\x1b[01m\x1b[Kint\x1b[m\x1b[K\xe2\x80\x99 and \xe2\x80\x98\x1b[01m\x1b[Kstd::vector<_point_>::size_type\x1b[m\x1b[K\xe2\x80\x99 {aka \xe2\x80\x98\x1b[01m\x1b[Klong unsigned int\x1b[m\x1b[K\xe2\x80\x99} [\x1b[01;35m\x1b[K\x1b]8;;https://gcc.gnu.org/onlinedocs/gcc/Warning-Options.html#index-Wsign-compare\x07-Wsign-compare\x1b]8;;\x07\x1b[m\x1b[K]\n'}
[1.806511] (cspc_lidar) StderrLine: {'line': b'  571 |   if(\x1b[01;35m\x1b[Kpoint_record2.index < pcloud.data.size()\x1b[m\x1b[K\n'}
[1.806591] (cspc_lidar) StderrLine: {'line': b'      |      \x1b[01;35m\x1b[K~~~~~~~~~~~~~~~~~~~~^~~~~~~~~~~~~~~~~~~~\x1b[m\x1b[K\n'}
[1.806670] (cspc_lidar) StderrLine: {'line': b'\x1b[01m\x1b[K/home/meng/mDetectRobot/mDetectRobot/cspc_lidar_sdk_ros2_D4/cspc_lidar_sdk_ros2/sdk/calibration.cpp:572:28:\x1b[m\x1b[K \x1b[01;35m\x1b[Kwarning: \x1b[m\x1b[Kcomparison of integer expressions of different signedness: \xe2\x80\x98\x1b[01m\x1b[Kint\x1b[m\x1b[K\xe2\x80\x99 and \xe2\x80\x98\x1b[01m\x1b[Kstd::vector<_point_>::size_type\x1b[m\x1b[K\xe2\x80\x99 {aka \xe2\x80\x98\x1b[01m\x1b[Klong unsigned int\x1b[m\x1b[K\xe2\x80\x99} [\x1b[01;35m\x1b[K\x1b]8;;https://gcc.gnu.org/onlinedocs/gcc/Warning-Options.html#index-Wsign-compare\x07-Wsign-compare\x1b]8;;\x07\x1b[m\x1b[K]\n'}
[1.806747] (cspc_lidar) StderrLine: {'line': b'  572 |   &&  \x1b[01;35m\x1b[Kpoint_last_one.index < pcloud.data.size()\x1b[m\x1b[K\n'}
[1.806820] (cspc_lidar) StderrLine: {'line': b'      |       \x1b[01;35m\x1b[K~~~~~~~~~~~~~~~~~~~~~^~~~~~~~~~~~~~~~~~~~\x1b[m\x1b[K\n'}
[1.806892] (cspc_lidar) StderrLine: {'line': b'\x1b[01m\x1b[K/home/meng/mDetectRobot/mDetectRobot/cspc_lidar_sdk_ros2_D4/cspc_lidar_sdk_ros2/sdk/calibration.cpp:573:27:\x1b[m\x1b[K \x1b[01;35m\x1b[Kwarning: \x1b[m\x1b[Kcomparison of integer expressions of different signedness: \xe2\x80\x98\x1b[01m\x1b[Kint\x1b[m\x1b[K\xe2\x80\x99 and \xe2\x80\x98\x1b[01m\x1b[Kstd::vector<_point_>::size_type\x1b[m\x1b[K\xe2\x80\x99 {aka \xe2\x80\x98\x1b[01m\x1b[Klong unsigned int\x1b[m\x1b[K\xe2\x80\x99} [\x1b[01;35m\x1b[K\x1b]8;;https://gcc.gnu.org/onlinedocs/gcc/Warning-Options.html#index-Wsign-compare\x07-Wsign-compare\x1b]8;;\x07\x1b[m\x1b[K]\n'}
[1.806973] (cspc_lidar) StderrLine: {'line': b'  573 |   &&  \x1b[01;35m\x1b[Kpoint_record1.index < pcloud.data.size()\x1b[m\x1b[K)\n'}
[1.807047] (cspc_lidar) StderrLine: {'line': b'      |       \x1b[01;35m\x1b[K~~~~~~~~~~~~~~~~~~~~^~~~~~~~~~~~~~~~~~~~\x1b[m\x1b[K\n'}
[1.807119] (cspc_lidar) StderrLine: {'line': b'\x1b[01m\x1b[K/home/meng/mDetectRobot/mDetectRobot/cspc_lidar_sdk_ros2_D4/cspc_lidar_sdk_ros2/sdk/calibration.cpp:597:28:\x1b[m\x1b[K \x1b[01;35m\x1b[Kwarning: \x1b[m\x1b[Kcomparison of integer expressions of different signedness: \xe2\x80\x98\x1b[01m\x1b[Kstd::vector<_point_>::size_type\x1b[m\x1b[K\xe2\x80\x99 {aka \xe2\x80\x98\x1b[01m\x1b[Klong unsigned int\x1b[m\x1b[K\xe2\x80\x99} and \xe2\x80\x98\x1b[01m\x1b[Kint\x1b[m\x1b[K\xe2\x80\x99 [\x1b[01;35m\x1b[K\x1b]8;;https://gcc.gnu.org/onlinedocs/gcc/Warning-Options.html#index-Wsign-compare\x07-Wsign-compare\x1b]8;;\x07\x1b[m\x1b[K]\n'}
[1.807195] (cspc_lidar) StderrLine: {'line': b'  597 |     if (\x1b[01;35m\x1b[Kline_append.size() >= calibration_params.line_judgment_point_num\x1b[m\x1b[K)\n'}
[1.807267] (cspc_lidar) StderrLine: {'line': b'      |         \x1b[01;35m\x1b[K~~~~~~~~~~~~~~~~~~~^~~~~~~~~~~~~~~~~~~~~~~~~~~~~~~~~~~~~~~~~~~~~\x1b[m\x1b[K\n'}
[1.807344] (cspc_lidar) StderrLine: {'line': b'\x1b[01m\x1b[K/home/meng/mDetectRobot/mDetectRobot/cspc_lidar_sdk_ros2_D4/cspc_lidar_sdk_ros2/sdk/calibration.cpp:606:29:\x1b[m\x1b[K \x1b[01;35m\x1b[Kwarning: \x1b[m\x1b[Kcomparison of integer expressions of different signedness: \xe2\x80\x98\x1b[01m\x1b[Kstd::vector<_point_>::size_type\x1b[m\x1b[K\xe2\x80\x99 {aka \xe2\x80\x98\x1b[01m\x1b[Klong unsigned int\x1b[m\x1b[K\xe2\x80\x99} and \xe2\x80\x98\x1b[01m\x1b[Kint\x1b[m\x1b[K\xe2\x80\x99 [\x1b[01;35m\x1b[K\x1b]8;;https://gcc.gnu.org/onlinedocs/gcc/Warning-Options.html#index-Wsign-compare\x07-Wsign-compare\x1b]8;;\x07\x1b[m\x1b[K]\n'}
[1.807421] (cspc_lidar) StderrLine: {'line': b'  606 |             if (\x1b[01;35m\x1b[Kline.size() >= calibration_params.line_judgment_point_num\x1b[m\x1b[K)\n'}
[1.807494] (cspc_lidar) StderrLine: {'line': b'      |                 \x1b[01;35m\x1b[K~~~~~~~~~~~~^~~~~~~~~~~~~~~~~~~~~~~~~~~~~~~~~~~~~~~~~~~~~\x1b[m\x1b[K\n'}
[1.807568] (cspc_lidar) StderrLine: {'line': b'\x1b[01m\x1b[K/home/meng/mDetectRobot/mDetectRobot/cspc_lidar_sdk_ros2_D4/cspc_lidar_sdk_ros2/sdk/calibration.cpp:617:68:\x1b[m\x1b[K \x1b[01;35m\x1b[Kwarning: \x1b[m\x1b[Kcomparison of integer expressions of different signedness: \xe2\x80\x98\x1b[01m\x1b[Kstd::vector<_point_>::size_type\x1b[m\x1b[K\xe2\x80\x99 {aka \xe2\x80\x98\x1b[01m\x1b[Klong unsigned int\x1b[m\x1b[K\xe2\x80\x99} and \xe2\x80\x98\x1b[01m\x1b[Kint\x1b[m\x1b[K\xe2\x80\x99 [\x1b[01;35m\x1b[K\x1b]8;;https://gcc.gnu.org/onlinedocs/gcc/Warning-Options.html#index-Wsign-compare\x07-Wsign-compare\x1b]8;;\x07\x1b[m\x1b[K]\n'}
[1.807656] (cspc_lidar) StderrLine: {'line': b'  617 |           if(point.index == point_append_last.index && \x1b[01;35m\x1b[Kline.size() >= calibration_params.line_judgment_point_num\x1b[m\x1b[K)\n'}
[1.807734] (cspc_lidar) StderrLine: {'line': b'      |                                                        \x1b[01;35m\x1b[K~~~~~~~~~~~~^~~~~~~~~~~~~~~~~~~~~~~~~~~~~~~~~~~~~~~~~~~~~\x1b[m\x1b[K\n'}
[1.807809] (cspc_lidar) StderrLine: {'line': b'\x1b[01m\x1b[K/home/meng/mDetectRobot/mDetectRobot/cspc_lidar_sdk_ros2_D4/cspc_lidar_sdk_ros2/sdk/calibration.cpp:632:23:\x1b[m\x1b[K \x1b[01;35m\x1b[Kwarning: \x1b[m\x1b[Kcomparison of integer expressions of different signedness: \xe2\x80\x98\x1b[01m\x1b[Kint\x1b[m\x1b[K\xe2\x80\x99 and \xe2\x80\x98\x1b[01m\x1b[Kstd::vector<std::vector<_point_> >::size_type\x1b[m\x1b[K\xe2\x80\x99 {aka \xe2\x80\x98\x1b[01m\x1b[Klong unsigned int\x1b[m\x1b[K\xe2\x80\x99} [\x1b[01;35m\x1b[K\x1b]8;;https://gcc.gnu.org/onlinedocs/gcc/Warning-Options.html#index-Wsign-compare\x07-Wsign-compare\x1b]8;;\x07\x1b[m\x1b[K]\n'}
[1.807890] (cspc_lidar) StderrLine: {'line': b'  632 |     for (int i = 0; \x1b[01;35m\x1b[Ki < lines.size() - 1\x1b[m\x1b[K; i++)\n'}
[1.807968] (cspc_lidar) StderrLine: {'line': b'      |                     \x1b[01;35m\x1b[K~~^~~~~~~~~~~~~~~~~~\x1b[m\x1b[K\n'}
[1.808040] (cspc_lidar) StderrLine: {'line': b'\x1b[01m\x1b[K/home/meng/mDetectRobot/mDetectRobot/cspc_lidar_sdk_ros2_D4/cspc_lidar_sdk_ros2/sdk/calibration.cpp:\x1b[m\x1b[K In function \xe2\x80\x98\x1b[01m\x1b[Kvoid lidar_calibration(LaserScan&)\x1b[m\x1b[K\xe2\x80\x99:\n'}
[1.808115] (cspc_lidar) StderrLine: {'line': b'\x1b[01m\x1b[K/home/meng/mDetectRobot/mDetectRobot/cspc_lidar_sdk_ros2_D4/cspc_lidar_sdk_ros2/sdk/calibration.cpp:662:11:\x1b[m\x1b[K \x1b[01;35m\x1b[Kwarning: \x1b[m\x1b[K\xe2\x80\x98\x1b[01m\x1b[Kvoid* memset(void*, int, size_t)\x1b[m\x1b[K\xe2\x80\x99 clearing an object of type \xe2\x80\x98\x1b[01m\x1b[Kstruct LaserPoint\x1b[m\x1b[K\xe2\x80\x99 with no trivial copy-assignment; use assignment or value-initialization instead [\x1b[01;35m\x1b[K\x1b]8;;https://gcc.gnu.org/onlinedocs/gcc/Warning-Options.html#index-Wclass-memaccess\x07-Wclass-memaccess\x1b]8;;\x07\x1b[m\x1b[K]\n'}
[1.808193] (cspc_lidar) StderrLine: {'line': b'  662 |     \x1b[01;35m\x1b[Kmemset(&outscan_point, 0, sizeof(LaserPoint))\x1b[m\x1b[K;\n'}
[1.808267] (cspc_lidar) StderrLine: {'line': b'      |     \x1b[01;35m\x1b[K~~~~~~^~~~~~~~~~~~~~~~~~~~~~~~~~~~~~~~~~~~~~~\x1b[m\x1b[K\n'}
[1.808351] (cspc_lidar) StderrLine: {'line': b'In file included from \x1b[01m\x1b[K/home/meng/mDetectRobot/mDetectRobot/cspc_lidar_sdk_ros2_D4/cspc_lidar_sdk_ros2/sdk/calibration.h:4\x1b[m\x1b[K,\n'}
[1.808427] (cspc_lidar) StderrLine: {'line': b'                 from \x1b[01m\x1b[K/home/meng/mDetectRobot/mDetectRobot/cspc_lidar_sdk_ros2_D4/cspc_lidar_sdk_ros2/sdk/calibration.cpp:8\x1b[m\x1b[K:\n'}
[1.808500] (cspc_lidar) StderrLine: {'line': b'\x1b[01m\x1b[K/home/meng/mDetectRobot/mDetectRobot/cspc_lidar_sdk_ros2_D4/cspc_lidar_sdk_ros2/sdk/lidar_information.h:210:8:\x1b[m\x1b[K \x1b[01;36m\x1b[Knote: \x1b[m\x1b[K\xe2\x80\x98\x1b[01m\x1b[Kstruct LaserPoint\x1b[m\x1b[K\xe2\x80\x99 declared here\n'}
[1.808580] (cspc_lidar) StderrLine: {'line': b'  210 | struct \x1b[01;36m\x1b[KLaserPoint\x1b[m\x1b[K\n'}
[1.808662] (cspc_lidar) StderrLine: {'line': b'      |        \x1b[01;36m\x1b[K^~~~~~~~~~\x1b[m\x1b[K\n'}
[1.878273] (cspc_lidar) StderrLine: {'line': b'\x1b[01m\x1b[K/home/meng/mDetectRobot/mDetectRobot/cspc_lidar_sdk_ros2_D4/cspc_lidar_sdk_ros2/sdk/node_lidar.cpp:\x1b[m\x1b[K At global scope:\n'}
[1.878472] (cspc_lidar) StderrLine: {'line': b'\x1b[01m\x1b[K/home/meng/mDetectRobot/mDetectRobot/cspc_lidar_sdk_ros2_D4/cspc_lidar_sdk_ros2/sdk/node_lidar.cpp:62:21:\x1b[m\x1b[K \x1b[01;35m\x1b[Kwarning: \x1b[m\x1b[K\xe2\x80\x98\x1b[01m\x1b[Kstatus_judge\x1b[m\x1b[K\xe2\x80\x99 defined but not used [\x1b[01;35m\x1b[K\x1b]8;;https://gcc.gnu.org/onlinedocs/gcc/Warning-Options.html#index-Wunused-variable\x07-Wunused-variable\x1b]8;;\x07\x1b[m\x1b[K]\n'}
[1.878569] (cspc_lidar) StderrLine: {'line': b'   62 |         static bool \x1b[01;35m\x1b[Kstatus_judge\x1b[m\x1b[K = false;     //\xe6\x95\xb4\xe4\xbd\x93\xe7\x8a\xb6\xe6\x80\x81\xe5\x88\xa4\xe6\x96\xad\n'}
[1.878668] (cspc_lidar) StderrLine: {'line': b'      |                     \x1b[01;35m\x1b[K^~~~~~~~~~~~\x1b[m\x1b[K\n'}
[1.902472] (-) TimerEvent: {}
[2.002825] (-) TimerEvent: {}
[2.103150] (-) TimerEvent: {}
[2.203566] (-) TimerEvent: {}
[2.303882] (-) TimerEvent: {}
[2.404142] (-) TimerEvent: {}
[2.504398] (-) TimerEvent: {}
[2.604679] (-) TimerEvent: {}
[2.704915] (-) TimerEvent: {}
[2.805195] (-) TimerEvent: {}
[2.905453] (-) TimerEvent: {}
[3.005695] (-) TimerEvent: {}
[3.105949] (-) TimerEvent: {}
[3.206215] (-) TimerEvent: {}
[3.306471] (-) TimerEvent: {}
[3.406751] (-) TimerEvent: {}
[3.507011] (-) TimerEvent: {}
[3.607269] (-) TimerEvent: {}
[3.707532] (-) TimerEvent: {}
[3.807773] (-) TimerEvent: {}
[3.908045] (-) TimerEvent: {}
[4.008316] (-) TimerEvent: {}
[4.108580] (-) TimerEvent: {}
[4.208815] (-) TimerEvent: {}
[4.309082] (-) TimerEvent: {}
[4.409340] (-) TimerEvent: {}
[4.487811] (cspc_lidar) StderrLine: {'line': b'\x1b[01m\x1b[K/home/meng/mDetectRobot/mDetectRobot/cspc_lidar_sdk_ros2_D4/cspc_lidar_sdk_ros2/src/node_lidar_ros.cpp:\x1b[m\x1b[K In function \xe2\x80\x98\x1b[01m\x1b[Kint Scan_to_PointCloud(LaserScan&, sensor_msgs::msg::PointCloud2&)\x1b[m\x1b[K\xe2\x80\x99:\n'}
[4.487937] (cspc_lidar) StderrLine: {'line': b'\x1b[01m\x1b[K/home/meng/mDetectRobot/mDetectRobot/cspc_lidar_sdk_ros2_D4/cspc_lidar_sdk_ros2/src/node_lidar_ros.cpp:83:24:\x1b[m\x1b[K \x1b[01;35m\x1b[Kwarning: \x1b[m\x1b[Kcomparison of integer expressions of different signedness: \xe2\x80\x98\x1b[01m\x1b[Kint\x1b[m\x1b[K\xe2\x80\x99 and \xe2\x80\x98\x1b[01m\x1b[Kstd::vector<LaserPoint>::size_type\x1b[m\x1b[K\xe2\x80\x99 {aka \xe2\x80\x98\x1b[01m\x1b[Klong unsigned int\x1b[m\x1b[K\xe2\x80\x99} [\x1b[01;35m\x1b[K\x1b]8;;https://gcc.gnu.org/onlinedocs/gcc/Warning-Options.html#index-Wsign-compare\x07-Wsign-compare\x1b]8;;\x07\x1b[m\x1b[K]\n'}
[4.487981] (cspc_lidar) StderrLine: {'line': b'   83 |         for(int i = 0;\x1b[01;35m\x1b[Ki<scan.points.size()\x1b[m\x1b[K;i++)\n'}
[4.488016] (cspc_lidar) StderrLine: {'line': b'      |                       \x1b[01;35m\x1b[K~^~~~~~~~~~~~~~~~~~~\x1b[m\x1b[K\n'}
[4.488095] (cspc_lidar) StderrLine: {'line': b'\x1b[01m\x1b[K/home/meng/mDetectRobot/mDetectRobot/cspc_lidar_sdk_ros2_D4/cspc_lidar_sdk_ros2/src/node_lidar_ros.cpp:93:1:\x1b[m\x1b[K \x1b[01;35m\x1b[Kwarning: \x1b[m\x1b[Kno return statement in function returning non-void [\x1b[01;35m\x1b[K\x1b]8;;https://gcc.gnu.org/onlinedocs/gcc/Warning-Options.html#index-Wreturn-type\x07-Wreturn-type\x1b]8;;\x07\x1b[m\x1b[K]\n'}
[4.488141] (cspc_lidar) StderrLine: {'line': b'   93 | \x1b[01;35m\x1b[K}\x1b[m\x1b[K\n'}
[4.488171] (cspc_lidar) StderrLine: {'line': b'      | \x1b[01;35m\x1b[K^\x1b[m\x1b[K\n'}
[4.489961] (cspc_lidar) StderrLine: {'line': b'\x1b[01m\x1b[K/home/meng/mDetectRobot/mDetectRobot/cspc_lidar_sdk_ros2_D4/cspc_lidar_sdk_ros2/src/node_lidar_ros.cpp:\x1b[m\x1b[K In function \xe2\x80\x98\x1b[01m\x1b[Kint topic_thread()\x1b[m\x1b[K\xe2\x80\x99:\n'}
[4.490002] (cspc_lidar) StderrLine: {'line': b'\x1b[01m\x1b[K/home/meng/mDetectRobot/mDetectRobot/cspc_lidar_sdk_ros2_D4/cspc_lidar_sdk_ros2/src/node_lidar_ros.cpp:98:1:\x1b[m\x1b[K \x1b[01;35m\x1b[Kwarning: \x1b[m\x1b[Kno return statement in function returning non-void [\x1b[01;35m\x1b[K\x1b]8;;https://gcc.gnu.org/onlinedocs/gcc/Warning-Options.html#index-Wreturn-type\x07-Wreturn-type\x1b]8;;\x07\x1b[m\x1b[K]\n'}
[4.490035] (cspc_lidar) StderrLine: {'line': b'   98 | \x1b[01;35m\x1b[K}\x1b[m\x1b[K\n'}
[4.490065] (cspc_lidar) StderrLine: {'line': b'      | \x1b[01;35m\x1b[K^\x1b[m\x1b[K\n'}
[4.490168] (cspc_lidar) StderrLine: {'line': b'\x1b[01m\x1b[K/home/meng/mDetectRobot/mDetectRobot/cspc_lidar_sdk_ros2_D4/cspc_lidar_sdk_ros2/src/node_lidar_ros.cpp:\x1b[m\x1b[K In function \xe2\x80\x98\x1b[01m\x1b[Kint main(int, char**)\x1b[m\x1b[K\xe2\x80\x99:\n'}
[4.490203] (cspc_lidar) StderrLine: {'line': b'\x1b[01m\x1b[K/home/meng/mDetectRobot/mDetectRobot/cspc_lidar_sdk_ros2_D4/cspc_lidar_sdk_ros2/src/node_lidar_ros.cpp:107:32:\x1b[m\x1b[K \x1b[01;31m\x1b[Kerror: \x1b[m\x1b[Kno matching function for call to \xe2\x80\x98\x1b[01m\x1b[Krclcpp::Node::declare_parameter(const char [5])\x1b[m\x1b[K\xe2\x80\x99\n'}
[4.490236] (cspc_lidar) StderrLine: {'line': b'  107 |         \x1b[01;31m\x1b[Knode->declare_parameter("port")\x1b[m\x1b[K;\n'}
[4.490266] (cspc_lidar) StderrLine: {'line': b'      |         \x1b[01;31m\x1b[K~~~~~~~~~~~~~~~~~~~~~~~^~~~~~~~\x1b[m\x1b[K\n'}
[4.490297] (cspc_lidar) StderrLine: {'line': b'In file included from \x1b[01m\x1b[K/opt/ros/humble/include/rclcpp/rclcpp/executors/single_threaded_executor.hpp:28\x1b[m\x1b[K,\n'}
[4.490327] (cspc_lidar) StderrLine: {'line': b'                 from \x1b[01m\x1b[K/opt/ros/humble/include/rclcpp/rclcpp/executors.hpp:22\x1b[m\x1b[K,\n'}
[4.490357] (cspc_lidar) StderrLine: {'line': b'                 from \x1b[01m\x1b[K/opt/ros/humble/include/rclcpp/rclcpp/rclcpp.hpp:155\x1b[m\x1b[K,\n'}
[4.490387] (cspc_lidar) StderrLine: {'line': b'                 from \x1b[01m\x1b[K/opt/ros/humble/include/pcl_conversions/pcl_conversions/pcl_conversions.h:43\x1b[m\x1b[K,\n'}
[4.490418] (cspc_lidar) StderrLine: {'line': b'                 from \x1b[01m\x1b[K/home/meng/mDetectRobot/mDetectRobot/cspc_lidar_sdk_ros2_D4/cspc_lidar_sdk_ros2/src/node_lidar_ros.cpp:9\x1b[m\x1b[K:\n'}
[4.490447] (cspc_lidar) StderrLine: {'line': b'\x1b[01m\x1b[K/opt/ros/humble/include/rclcpp/rclcpp/node.hpp:421:3:\x1b[m\x1b[K \x1b[01;36m\x1b[Knote: \x1b[m\x1b[Kcandidate: \xe2\x80\x98\x1b[01m\x1b[Ktemplate<class ParameterT> auto rclcpp::Node::declare_parameter(const string&, const ParameterT&, const ParameterDescriptor&, bool)\x1b[m\x1b[K\xe2\x80\x99\n'}
[4.490478] (cspc_lidar) StderrLine: {'line': b'  421 |   \x1b[01;36m\x1b[Kdeclare_parameter\x1b[m\x1b[K(\n'}
[4.490506] (cspc_lidar) StderrLine: {'line': b'      |   \x1b[01;36m\x1b[K^~~~~~~~~~~~~~~~~\x1b[m\x1b[K\n'}
[4.490535] (cspc_lidar) StderrLine: {'line': b'\x1b[01m\x1b[K/opt/ros/humble/include/rclcpp/rclcpp/node.hpp:421:3:\x1b[m\x1b[K \x1b[01;36m\x1b[Knote: \x1b[m\x1b[K  template argument deduction/substitution failed:\n'}
[4.490689] (cspc_lidar) StderrLine: {'line': b'\x1b[01m\x1b[K/home/meng/mDetectRobot/mDetectRobot/cspc_lidar_sdk_ros2_D4/cspc_lidar_sdk_ros2/src/node_lidar_ros.cpp:107:32:\x1b[m\x1b[K \x1b[01;36m\x1b[Knote: \x1b[m\x1b[K  candidate expects 4 arguments, 1 provided\n'}
[4.491146] (cspc_lidar) StderrLine: {'line': b'  107 |         \x1b[01;36m\x1b[Knode->declare_parameter("port")\x1b[m\x1b[K;\n'}
[4.491181] (cspc_lidar) StderrLine: {'line': b'      |         \x1b[01;36m\x1b[K~~~~~~~~~~~~~~~~~~~~~~~^~~~~~~~\x1b[m\x1b[K\n'}
[4.491210] (cspc_lidar) StderrLine: {'line': b'In file included from \x1b[01m\x1b[K/opt/ros/humble/include/rclcpp/rclcpp/executors/single_threaded_executor.hpp:28\x1b[m\x1b[K,\n'}
[4.491240] (cspc_lidar) StderrLine: {'line': b'                 from \x1b[01m\x1b[K/opt/ros/humble/include/rclcpp/rclcpp/executors.hpp:22\x1b[m\x1b[K,\n'}
[4.491270] (cspc_lidar) StderrLine: {'line': b'                 from \x1b[01m\x1b[K/opt/ros/humble/include/rclcpp/rclcpp/rclcpp.hpp:155\x1b[m\x1b[K,\n'}
[4.491299] (cspc_lidar) StderrLine: {'line': b'                 from \x1b[01m\x1b[K/opt/ros/humble/include/pcl_conversions/pcl_conversions/pcl_conversions.h:43\x1b[m\x1b[K,\n'}
[4.491328] (cspc_lidar) StderrLine: {'line': b'                 from \x1b[01m\x1b[K/home/meng/mDetectRobot/mDetectRobot/cspc_lidar_sdk_ros2_D4/cspc_lidar_sdk_ros2/src/node_lidar_ros.cpp:9\x1b[m\x1b[K:\n'}
[4.491357] (cspc_lidar) StderrLine: {'line': b'\x1b[01m\x1b[K/opt/ros/humble/include/rclcpp/rclcpp/node.hpp:434:3:\x1b[m\x1b[K \x1b[01;36m\x1b[Knote: \x1b[m\x1b[Kcandidate: \xe2\x80\x98\x1b[01m\x1b[Ktemplate<class ParameterT> auto rclcpp::Node::declare_parameter(const string&, const ParameterDescriptor&, bool)\x1b[m\x1b[K\xe2\x80\x99\n'}
[4.491387] (cspc_lidar) StderrLine: {'line': b'  434 |   \x1b[01;36m\x1b[Kdeclare_parameter\x1b[m\x1b[K(\n'}
[4.491416] (cspc_lidar) StderrLine: {'line': b'      |   \x1b[01;36m\x1b[K^~~~~~~~~~~~~~~~~\x1b[m\x1b[K\n'}
[4.491444] (cspc_lidar) StderrLine: {'line': b'\x1b[01m\x1b[K/opt/ros/humble/include/rclcpp/rclcpp/node.hpp:434:3:\x1b[m\x1b[K \x1b[01;36m\x1b[Knote: \x1b[m\x1b[K  template argument deduction/substitution failed:\n'}
[4.491473] (cspc_lidar) StderrLine: {'line': b'\x1b[01m\x1b[K/home/meng/mDetectRobot/mDetectRobot/cspc_lidar_sdk_ros2_D4/cspc_lidar_sdk_ros2/src/node_lidar_ros.cpp:107:32:\x1b[m\x1b[K \x1b[01;36m\x1b[Knote: \x1b[m\x1b[K  couldn\xe2\x80\x99t deduce template parameter \xe2\x80\x98\x1b[01m\x1b[KParameterT\x1b[m\x1b[K\xe2\x80\x99\n'}
[4.491502] (cspc_lidar) StderrLine: {'line': b'  107 |         \x1b[01;36m\x1b[Knode->declare_parameter("port")\x1b[m\x1b[K;\n'}
[4.491591] (cspc_lidar) StderrLine: {'line': b'      |         \x1b[01;36m\x1b[K~~~~~~~~~~~~~~~~~~~~~~~^~~~~~~~\x1b[m\x1b[K\n'}
[4.491620] (cspc_lidar) StderrLine: {'line': b'In file included from \x1b[01m\x1b[K/opt/ros/humble/include/rclcpp/rclcpp/executors/single_threaded_executor.hpp:28\x1b[m\x1b[K,\n'}
[4.491647] (cspc_lidar) StderrLine: {'line': b'                 from \x1b[01m\x1b[K/opt/ros/humble/include/rclcpp/rclcpp/executors.hpp:22\x1b[m\x1b[K,\n'}
[4.491673] (cspc_lidar) StderrLine: {'line': b'                 from \x1b[01m\x1b[K/opt/ros/humble/include/rclcpp/rclcpp/rclcpp.hpp:155\x1b[m\x1b[K,\n'}
[4.491699] (cspc_lidar) StderrLine: {'line': b'                 from \x1b[01m\x1b[K/opt/ros/humble/include/pcl_conversions/pcl_conversions/pcl_conversions.h:43\x1b[m\x1b[K,\n'}
[4.491727] (cspc_lidar) StderrLine: {'line': b'                 from \x1b[01m\x1b[K/home/meng/mDetectRobot/mDetectRobot/cspc_lidar_sdk_ros2_D4/cspc_lidar_sdk_ros2/src/node_lidar_ros.cpp:9\x1b[m\x1b[K:\n'}
[4.491753] (cspc_lidar) StderrLine: {'line': b'\x1b[01m\x1b[K/opt/ros/humble/include/rclcpp/rclcpp/node.hpp:366:3:\x1b[m\x1b[K \x1b[01;36m\x1b[Knote: \x1b[m\x1b[Kcandidate: \xe2\x80\x98\x1b[01m\x1b[Kconst rclcpp::ParameterValue& rclcpp::Node::declare_parameter(const string&, const rclcpp::ParameterValue&, const ParameterDescriptor&, bool)\x1b[m\x1b[K\xe2\x80\x99\n'}
[4.491783] (cspc_lidar) StderrLine: {'line': b'  366 |   \x1b[01;36m\x1b[Kdeclare_parameter\x1b[m\x1b[K(\n'}
[4.491809] (cspc_lidar) StderrLine: {'line': b'      |   \x1b[01;36m\x1b[K^~~~~~~~~~~~~~~~~\x1b[m\x1b[K\n'}
[4.491835] (cspc_lidar) StderrLine: {'line': b'\x1b[01m\x1b[K/opt/ros/humble/include/rclcpp/rclcpp/node.hpp:366:3:\x1b[m\x1b[K \x1b[01;36m\x1b[Knote: \x1b[m\x1b[K  candidate expects 4 arguments, 1 provided\n'}
[4.491863] (cspc_lidar) StderrLine: {'line': b'\x1b[01m\x1b[K/opt/ros/humble/include/rclcpp/rclcpp/node.hpp:391:3:\x1b[m\x1b[K \x1b[01;36m\x1b[Knote: \x1b[m\x1b[Kcandidate: \xe2\x80\x98\x1b[01m\x1b[Kconst rclcpp::ParameterValue& rclcpp::Node::declare_parameter(const string&, rclcpp::ParameterType, const ParameterDescriptor&, bool)\x1b[m\x1b[K\xe2\x80\x99\n'}
[4.491891] (cspc_lidar) StderrLine: {'line': b'  391 |   \x1b[01;36m\x1b[Kdeclare_parameter\x1b[m\x1b[K(\n'}
[4.491917] (cspc_lidar) StderrLine: {'line': b'      |   \x1b[01;36m\x1b[K^~~~~~~~~~~~~~~~~\x1b[m\x1b[K\n'}
[4.491943] (cspc_lidar) StderrLine: {'line': b'\x1b[01m\x1b[K/opt/ros/humble/include/rclcpp/rclcpp/node.hpp:391:3:\x1b[m\x1b[K \x1b[01;36m\x1b[Knote: \x1b[m\x1b[K  candidate expects 4 arguments, 1 provided\n'}
[4.491970] (cspc_lidar) StderrLine: {'line': b'\x1b[01m\x1b[K/home/meng/mDetectRobot/mDetectRobot/cspc_lidar_sdk_ros2_D4/cspc_lidar_sdk_ros2/src/node_lidar_ros.cpp:110:32:\x1b[m\x1b[K \x1b[01;31m\x1b[Kerror: \x1b[m\x1b[Kno matching function for call to \xe2\x80\x98\x1b[01m\x1b[Krclcpp::Node::declare_parameter(const char [9])\x1b[m\x1b[K\xe2\x80\x99\n'}
[4.491998] (cspc_lidar) StderrLine: {'line': b'  110 |         \x1b[01;31m\x1b[Knode->declare_parameter("baudrate")\x1b[m\x1b[K;\n'}
[4.492029] (cspc_lidar) StderrLine: {'line': b'      |         \x1b[01;31m\x1b[K~~~~~~~~~~~~~~~~~~~~~~~^~~~~~~~~~~~\x1b[m\x1b[K\n'}
[4.492055] (cspc_lidar) StderrLine: {'line': b'In file included from \x1b[01m\x1b[K/opt/ros/humble/include/rclcpp/rclcpp/executors/single_threaded_executor.hpp:28\x1b[m\x1b[K,\n'}
[4.492081] (cspc_lidar) StderrLine: {'line': b'                 from \x1b[01m\x1b[K/opt/ros/humble/include/rclcpp/rclcpp/executors.hpp:22\x1b[m\x1b[K,\n'}
[4.492107] (cspc_lidar) StderrLine: {'line': b'                 from \x1b[01m\x1b[K/opt/ros/humble/include/rclcpp/rclcpp/rclcpp.hpp:155\x1b[m\x1b[K,\n'}
[4.492133] (cspc_lidar) StderrLine: {'line': b'                 from \x1b[01m\x1b[K/opt/ros/humble/include/pcl_conversions/pcl_conversions/pcl_conversions.h:43\x1b[m\x1b[K,\n'}
[4.492159] (cspc_lidar) StderrLine: {'line': b'                 from \x1b[01m\x1b[K/home/meng/mDetectRobot/mDetectRobot/cspc_lidar_sdk_ros2_D4/cspc_lidar_sdk_ros2/src/node_lidar_ros.cpp:9\x1b[m\x1b[K:\n'}
[4.492185] (cspc_lidar) StderrLine: {'line': b'\x1b[01m\x1b[K/opt/ros/humble/include/rclcpp/rclcpp/node.hpp:421:3:\x1b[m\x1b[K \x1b[01;36m\x1b[Knote: \x1b[m\x1b[Kcandidate: \xe2\x80\x98\x1b[01m\x1b[Ktemplate<class ParameterT> auto rclcpp::Node::declare_parameter(const string&, const ParameterT&, const ParameterDescriptor&, bool)\x1b[m\x1b[K\xe2\x80\x99\n'}
[4.492211] (cspc_lidar) StderrLine: {'line': b'  421 |   \x1b[01;36m\x1b[Kdeclare_parameter\x1b[m\x1b[K(\n'}
[4.492239] (cspc_lidar) StderrLine: {'line': b'      |   \x1b[01;36m\x1b[K^~~~~~~~~~~~~~~~~\x1b[m\x1b[K\n'}
[4.492267] (cspc_lidar) StderrLine: {'line': b'\x1b[01m\x1b[K/opt/ros/humble/include/rclcpp/rclcpp/node.hpp:421:3:\x1b[m\x1b[K \x1b[01;36m\x1b[Knote: \x1b[m\x1b[K  template argument deduction/substitution failed:\n'}
[4.492293] (cspc_lidar) StderrLine: {'line': b'\x1b[01m\x1b[K/home/meng/mDetectRobot/mDetectRobot/cspc_lidar_sdk_ros2_D4/cspc_lidar_sdk_ros2/src/node_lidar_ros.cpp:110:32:\x1b[m\x1b[K \x1b[01;36m\x1b[Knote: \x1b[m\x1b[K  candidate expects 4 arguments, 1 provided\n'}
[4.492320] (cspc_lidar) StderrLine: {'line': b'  110 |         \x1b[01;36m\x1b[Knode->declare_parameter("baudrate")\x1b[m\x1b[K;\n'}
[4.492347] (cspc_lidar) StderrLine: {'line': b'      |         \x1b[01;36m\x1b[K~~~~~~~~~~~~~~~~~~~~~~~^~~~~~~~~~~~\x1b[m\x1b[K\n'}
[4.492372] (cspc_lidar) StderrLine: {'line': b'In file included from \x1b[01m\x1b[K/opt/ros/humble/include/rclcpp/rclcpp/executors/single_threaded_executor.hpp:28\x1b[m\x1b[K,\n'}
[4.492399] (cspc_lidar) StderrLine: {'line': b'                 from \x1b[01m\x1b[K/opt/ros/humble/include/rclcpp/rclcpp/executors.hpp:22\x1b[m\x1b[K,\n'}
[4.492425] (cspc_lidar) StderrLine: {'line': b'                 from \x1b[01m\x1b[K/opt/ros/humble/include/rclcpp/rclcpp/rclcpp.hpp:155\x1b[m\x1b[K,\n'}
[4.492452] (cspc_lidar) StderrLine: {'line': b'                 from \x1b[01m\x1b[K/opt/ros/humble/include/pcl_conversions/pcl_conversions/pcl_conversions.h:43\x1b[m\x1b[K,\n'}
[4.492478] (cspc_lidar) StderrLine: {'line': b'                 from \x1b[01m\x1b[K/home/meng/mDetectRobot/mDetectRobot/cspc_lidar_sdk_ros2_D4/cspc_lidar_sdk_ros2/src/node_lidar_ros.cpp:9\x1b[m\x1b[K:\n'}
[4.492505] (cspc_lidar) StderrLine: {'line': b'\x1b[01m\x1b[K/opt/ros/humble/include/rclcpp/rclcpp/node.hpp:434:3:\x1b[m\x1b[K \x1b[01;36m\x1b[Knote: \x1b[m\x1b[Kcandidate: \xe2\x80\x98\x1b[01m\x1b[Ktemplate<class ParameterT> auto rclcpp::Node::declare_parameter(const string&, const ParameterDescriptor&, bool)\x1b[m\x1b[K\xe2\x80\x99\n'}
[4.492531] (cspc_lidar) StderrLine: {'line': b'  434 |   \x1b[01;36m\x1b[Kdeclare_parameter\x1b[m\x1b[K(\n'}
[4.492557] (cspc_lidar) StderrLine: {'line': b'      |   \x1b[01;36m\x1b[K^~~~~~~~~~~~~~~~~\x1b[m\x1b[K\n'}
[4.492587] (cspc_lidar) StderrLine: {'line': b'\x1b[01m\x1b[K/opt/ros/humble/include/rclcpp/rclcpp/node.hpp:434:3:\x1b[m\x1b[K \x1b[01;36m\x1b[Knote: \x1b[m\x1b[K  template argument deduction/substitution failed:\n'}
[4.492615] (cspc_lidar) StderrLine: {'line': b'\x1b[01m\x1b[K/home/meng/mDetectRobot/mDetectRobot/cspc_lidar_sdk_ros2_D4/cspc_lidar_sdk_ros2/src/node_lidar_ros.cpp:110:32:\x1b[m\x1b[K \x1b[01;36m\x1b[Knote: \x1b[m\x1b[K  couldn\xe2\x80\x99t deduce template parameter \xe2\x80\x98\x1b[01m\x1b[KParameterT\x1b[m\x1b[K\xe2\x80\x99\n'}
[4.492643] (cspc_lidar) StderrLine: {'line': b'  110 |         \x1b[01;36m\x1b[Knode->declare_parameter("baudrate")\x1b[m\x1b[K;\n'}
[4.492668] (cspc_lidar) StderrLine: {'line': b'      |         \x1b[01;36m\x1b[K~~~~~~~~~~~~~~~~~~~~~~~^~~~~~~~~~~~\x1b[m\x1b[K\n'}
[4.492694] (cspc_lidar) StderrLine: {'line': b'In file included from \x1b[01m\x1b[K/opt/ros/humble/include/rclcpp/rclcpp/executors/single_threaded_executor.hpp:28\x1b[m\x1b[K,\n'}
[4.492722] (cspc_lidar) StderrLine: {'line': b'                 from \x1b[01m\x1b[K/opt/ros/humble/include/rclcpp/rclcpp/executors.hpp:22\x1b[m\x1b[K,\n'}
[4.492747] (cspc_lidar) StderrLine: {'line': b'                 from \x1b[01m\x1b[K/opt/ros/humble/include/rclcpp/rclcpp/rclcpp.hpp:155\x1b[m\x1b[K,\n'}
[4.492773] (cspc_lidar) StderrLine: {'line': b'                 from \x1b[01m\x1b[K/opt/ros/humble/include/pcl_conversions/pcl_conversions/pcl_conversions.h:43\x1b[m\x1b[K,\n'}
[4.492799] (cspc_lidar) StderrLine: {'line': b'                 from \x1b[01m\x1b[K/home/meng/mDetectRobot/mDetectRobot/cspc_lidar_sdk_ros2_D4/cspc_lidar_sdk_ros2/src/node_lidar_ros.cpp:9\x1b[m\x1b[K:\n'}
[4.492825] (cspc_lidar) StderrLine: {'line': b'\x1b[01m\x1b[K/opt/ros/humble/include/rclcpp/rclcpp/node.hpp:366:3:\x1b[m\x1b[K \x1b[01;36m\x1b[Knote: \x1b[m\x1b[Kcandidate: \xe2\x80\x98\x1b[01m\x1b[Kconst rclcpp::ParameterValue& rclcpp::Node::declare_parameter(const string&, const rclcpp::ParameterValue&, const ParameterDescriptor&, bool)\x1b[m\x1b[K\xe2\x80\x99\n'}
[4.492853] (cspc_lidar) StderrLine: {'line': b'  366 |   \x1b[01;36m\x1b[Kdeclare_parameter\x1b[m\x1b[K(\n'}
[4.492879] (cspc_lidar) StderrLine: {'line': b'      |   \x1b[01;36m\x1b[K^~~~~~~~~~~~~~~~~\x1b[m\x1b[K\n'}
[4.492904] (cspc_lidar) StderrLine: {'line': b'\x1b[01m\x1b[K/opt/ros/humble/include/rclcpp/rclcpp/node.hpp:366:3:\x1b[m\x1b[K \x1b[01;36m\x1b[Knote: \x1b[m\x1b[K  candidate expects 4 arguments, 1 provided\n'}
[4.492930] (cspc_lidar) StderrLine: {'line': b'\x1b[01m\x1b[K/opt/ros/humble/include/rclcpp/rclcpp/node.hpp:391:3:\x1b[m\x1b[K \x1b[01;36m\x1b[Knote: \x1b[m\x1b[Kcandidate: \xe2\x80\x98\x1b[01m\x1b[Kconst rclcpp::ParameterValue& rclcpp::Node::declare_parameter(const string&, rclcpp::ParameterType, const ParameterDescriptor&, bool)\x1b[m\x1b[K\xe2\x80\x99\n'}
[4.492957] (cspc_lidar) StderrLine: {'line': b'  391 |   \x1b[01;36m\x1b[Kdeclare_parameter\x1b[m\x1b[K(\n'}
[4.492983] (cspc_lidar) StderrLine: {'line': b'      |   \x1b[01;36m\x1b[K^~~~~~~~~~~~~~~~~\x1b[m\x1b[K\n'}
[4.493009] (cspc_lidar) StderrLine: {'line': b'\x1b[01m\x1b[K/opt/ros/humble/include/rclcpp/rclcpp/node.hpp:391:3:\x1b[m\x1b[K \x1b[01;36m\x1b[Knote: \x1b[m\x1b[K  candidate expects 4 arguments, 1 provided\n'}
[4.493035] (cspc_lidar) StderrLine: {'line': b'\x1b[01m\x1b[K/home/meng/mDetectRobot/mDetectRobot/cspc_lidar_sdk_ros2_D4/cspc_lidar_sdk_ros2/src/node_lidar_ros.cpp:113:32:\x1b[m\x1b[K \x1b[01;31m\x1b[Kerror: \x1b[m\x1b[Kno matching function for call to \xe2\x80\x98\x1b[01m\x1b[Krclcpp::Node::declare_parameter(const char [9])\x1b[m\x1b[K\xe2\x80\x99\n'}
[4.493062] (cspc_lidar) StderrLine: {'line': b'  113 |         \x1b[01;31m\x1b[Knode->declare_parameter("frame_id")\x1b[m\x1b[K;\n'}
[4.493087] (cspc_lidar) StderrLine: {'line': b'      |         \x1b[01;31m\x1b[K~~~~~~~~~~~~~~~~~~~~~~~^~~~~~~~~~~~\x1b[m\x1b[K\n'}
[4.493113] (cspc_lidar) StderrLine: {'line': b'In file included from \x1b[01m\x1b[K/opt/ros/humble/include/rclcpp/rclcpp/executors/single_threaded_executor.hpp:28\x1b[m\x1b[K,\n'}
[4.493138] (cspc_lidar) StderrLine: {'line': b'                 from \x1b[01m\x1b[K/opt/ros/humble/include/rclcpp/rclcpp/executors.hpp:22\x1b[m\x1b[K,\n'}
[4.493164] (cspc_lidar) StderrLine: {'line': b'                 from \x1b[01m\x1b[K/opt/ros/humble/include/rclcpp/rclcpp/rclcpp.hpp:155\x1b[m\x1b[K,\n'}
[4.493189] (cspc_lidar) StderrLine: {'line': b'                 from \x1b[01m\x1b[K/opt/ros/humble/include/pcl_conversions/pcl_conversions/pcl_conversions.h:43\x1b[m\x1b[K,\n'}
[4.493216] (cspc_lidar) StderrLine: {'line': b'                 from \x1b[01m\x1b[K/home/meng/mDetectRobot/mDetectRobot/cspc_lidar_sdk_ros2_D4/cspc_lidar_sdk_ros2/src/node_lidar_ros.cpp:9\x1b[m\x1b[K:\n'}
[4.493242] (cspc_lidar) StderrLine: {'line': b'\x1b[01m\x1b[K/opt/ros/humble/include/rclcpp/rclcpp/node.hpp:421:3:\x1b[m\x1b[K \x1b[01;36m\x1b[Knote: \x1b[m\x1b[Kcandidate: \xe2\x80\x98\x1b[01m\x1b[Ktemplate<class ParameterT> auto rclcpp::Node::declare_parameter(const string&, const ParameterT&, const ParameterDescriptor&, bool)\x1b[m\x1b[K\xe2\x80\x99\n'}
[4.493268] (cspc_lidar) StderrLine: {'line': b'  421 |   \x1b[01;36m\x1b[Kdeclare_parameter\x1b[m\x1b[K(\n'}
[4.493294] (cspc_lidar) StderrLine: {'line': b'      |   \x1b[01;36m\x1b[K^~~~~~~~~~~~~~~~~\x1b[m\x1b[K\n'}
[4.493321] (cspc_lidar) StderrLine: {'line': b'\x1b[01m\x1b[K/opt/ros/humble/include/rclcpp/rclcpp/node.hpp:421:3:\x1b[m\x1b[K \x1b[01;36m\x1b[Knote: \x1b[m\x1b[K  template argument deduction/substitution failed:\n'}
[4.493348] (cspc_lidar) StderrLine: {'line': b'\x1b[01m\x1b[K/home/meng/mDetectRobot/mDetectRobot/cspc_lidar_sdk_ros2_D4/cspc_lidar_sdk_ros2/src/node_lidar_ros.cpp:113:32:\x1b[m\x1b[K \x1b[01;36m\x1b[Knote: \x1b[m\x1b[K  candidate expects 4 arguments, 1 provided\n'}
[4.493374] (cspc_lidar) StderrLine: {'line': b'  113 |         \x1b[01;36m\x1b[Knode->declare_parameter("frame_id")\x1b[m\x1b[K;\n'}
[4.493400] (cspc_lidar) StderrLine: {'line': b'      |         \x1b[01;36m\x1b[K~~~~~~~~~~~~~~~~~~~~~~~^~~~~~~~~~~~\x1b[m\x1b[K\n'}
[4.493425] (cspc_lidar) StderrLine: {'line': b'In file included from \x1b[01m\x1b[K/opt/ros/humble/include/rclcpp/rclcpp/executors/single_threaded_executor.hpp:28\x1b[m\x1b[K,\n'}
[4.493451] (cspc_lidar) StderrLine: {'line': b'                 from \x1b[01m\x1b[K/opt/ros/humble/include/rclcpp/rclcpp/executors.hpp:22\x1b[m\x1b[K,\n'}
[4.493476] (cspc_lidar) StderrLine: {'line': b'                 from \x1b[01m\x1b[K/opt/ros/humble/include/rclcpp/rclcpp/rclcpp.hpp:155\x1b[m\x1b[K,\n'}
[4.493502] (cspc_lidar) StderrLine: {'line': b'                 from \x1b[01m\x1b[K/opt/ros/humble/include/pcl_conversions/pcl_conversions/pcl_conversions.h:43\x1b[m\x1b[K,\n'}
[4.493527] (cspc_lidar) StderrLine: {'line': b'                 from \x1b[01m\x1b[K/home/meng/mDetectRobot/mDetectRobot/cspc_lidar_sdk_ros2_D4/cspc_lidar_sdk_ros2/src/node_lidar_ros.cpp:9\x1b[m\x1b[K:\n'}
[4.493556] (cspc_lidar) StderrLine: {'line': b'\x1b[01m\x1b[K/opt/ros/humble/include/rclcpp/rclcpp/node.hpp:434:3:\x1b[m\x1b[K \x1b[01;36m\x1b[Knote: \x1b[m\x1b[Kcandidate: \xe2\x80\x98\x1b[01m\x1b[Ktemplate<class ParameterT> auto rclcpp::Node::declare_parameter(const string&, const ParameterDescriptor&, bool)\x1b[m\x1b[K\xe2\x80\x99\n'}
[4.493586] (cspc_lidar) StderrLine: {'line': b'  434 |   \x1b[01;36m\x1b[Kdeclare_parameter\x1b[m\x1b[K(\n'}
[4.493614] (cspc_lidar) StderrLine: {'line': b'      |   \x1b[01;36m\x1b[K^~~~~~~~~~~~~~~~~\x1b[m\x1b[K\n'}
[4.493641] (cspc_lidar) StderrLine: {'line': b'\x1b[01m\x1b[K/opt/ros/humble/include/rclcpp/rclcpp/node.hpp:434:3:\x1b[m\x1b[K \x1b[01;36m\x1b[Knote: \x1b[m\x1b[K  template argument deduction/substitution failed:\n'}
[4.493667] (cspc_lidar) StderrLine: {'line': b'\x1b[01m\x1b[K/home/meng/mDetectRobot/mDetectRobot/cspc_lidar_sdk_ros2_D4/cspc_lidar_sdk_ros2/src/node_lidar_ros.cpp:113:32:\x1b[m\x1b[K \x1b[01;36m\x1b[Knote: \x1b[m\x1b[K  couldn\xe2\x80\x99t deduce template parameter \xe2\x80\x98\x1b[01m\x1b[KParameterT\x1b[m\x1b[K\xe2\x80\x99\n'}
[4.493694] (cspc_lidar) StderrLine: {'line': b'  113 |         \x1b[01;36m\x1b[Knode->declare_parameter("frame_id")\x1b[m\x1b[K;\n'}
[4.493719] (cspc_lidar) StderrLine: {'line': b'      |         \x1b[01;36m\x1b[K~~~~~~~~~~~~~~~~~~~~~~~^~~~~~~~~~~~\x1b[m\x1b[K\n'}
[4.493745] (cspc_lidar) StderrLine: {'line': b'In file included from \x1b[01m\x1b[K/opt/ros/humble/include/rclcpp/rclcpp/executors/single_threaded_executor.hpp:28\x1b[m\x1b[K,\n'}
[4.493771] (cspc_lidar) StderrLine: {'line': b'                 from \x1b[01m\x1b[K/opt/ros/humble/include/rclcpp/rclcpp/executors.hpp:22\x1b[m\x1b[K,\n'}
[4.493797] (cspc_lidar) StderrLine: {'line': b'                 from \x1b[01m\x1b[K/opt/ros/humble/include/rclcpp/rclcpp/rclcpp.hpp:155\x1b[m\x1b[K,\n'}
[4.493823] (cspc_lidar) StderrLine: {'line': b'                 from \x1b[01m\x1b[K/opt/ros/humble/include/pcl_conversions/pcl_conversions/pcl_conversions.h:43\x1b[m\x1b[K,\n'}
[4.493853] (cspc_lidar) StderrLine: {'line': b'                 from \x1b[01m\x1b[K/home/meng/mDetectRobot/mDetectRobot/cspc_lidar_sdk_ros2_D4/cspc_lidar_sdk_ros2/src/node_lidar_ros.cpp:9\x1b[m\x1b[K:\n'}
[4.493879] (cspc_lidar) StderrLine: {'line': b'\x1b[01m\x1b[K/opt/ros/humble/include/rclcpp/rclcpp/node.hpp:366:3:\x1b[m\x1b[K \x1b[01;36m\x1b[Knote: \x1b[m\x1b[Kcandidate: \xe2\x80\x98\x1b[01m\x1b[Kconst rclcpp::ParameterValue& rclcpp::Node::declare_parameter(const string&, const rclcpp::ParameterValue&, const ParameterDescriptor&, bool)\x1b[m\x1b[K\xe2\x80\x99\n'}
[4.493905] (cspc_lidar) StderrLine: {'line': b'  366 |   \x1b[01;36m\x1b[Kdeclare_parameter\x1b[m\x1b[K(\n'}
[4.493930] (cspc_lidar) StderrLine: {'line': b'      |   \x1b[01;36m\x1b[K^~~~~~~~~~~~~~~~~\x1b[m\x1b[K\n'}
[4.493956] (cspc_lidar) StderrLine: {'line': b'\x1b[01m\x1b[K/opt/ros/humble/include/rclcpp/rclcpp/node.hpp:366:3:\x1b[m\x1b[K \x1b[01;36m\x1b[Knote: \x1b[m\x1b[K  candidate expects 4 arguments, 1 provided\n'}
[4.493982] (cspc_lidar) StderrLine: {'line': b'\x1b[01m\x1b[K/opt/ros/humble/include/rclcpp/rclcpp/node.hpp:391:3:\x1b[m\x1b[K \x1b[01;36m\x1b[Knote: \x1b[m\x1b[Kcandidate: \xe2\x80\x98\x1b[01m\x1b[Kconst rclcpp::ParameterValue& rclcpp::Node::declare_parameter(const string&, rclcpp::ParameterType, const ParameterDescriptor&, bool)\x1b[m\x1b[K\xe2\x80\x99\n'}
[4.494052] (cspc_lidar) StderrLine: {'line': b'  391 |   \x1b[01;36m\x1b[Kdeclare_parameter\x1b[m\x1b[K(\n'}
[4.494112] (cspc_lidar) StderrLine: {'line': b'      |   \x1b[01;36m\x1b[K^~~~~~~~~~~~~~~~~\x1b[m\x1b[K\n'}
[4.494141] (cspc_lidar) StderrLine: {'line': b'\x1b[01m\x1b[K/opt/ros/humble/include/rclcpp/rclcpp/node.hpp:391:3:\x1b[m\x1b[K \x1b[01;36m\x1b[Knote: \x1b[m\x1b[K  candidate expects 4 arguments, 1 provided\n'}
[4.494170] (cspc_lidar) StderrLine: {'line': b'\x1b[01m\x1b[K/home/meng/mDetectRobot/mDetectRobot/cspc_lidar_sdk_ros2_D4/cspc_lidar_sdk_ros2/src/node_lidar_ros.cpp:116:32:\x1b[m\x1b[K \x1b[01;31m\x1b[Kerror: \x1b[m\x1b[Kno matching function for call to \xe2\x80\x98\x1b[01m\x1b[Krclcpp::Node::declare_parameter(const char [8])\x1b[m\x1b[K\xe2\x80\x99\n'}
[4.494253] (cspc_lidar) StderrLine: {'line': b'  116 |         \x1b[01;31m\x1b[Knode->declare_parameter("version")\x1b[m\x1b[K;\n'}
[4.494281] (cspc_lidar) StderrLine: {'line': b'      |         \x1b[01;31m\x1b[K~~~~~~~~~~~~~~~~~~~~~~~^~~~~~~~~~~\x1b[m\x1b[K\n'}
[4.494308] (cspc_lidar) StderrLine: {'line': b'In file included from \x1b[01m\x1b[K/opt/ros/humble/include/rclcpp/rclcpp/executors/single_threaded_executor.hpp:28\x1b[m\x1b[K,\n'}
[4.494335] (cspc_lidar) StderrLine: {'line': b'                 from \x1b[01m\x1b[K/opt/ros/humble/include/rclcpp/rclcpp/executors.hpp:22\x1b[m\x1b[K,\n'}
[4.494362] (cspc_lidar) StderrLine: {'line': b'                 from \x1b[01m\x1b[K/opt/ros/humble/include/rclcpp/rclcpp/rclcpp.hpp:155\x1b[m\x1b[K,\n'}
[4.494387] (cspc_lidar) StderrLine: {'line': b'                 from \x1b[01m\x1b[K/opt/ros/humble/include/pcl_conversions/pcl_conversions/pcl_conversions.h:43\x1b[m\x1b[K,\n'}
[4.494413] (cspc_lidar) StderrLine: {'line': b'                 from \x1b[01m\x1b[K/home/meng/mDetectRobot/mDetectRobot/cspc_lidar_sdk_ros2_D4/cspc_lidar_sdk_ros2/src/node_lidar_ros.cpp:9\x1b[m\x1b[K:\n'}
[4.494438] (cspc_lidar) StderrLine: {'line': b'\x1b[01m\x1b[K/opt/ros/humble/include/rclcpp/rclcpp/node.hpp:421:3:\x1b[m\x1b[K \x1b[01;36m\x1b[Knote: \x1b[m\x1b[Kcandidate: \xe2\x80\x98\x1b[01m\x1b[Ktemplate<class ParameterT> auto rclcpp::Node::declare_parameter(const string&, const ParameterT&, const ParameterDescriptor&, bool)\x1b[m\x1b[K\xe2\x80\x99\n'}
[4.494465] (cspc_lidar) StderrLine: {'line': b'  421 |   \x1b[01;36m\x1b[Kdeclare_parameter\x1b[m\x1b[K(\n'}
[4.494490] (cspc_lidar) StderrLine: {'line': b'      |   \x1b[01;36m\x1b[K^~~~~~~~~~~~~~~~~\x1b[m\x1b[K\n'}
[4.494516] (cspc_lidar) StderrLine: {'line': b'\x1b[01m\x1b[K/opt/ros/humble/include/rclcpp/rclcpp/node.hpp:421:3:\x1b[m\x1b[K \x1b[01;36m\x1b[Knote: \x1b[m\x1b[K  template argument deduction/substitution failed:\n'}
[4.494542] (cspc_lidar) StderrLine: {'line': b'\x1b[01m\x1b[K/home/meng/mDetectRobot/mDetectRobot/cspc_lidar_sdk_ros2_D4/cspc_lidar_sdk_ros2/src/node_lidar_ros.cpp:116:32:\x1b[m\x1b[K \x1b[01;36m\x1b[Knote: \x1b[m\x1b[K  candidate expects 4 arguments, 1 provided\n'}
[4.494567] (cspc_lidar) StderrLine: {'line': b'  116 |         \x1b[01;36m\x1b[Knode->declare_parameter("version")\x1b[m\x1b[K;\n'}
[4.494607] (cspc_lidar) StderrLine: {'line': b'      |         \x1b[01;36m\x1b[K~~~~~~~~~~~~~~~~~~~~~~~^~~~~~~~~~~\x1b[m\x1b[K\n'}
[4.494635] (cspc_lidar) StderrLine: {'line': b'In file included from \x1b[01m\x1b[K/opt/ros/humble/include/rclcpp/rclcpp/executors/single_threaded_executor.hpp:28\x1b[m\x1b[K,\n'}
[4.494661] (cspc_lidar) StderrLine: {'line': b'                 from \x1b[01m\x1b[K/opt/ros/humble/include/rclcpp/rclcpp/executors.hpp:22\x1b[m\x1b[K,\n'}
[4.494687] (cspc_lidar) StderrLine: {'line': b'                 from \x1b[01m\x1b[K/opt/ros/humble/include/rclcpp/rclcpp/rclcpp.hpp:155\x1b[m\x1b[K,\n'}
[4.494716] (cspc_lidar) StderrLine: {'line': b'                 from \x1b[01m\x1b[K/opt/ros/humble/include/pcl_conversions/pcl_conversions/pcl_conversions.h:43\x1b[m\x1b[K,\n'}
[4.494743] (cspc_lidar) StderrLine: {'line': b'                 from \x1b[01m\x1b[K/home/meng/mDetectRobot/mDetectRobot/cspc_lidar_sdk_ros2_D4/cspc_lidar_sdk_ros2/src/node_lidar_ros.cpp:9\x1b[m\x1b[K:\n'}
[4.494768] (cspc_lidar) StderrLine: {'line': b'\x1b[01m\x1b[K/opt/ros/humble/include/rclcpp/rclcpp/node.hpp:434:3:\x1b[m\x1b[K \x1b[01;36m\x1b[Knote: \x1b[m\x1b[Kcandidate: \xe2\x80\x98\x1b[01m\x1b[Ktemplate<class ParameterT> auto rclcpp::Node::declare_parameter(const string&, const ParameterDescriptor&, bool)\x1b[m\x1b[K\xe2\x80\x99\n'}
[4.494795] (cspc_lidar) StderrLine: {'line': b'  434 |   \x1b[01;36m\x1b[Kdeclare_parameter\x1b[m\x1b[K(\n'}
[4.494820] (cspc_lidar) StderrLine: {'line': b'      |   \x1b[01;36m\x1b[K^~~~~~~~~~~~~~~~~\x1b[m\x1b[K\n'}
[4.494846] (cspc_lidar) StderrLine: {'line': b'\x1b[01m\x1b[K/opt/ros/humble/include/rclcpp/rclcpp/node.hpp:434:3:\x1b[m\x1b[K \x1b[01;36m\x1b[Knote: \x1b[m\x1b[K  template argument deduction/substitution failed:\n'}
[4.494872] (cspc_lidar) StderrLine: {'line': b'\x1b[01m\x1b[K/home/meng/mDetectRobot/mDetectRobot/cspc_lidar_sdk_ros2_D4/cspc_lidar_sdk_ros2/src/node_lidar_ros.cpp:116:32:\x1b[m\x1b[K \x1b[01;36m\x1b[Knote: \x1b[m\x1b[K  couldn\xe2\x80\x99t deduce template parameter \xe2\x80\x98\x1b[01m\x1b[KParameterT\x1b[m\x1b[K\xe2\x80\x99\n'}
[4.494901] (cspc_lidar) StderrLine: {'line': b'  116 |         \x1b[01;36m\x1b[Knode->declare_parameter("version")\x1b[m\x1b[K;\n'}
[4.494927] (cspc_lidar) StderrLine: {'line': b'      |         \x1b[01;36m\x1b[K~~~~~~~~~~~~~~~~~~~~~~~^~~~~~~~~~~\x1b[m\x1b[K\n'}
[4.494952] (cspc_lidar) StderrLine: {'line': b'In file included from \x1b[01m\x1b[K/opt/ros/humble/include/rclcpp/rclcpp/executors/single_threaded_executor.hpp:28\x1b[m\x1b[K,\n'}
[4.494979] (cspc_lidar) StderrLine: {'line': b'                 from \x1b[01m\x1b[K/opt/ros/humble/include/rclcpp/rclcpp/executors.hpp:22\x1b[m\x1b[K,\n'}
[4.495006] (cspc_lidar) StderrLine: {'line': b'                 from \x1b[01m\x1b[K/opt/ros/humble/include/rclcpp/rclcpp/rclcpp.hpp:155\x1b[m\x1b[K,\n'}
[4.495032] (cspc_lidar) StderrLine: {'line': b'                 from \x1b[01m\x1b[K/opt/ros/humble/include/pcl_conversions/pcl_conversions/pcl_conversions.h:43\x1b[m\x1b[K,\n'}
[4.495058] (cspc_lidar) StderrLine: {'line': b'                 from \x1b[01m\x1b[K/home/meng/mDetectRobot/mDetectRobot/cspc_lidar_sdk_ros2_D4/cspc_lidar_sdk_ros2/src/node_lidar_ros.cpp:9\x1b[m\x1b[K:\n'}
[4.495083] (cspc_lidar) StderrLine: {'line': b'\x1b[01m\x1b[K/opt/ros/humble/include/rclcpp/rclcpp/node.hpp:366:3:\x1b[m\x1b[K \x1b[01;36m\x1b[Knote: \x1b[m\x1b[Kcandidate: \xe2\x80\x98\x1b[01m\x1b[Kconst rclcpp::ParameterValue& rclcpp::Node::declare_parameter(const string&, const rclcpp::ParameterValue&, const ParameterDescriptor&, bool)\x1b[m\x1b[K\xe2\x80\x99\n'}
[4.495109] (cspc_lidar) StderrLine: {'line': b'  366 |   \x1b[01;36m\x1b[Kdeclare_parameter\x1b[m\x1b[K(\n'}
[4.495134] (cspc_lidar) StderrLine: {'line': b'      |   \x1b[01;36m\x1b[K^~~~~~~~~~~~~~~~~\x1b[m\x1b[K\n'}
[4.495160] (cspc_lidar) StderrLine: {'line': b'\x1b[01m\x1b[K/opt/ros/humble/include/rclcpp/rclcpp/node.hpp:366:3:\x1b[m\x1b[K \x1b[01;36m\x1b[Knote: \x1b[m\x1b[K  candidate expects 4 arguments, 1 provided\n'}
[4.495187] (cspc_lidar) StderrLine: {'line': b'\x1b[01m\x1b[K/opt/ros/humble/include/rclcpp/rclcpp/node.hpp:391:3:\x1b[m\x1b[K \x1b[01;36m\x1b[Knote: \x1b[m\x1b[Kcandidate: \xe2\x80\x98\x1b[01m\x1b[Kconst rclcpp::ParameterValue& rclcpp::Node::declare_parameter(const string&, rclcpp::ParameterType, const ParameterDescriptor&, bool)\x1b[m\x1b[K\xe2\x80\x99\n'}
[4.495213] (cspc_lidar) StderrLine: {'line': b'  391 |   \x1b[01;36m\x1b[Kdeclare_parameter\x1b[m\x1b[K(\n'}
[4.495239] (cspc_lidar) StderrLine: {'line': b'      |   \x1b[01;36m\x1b[K^~~~~~~~~~~~~~~~~\x1b[m\x1b[K\n'}
[4.495264] (cspc_lidar) StderrLine: {'line': b'\x1b[01m\x1b[K/opt/ros/humble/include/rclcpp/rclcpp/node.hpp:391:3:\x1b[m\x1b[K \x1b[01;36m\x1b[Knote: \x1b[m\x1b[K  candidate expects 4 arguments, 1 provided\n'}
[4.495290] (cspc_lidar) StderrLine: {'line': b'\x1b[01m\x1b[K/home/meng/mDetectRobot/mDetectRobot/cspc_lidar_sdk_ros2_D4/cspc_lidar_sdk_ros2/src/node_lidar_ros.cpp:127:67:\x1b[m\x1b[K \x1b[01;31m\x1b[Kerror: \x1b[m\x1b[K\xe2\x80\x98\x1b[01m\x1b[KLaserScan\x1b[m\x1b[K\xe2\x80\x99 is not a member of \xe2\x80\x98\x1b[01m\x1b[Ksensor_msgs::msg\x1b[m\x1b[K\xe2\x80\x99; did you mean \xe2\x80\x98\x1b[01m\x1b[KLaserScan\x1b[m\x1b[K\xe2\x80\x99?\n'}
[4.495319] (cspc_lidar) StderrLine: {'line': b'  127 |         auto laser_pub = node->create_publisher<sensor_msgs::msg::\x1b[01;31m\x1b[KLaserScan\x1b[m\x1b[K>("scan", 1);\n'}
[4.495345] (cspc_lidar) StderrLine: {'line': b'      |                                                                   \x1b[01;31m\x1b[K^~~~~~~~~\x1b[m\x1b[K\n'}
[4.495372] (cspc_lidar) StderrLine: {'line': b'In file included from \x1b[01m\x1b[K/home/meng/mDetectRobot/mDetectRobot/cspc_lidar_sdk_ros2_D4/cspc_lidar_sdk_ros2/sdk/lidar_data_processing.h:5\x1b[m\x1b[K,\n'}
[4.495398] (cspc_lidar) StderrLine: {'line': b'                 from \x1b[01m\x1b[K/home/meng/mDetectRobot/mDetectRobot/cspc_lidar_sdk_ros2_D4/cspc_lidar_sdk_ros2/sdk/point_cloud_optimize.h:5\x1b[m\x1b[K,\n'}
[4.495425] (cspc_lidar) StderrLine: {'line': b'                 from \x1b[01m\x1b[K/home/meng/mDetectRobot/mDetectRobot/cspc_lidar_sdk_ros2_D4/cspc_lidar_sdk_ros2/sdk/node_lidar.h:8\x1b[m\x1b[K,\n'}
[4.495451] (cspc_lidar) StderrLine: {'line': b'                 from \x1b[01m\x1b[K/home/meng/mDetectRobot/mDetectRobot/cspc_lidar_sdk_ros2_D4/cspc_lidar_sdk_ros2/src/node_lidar_ros.cpp:1\x1b[m\x1b[K:\n'}
[4.495478] (cspc_lidar) StderrLine: {'line': b'\x1b[01m\x1b[K/home/meng/mDetectRobot/mDetectRobot/cspc_lidar_sdk_ros2_D4/cspc_lidar_sdk_ros2/sdk/lidar_information.h:226:8:\x1b[m\x1b[K \x1b[01;36m\x1b[Knote: \x1b[m\x1b[K\xe2\x80\x98\x1b[01m\x1b[KLaserScan\x1b[m\x1b[K\xe2\x80\x99 declared here\n'}
[4.495507] (cspc_lidar) StderrLine: {'line': b'  226 | struct \x1b[01;36m\x1b[KLaserScan\x1b[m\x1b[K\n'}
[4.495533] (cspc_lidar) StderrLine: {'line': b'      |        \x1b[01;36m\x1b[K^~~~~~~~~\x1b[m\x1b[K\n'}
[4.495559] (cspc_lidar) StderrLine: {'line': b'\x1b[01m\x1b[K/home/meng/mDetectRobot/mDetectRobot/cspc_lidar_sdk_ros2_D4/cspc_lidar_sdk_ros2/src/node_lidar_ros.cpp:127:77:\x1b[m\x1b[K \x1b[01;31m\x1b[Kerror: \x1b[m\x1b[Kno matching function for call to \xe2\x80\x98\x1b[01m\x1b[Krclcpp::Node::create_publisher<<expression error> >(const char [5], int)\x1b[m\x1b[K\xe2\x80\x99\n'}
[4.495592] (cspc_lidar) StderrLine: {'line': b'  127 |         auto laser_pub = \x1b[01;31m\x1b[Knode->create_publisher<sensor_msgs::msg::LaserScan>("scan", 1)\x1b[m\x1b[K;\n'}
[4.495619] (cspc_lidar) StderrLine: {'line': b'      |                          \x1b[01;31m\x1b[K~~~~~~~~~~~~~~~~~~~~~~~~~~~~~~~~~~~~~~~~~~~~~~~~~~~^~~~~~~~~~~\x1b[m\x1b[K\n'}
[4.495645] (cspc_lidar) StderrLine: {'line': b'In file included from \x1b[01m\x1b[K/opt/ros/humble/include/rclcpp/rclcpp/node.hpp:1321\x1b[m\x1b[K,\n'}
[4.495672] (cspc_lidar) StderrLine: {'line': b'                 from \x1b[01m\x1b[K/opt/ros/humble/include/rclcpp/rclcpp/executors/single_threaded_executor.hpp:28\x1b[m\x1b[K,\n'}
[4.495697] (cspc_lidar) StderrLine: {'line': b'                 from \x1b[01m\x1b[K/opt/ros/humble/include/rclcpp/rclcpp/executors.hpp:22\x1b[m\x1b[K,\n'}
[4.495723] (cspc_lidar) StderrLine: {'line': b'                 from \x1b[01m\x1b[K/opt/ros/humble/include/rclcpp/rclcpp/rclcpp.hpp:155\x1b[m\x1b[K,\n'}
[4.495749] (cspc_lidar) StderrLine: {'line': b'                 from \x1b[01m\x1b[K/opt/ros/humble/include/pcl_conversions/pcl_conversions/pcl_conversions.h:43\x1b[m\x1b[K,\n'}
[4.495776] (cspc_lidar) StderrLine: {'line': b'                 from \x1b[01m\x1b[K/home/meng/mDetectRobot/mDetectRobot/cspc_lidar_sdk_ros2_D4/cspc_lidar_sdk_ros2/src/node_lidar_ros.cpp:9\x1b[m\x1b[K:\n'}
[4.495802] (cspc_lidar) StderrLine: {'line': b'\x1b[01m\x1b[K/opt/ros/humble/include/rclcpp/rclcpp/node_impl.hpp:73:1:\x1b[m\x1b[K \x1b[01;36m\x1b[Knote: \x1b[m\x1b[Kcandidate: \xe2\x80\x98\x1b[01m\x1b[Ktemplate<class MessageT, class AllocatorT, class PublisherT> std::shared_ptr<PublisherT> rclcpp::Node::create_publisher(const string&, const rclcpp::QoS&, const rclcpp::PublisherOptionsWithAllocator<AllocatorT>&)\x1b[m\x1b[K\xe2\x80\x99\n'}
[4.495830] (cspc_lidar) StderrLine: {'line': b'   73 | \x1b[01;36m\x1b[KNode\x1b[m\x1b[K::create_publisher(\n'}
[4.495858] (cspc_lidar) StderrLine: {'line': b'      | \x1b[01;36m\x1b[K^~~~\x1b[m\x1b[K\n'}
[4.495884] (cspc_lidar) StderrLine: {'line': b'\x1b[01m\x1b[K/opt/ros/humble/include/rclcpp/rclcpp/node_impl.hpp:73:1:\x1b[m\x1b[K \x1b[01;36m\x1b[Knote: \x1b[m\x1b[K  template argument deduction/substitution failed:\n'}
[4.495911] (cspc_lidar) StderrLine: {'line': b'\x1b[01m\x1b[K/home/meng/mDetectRobot/mDetectRobot/cspc_lidar_sdk_ros2_D4/cspc_lidar_sdk_ros2/src/node_lidar_ros.cpp:127:77:\x1b[m\x1b[K \x1b[01;31m\x1b[Kerror: \x1b[m\x1b[Ktemplate argument 1 is invalid\n'}
[4.495938] (cspc_lidar) StderrLine: {'line': b'  127 |         auto laser_pub = \x1b[01;31m\x1b[Knode->create_publisher<sensor_msgs::msg::LaserScan>("scan", 1)\x1b[m\x1b[K;\n'}
[4.495964] (cspc_lidar) StderrLine: {'line': b'      |                          \x1b[01;31m\x1b[K~~~~~~~~~~~~~~~~~~~~~~~~~~~~~~~~~~~~~~~~~~~~~~~~~~~^~~~~~~~~~~\x1b[m\x1b[K\n'}
[4.497317] (cspc_lidar) StderrLine: {'line': b'\x1b[01m\x1b[K/home/meng/mDetectRobot/mDetectRobot/cspc_lidar_sdk_ros2_D4/cspc_lidar_sdk_ros2/src/node_lidar_ros.cpp:163:76:\x1b[m\x1b[K \x1b[01;31m\x1b[Kerror: \x1b[m\x1b[K\xe2\x80\x98\x1b[01m\x1b[KLaserScan\x1b[m\x1b[K\xe2\x80\x99 is not a member of \xe2\x80\x98\x1b[01m\x1b[Ksensor_msgs::msg\x1b[m\x1b[K\xe2\x80\x99; did you mean \xe2\x80\x98\x1b[01m\x1b[KLaserScan\x1b[m\x1b[K\xe2\x80\x99?\n'}
[4.497582] (cspc_lidar) StderrLine: {'line': b'  163 |                         auto scan_msg = std::make_shared<sensor_msgs::msg::\x1b[01;31m\x1b[KLaserScan\x1b[m\x1b[K>();//\xe9\x9b\xb7\xe8\xbe\xbe\xe6\x95\xb0\xe6\x8d\xae\n'}
[4.497676] (cspc_lidar) StderrLine: {'line': b'      |                                                                            \x1b[01;31m\x1b[K^~~~~~~~~\x1b[m\x1b[K\n'}
[4.497750] (cspc_lidar) StderrLine: {'line': b'In file included from \x1b[01m\x1b[K/home/meng/mDetectRobot/mDetectRobot/cspc_lidar_sdk_ros2_D4/cspc_lidar_sdk_ros2/sdk/lidar_data_processing.h:5\x1b[m\x1b[K,\n'}
[4.497823] (cspc_lidar) StderrLine: {'line': b'                 from \x1b[01m\x1b[K/home/meng/mDetectRobot/mDetectRobot/cspc_lidar_sdk_ros2_D4/cspc_lidar_sdk_ros2/sdk/point_cloud_optimize.h:5\x1b[m\x1b[K,\n'}
[4.497894] (cspc_lidar) StderrLine: {'line': b'                 from \x1b[01m\x1b[K/home/meng/mDetectRobot/mDetectRobot/cspc_lidar_sdk_ros2_D4/cspc_lidar_sdk_ros2/sdk/node_lidar.h:8\x1b[m\x1b[K,\n'}
[4.497963] (cspc_lidar) StderrLine: {'line': b'                 from \x1b[01m\x1b[K/home/meng/mDetectRobot/mDetectRobot/cspc_lidar_sdk_ros2_D4/cspc_lidar_sdk_ros2/src/node_lidar_ros.cpp:1\x1b[m\x1b[K:\n'}
[4.498032] (cspc_lidar) StderrLine: {'line': b'\x1b[01m\x1b[K/home/meng/mDetectRobot/mDetectRobot/cspc_lidar_sdk_ros2_D4/cspc_lidar_sdk_ros2/sdk/lidar_information.h:226:8:\x1b[m\x1b[K \x1b[01;36m\x1b[Knote: \x1b[m\x1b[K\xe2\x80\x98\x1b[01m\x1b[KLaserScan\x1b[m\x1b[K\xe2\x80\x99 declared here\n'}
[4.498101] (cspc_lidar) StderrLine: {'line': b'  226 | struct \x1b[01;36m\x1b[KLaserScan\x1b[m\x1b[K\n'}
[4.498170] (cspc_lidar) StderrLine: {'line': b'      |        \x1b[01;36m\x1b[K^~~~~~~~~\x1b[m\x1b[K\n'}
[4.498237] (cspc_lidar) StderrLine: {'line': b'\x1b[01m\x1b[K/home/meng/mDetectRobot/mDetectRobot/cspc_lidar_sdk_ros2_D4/cspc_lidar_sdk_ros2/src/node_lidar_ros.cpp:163:86:\x1b[m\x1b[K \x1b[01;31m\x1b[Kerror: \x1b[m\x1b[Kno matching function for call to \xe2\x80\x98\x1b[01m\x1b[Kmake_shared<<expression error> >()\x1b[m\x1b[K\xe2\x80\x99\n'}
[4.498315] (cspc_lidar) StderrLine: {'line': b'  163 |                         auto scan_msg = \x1b[01;31m\x1b[Kstd::make_shared<sensor_msgs::msg::LaserScan>()\x1b[m\x1b[K;//\xe9\x9b\xb7\xe8\xbe\xbe\xe6\x95\xb0\xe6\x8d\xae\n'}
[4.498385] (cspc_lidar) StderrLine: {'line': b'      |                                         \x1b[01;31m\x1b[K~~~~~~~~~~~~~~~~~~~~~~~~~~~~~~~~~~~~~~~~~~~~~^~\x1b[m\x1b[K\n'}
[4.498461] (cspc_lidar) StderrLine: {'line': b'In file included from \x1b[01m\x1b[K/usr/include/c++/11/memory:77\x1b[m\x1b[K,\n'}
[4.498530] (cspc_lidar) StderrLine: {'line': b'                 from \x1b[01m\x1b[K/home/meng/mDetectRobot/mDetectRobot/cspc_lidar_sdk_ros2_D4/cspc_lidar_sdk_ros2/sdk/node_lidar.h:13\x1b[m\x1b[K,\n'}
[4.498603] (cspc_lidar) StderrLine: {'line': b'                 from \x1b[01m\x1b[K/home/meng/mDetectRobot/mDetectRobot/cspc_lidar_sdk_ros2_D4/cspc_lidar_sdk_ros2/src/node_lidar_ros.cpp:1\x1b[m\x1b[K:\n'}
[4.498678] (cspc_lidar) StderrLine: {'line': b'\x1b[01m\x1b[K/usr/include/c++/11/bits/shared_ptr.h:875:5:\x1b[m\x1b[K \x1b[01;36m\x1b[Knote: \x1b[m\x1b[Kcandidate: \xe2\x80\x98\x1b[01m\x1b[Ktemplate<class _Tp, class ... _Args> std::shared_ptr<_Tp> std::make_shared(_Args&& ...)\x1b[m\x1b[K\xe2\x80\x99\n'}
[4.498749] (cspc_lidar) StderrLine: {'line': b'  875 |     \x1b[01;36m\x1b[Kmake_shared\x1b[m\x1b[K(_Args&&... __args)\n'}
[4.498819] (cspc_lidar) StderrLine: {'line': b'      |     \x1b[01;36m\x1b[K^~~~~~~~~~~\x1b[m\x1b[K\n'}
[4.498892] (cspc_lidar) StderrLine: {'line': b'\x1b[01m\x1b[K/usr/include/c++/11/bits/shared_ptr.h:875:5:\x1b[m\x1b[K \x1b[01;36m\x1b[Knote: \x1b[m\x1b[K  template argument deduction/substitution failed:\n'}
[4.498961] (cspc_lidar) StderrLine: {'line': b'\x1b[01m\x1b[K/home/meng/mDetectRobot/mDetectRobot/cspc_lidar_sdk_ros2_D4/cspc_lidar_sdk_ros2/src/node_lidar_ros.cpp:163:86:\x1b[m\x1b[K \x1b[01;31m\x1b[Kerror: \x1b[m\x1b[Ktemplate argument 1 is invalid\n'}
[4.499031] (cspc_lidar) StderrLine: {'line': b'  163 |                         auto scan_msg = \x1b[01;31m\x1b[Kstd::make_shared<sensor_msgs::msg::LaserScan>()\x1b[m\x1b[K;//\xe9\x9b\xb7\xe8\xbe\xbe\xe6\x95\xb0\xe6\x8d\xae\n'}
[4.499102] (cspc_lidar) StderrLine: {'line': b'      |                                         \x1b[01;31m\x1b[K~~~~~~~~~~~~~~~~~~~~~~~~~~~~~~~~~~~~~~~~~~~~~^~\x1b[m\x1b[K\n'}
[4.499172] (cspc_lidar) StderrLine: {'line': b'\x1b[01m\x1b[K/home/meng/mDetectRobot/mDetectRobot/cspc_lidar_sdk_ros2_D4/cspc_lidar_sdk_ros2/src/node_lidar_ros.cpp:181:40:\x1b[m\x1b[K \x1b[01;35m\x1b[Kwarning: \x1b[m\x1b[Kcomparison of integer expressions of different signedness: \xe2\x80\x98\x1b[01m\x1b[Kint\x1b[m\x1b[K\xe2\x80\x99 and \xe2\x80\x98\x1b[01m\x1b[Kstd::vector<LaserPoint>::size_type\x1b[m\x1b[K\xe2\x80\x99 {aka \xe2\x80\x98\x1b[01m\x1b[Klong unsigned int\x1b[m\x1b[K\xe2\x80\x99} [\x1b[01;35m\x1b[K\x1b]8;;https://gcc.gnu.org/onlinedocs/gcc/Warning-Options.html#index-Wsign-compare\x07-Wsign-compare\x1b]8;;\x07\x1b[m\x1b[K]\n'}
[4.499255] (cspc_lidar) StderrLine: {'line': b'  181 |                         for(int i=0; \x1b[01;35m\x1b[Ki < scan.points.size()\x1b[m\x1b[K; i++) {\n'}
[4.499325] (cspc_lidar) StderrLine: {'line': b'      |                                      \x1b[01;35m\x1b[K~~^~~~~~~~~~~~~~~~~~~~\x1b[m\x1b[K\n'}
[4.509559] (-) TimerEvent: {}
[4.609882] (-) TimerEvent: {}
[4.710213] (-) TimerEvent: {}
[4.810643] (-) TimerEvent: {}
[4.910991] (-) TimerEvent: {}
[5.011413] (-) TimerEvent: {}
[5.111783] (-) TimerEvent: {}
[5.212213] (-) TimerEvent: {}
[5.312544] (-) TimerEvent: {}
[5.412866] (-) TimerEvent: {}
[5.513168] (-) TimerEvent: {}
[5.613504] (-) TimerEvent: {}
[5.713851] (-) TimerEvent: {}
[5.814192] (-) TimerEvent: {}
[5.914492] (-) TimerEvent: {}
[6.014840] (-) TimerEvent: {}
[6.115129] (-) TimerEvent: {}
[6.215383] (-) TimerEvent: {}
[6.315689] (-) TimerEvent: {}
[6.357568] (cspc_lidar) StderrLine: {'line': b'gmake[2]: *** [CMakeFiles/cspc_lidar.dir/build.make:174: CMakeFiles/cspc_lidar.dir/src/node_lidar_ros.cpp.o] Error 1\n'}
[6.357905] (cspc_lidar) StderrLine: {'line': b'gmake[1]: *** [CMakeFiles/Makefile2:137: CMakeFiles/cspc_lidar.dir/all] Error 2\n'}
[6.358134] (cspc_lidar) StderrLine: {'line': b'gmake: *** [Makefile:146: all] Error 2\n'}
[6.360508] (cspc_lidar) CommandEnded: {'returncode': 2}
[6.370885] (cspc_lidar) JobEnded: {'identifier': 'cspc_lidar', 'rc': 2}
[6.381573] (-) EventReactorShutdown: {}
